date,symbol,name,currency,price,eps,pe_now,pe_mean,pe_median,pe_std,pe_sigma,price_low,price_fair,price_high,group,forward_pe,pb,pcf,peg,dividend_yield,ev_ebitda,wk52_low,wk52_high,wk52_pos,iv,iv_days,iv_expiry,iv_status,iv_rank,ivr_days
2026-09-02,AAPL,Apple Inc.,USD,324.5499,8.71,37.2618,35.0932,35.3955,1.845,1.1754,289.5922,305.662,321.7318,顯著高估,34.0174,44.0938,32.282,2.54,0.33,28.382,225.95,344.57,83.1225,0.2721,30.0,2026-10-02,ok,65.1728,1
2026-09-02,AVGO,Broadcom Inc.,USD,369.89,6.03,61.3416,66.025,65.1219,4.3659,-1.0727,371.8042,398.1307,424.4571,顯著低估,18.8966,20.0684,52.3402,0.42,0.7,42.868,289.96,495.0,38.9826,0.5023,30.0,2026-10-02,ok,50.1891,1
2026-09-02,NVDA,NVIDIA Corporation,USD,227.375,7.91,28.7433,26.6496,26.7155,1.2602,1.6615,200.8304,210.7983,220.7662,顯著高估,14.7634,28.1808,40.8635,0.56,0.46,25.919,164.07,236.54,87.3534,0.3151,30.0,2026-10-02,ok,0.0,1
2026-09-02,RKLB,Rocket Lab Corporation,USD,62.16,-0.28,,,,,,,,,無法判讀,1364.3547,10.6475,,,,-234.202,37.57,151.0,21.6786,0.6724,30.0,2026-10-02,ok,3.7516,1
2026-09-03,000660.KS,SK hynix,KRW,1613000.0,,,,,,,,,,無法判讀,3.4569,,9.021,0.18,0.09,7.524,0.0,2987000.0,54.0007,,,,no_market,,0
2026-09-03,2330.TW,TAIWAN SEMICONDUCTOR MANUFACTUR,TWD,2385.0,85.4,27.9274,27.5332,27.8103,0.9748,0.4044,2268.0887,2351.3333,2434.5779,高估~均值,16.7805,9.615,23.4749,0.73,1.15,18.766,1145.0,2535.0,89.2086,,,,no_market,,0
2026-09-03,AAPL,Apple Inc.,USD,324.96,8.71,37.3088,35.0937,35.3955,1.8456,1.2002,289.5913,305.6666,321.7418,顯著高估,34.0624,44.1522,32.3228,2.56,0.33,28.382,225.95,344.57,83.4682,0.2652,30.0,2026-10-02,ok,60.6234,2
2026-09-03,ADBE,Adobe Inc.,USD,279.79,17.48,16.0063,13.8895,14.0472,1.4142,1.4968,218.0687,242.7884,267.5082,顯著高估,10.1749,9.6924,10.6113,0.7,,11.838,190.12,370.86,49.6127,0.5253,30.0,2026-10-02,ok,74.8188,1
2026-09-03,AMD,"Advanced Micro Devices, Inc.",USD,457.06,3.91,116.8951,123.3071,124.0448,13.9633,-0.4592,427.534,482.1307,536.7273,均值~低估,29.5818,11.0961,74.0217,0.48,,77.543,149.22,584.73,70.6849,0.4937,30.0,2026-10-02,ok,20.4938,1
2026-09-03,AMZN,"Amazon.com, Inc.",USD,254.98,12.44,20.4968,20.526,20.8187,1.1387,-0.0257,241.1788,255.3437,269.5086,均值~低估,24.532,4.9844,17.0399,1.49,,17.04,196.0,287.2,64.6711,0.3006,30.0,2026-10-02,ok,23.132,1
2026-09-03,APP,Applovin Corporation,USD,319.05,13.0,24.5423,34.2806,35.5865,6.5683,-1.4826,360.2601,445.6476,531.035,顯著低估,15.2097,33.8192,21.4535,0.67,,19.351,297.5,745.61,4.8091,0.5327,30.0,2026-10-02,ok,9.1548,1
2026-09-03,ASML,ASML Holding N.V. - New York Re,USD,1682.3,29.47,57.0852,57.675,58.9418,4.6568,-0.1267,1562.4469,1699.6828,1836.9186,均值~低估,28.0087,1420.0164,56.2529,1.49,0.55,2633.866,729.56,1999.96,74.9953,0.4323,30.0,2026-10-02,ok,36.027,1
2026-09-03,AVGO,Broadcom Inc.,USD,367.24,6.03,60.9022,66.0201,65.1219,4.3715,-1.1708,371.7414,398.1012,424.4611,顯著低估,18.7628,19.9262,51.9652,0.42,0.7,42.868,289.96,495.0,37.6902,0.5034,30.0,2026-10-02,ok,50.5819,2
2026-09-03,BE,Bloom Energy Corporation,USD,217.28,0.77,282.1818,327.7452,329.7792,51.6688,-0.8818,212.5788,252.3638,292.1488,均值~低估,44.1614,39.5414,86.7393,0.48,,150.656,50.05,351.28,55.5157,0.8163,30.0,2026-10-02,ok,2.9116,1
2026-09-03,COHR,Coherent Corp.,USD,268.64,4.11,65.3625,82.0984,80.6873,11.4284,-1.4644,290.4536,337.4244,384.3953,顯著低估,19.25,4.823,661.624,0.92,,38.759,87.15,440.0,51.4355,0.6724,30.0,2026-10-02,ok,31.7088,1
2026-09-03,CRM,"Salesforce, Inc.",USD,256.93,10.92,23.5284,16.7225,16.4629,2.1297,3.1957,159.3534,182.6099,205.8664,顯著高估,16.1312,5.5097,13.4256,1.07,0.68,18.869,146.32,269.11,90.0806,0.3953,30.0,2026-10-02,ok,41.9873,1
2026-09-03,CRWD,"CrowdStrike Holdings, Inc.",USD,203.42,0.04,5085.5,4469.825,4608.0,757.0196,0.8133,148.5122,178.793,209.0738,高估~均值,127.4106,40.8228,103.2864,6.88,,2021.896,85.68,233.88,79.4467,0.51,30.0,2026-10-02,ok,47.4999,1
2026-09-03,CRWV,"CoreWeave, Inc.",USD,80.93,-3.55,,,,,,,,,無法判讀,-41.5324,8.8758,5.3735,,,24.074,60.55,153.2,21.9968,0.6953,30.0,2026-10-02,ok,1.892,1
2026-09-03,DELL,Dell Technologies Inc.,USD,492.2,12.54,39.2504,30.4614,32.986,6.9181,1.2704,295.2323,381.9858,468.7392,顯著高估,17.5635,-227.5543,12.8298,0.7,0.55,21.03,110.22,514.0,94.601,0.6074,30.0,2026-10-02,ok,46.8273,1
2026-09-03,GOOG,Alphabet Inc.,USD,333.78,19.92,16.756,18.0127,17.882,0.9822,-1.2794,339.2464,358.8128,378.3791,顯著低估,22.5106,6.5581,9.9357,1.23,0.27,22.852,225.12,404.47,60.5854,0.2868,30.0,2026-10-02,ok,18.3099,1
2026-09-03,IGV,iShares Expanded Tech-Software ,USD,103.42,2.941,35.1644,32.2474,31.6266,2.2389,1.3029,88.2562,94.8408,101.4254,顯著高估,,0.2592,,,0.02,,73.93,117.99,66.9315,0.3276,30.0,2026-10-02,ok,48.429,1
2026-09-03,INTC,Intel Corporation,USD,90.05,-2.09,,,,,,,,,無法判讀,44.1393,5.1875,31.8702,1.36,,28.811,23.72,142.35,55.9133,0.5523,30.0,2026-10-02,ok,22.3812,1
2026-09-03,ISRG,"Intuitive Surgical, Inc.",USD,371.88,8.71,42.6958,46.3318,46.3766,3.7352,-0.9734,371.0161,403.5497,436.0833,均值~低估,30.8082,7.2438,35.9477,1.61,,29.985,328.57,603.88,15.7314,0.3489,30.0,2026-10-02,ok,41.442,1
2026-09-03,LITE,Lumentum Holdings Inc.,USD,870.58,-92.98,,,,,,,,,無法判讀,26.1426,16.6097,103.9274,0.63,,96.013,130.97,1085.68,77.4696,0.698,30.0,2026-10-02,ok,27.1111,1
2026-09-03,META,"Meta Platforms, Inc.",USD,592.85,26.55,22.3296,22.5686,22.4637,1.2465,-0.1918,566.1032,599.197,632.2908,均值~低估,16.9581,5.7828,10.033,0.77,0.36,13.642,520.26,790.8,26.8315,0.3659,30.0,2026-10-02,ok,41.068,1
2026-09-03,MRVL,"Marvell Technology, Inc.",USD,206.48,3.03,68.1452,73.1034,70.6782,14.2391,-0.3482,178.359,221.5033,264.6477,均值~低估,30.7452,9.7696,82.2923,1.12,0.11,65.202,61.44,329.88,54.0307,0.5575,30.0,2026-10-02,ok,19.6423,1
2026-09-03,MSFT,Microsoft Corporation,USD,496.82,17.94,27.6934,23.7929,23.0881,2.4916,1.5655,382.1453,426.8438,471.5422,顯著高估,21.0756,8.3408,20.1665,1.63,0.73,19.421,349.2,553.72,72.1788,0.2667,30.0,2026-10-02,ok,29.4381,1
2026-09-03,MU,"Micron Technology, Inc.",USD,956.08,44.25,21.6063,20.248,21.0828,3.475,0.3909,742.2071,895.976,1049.7449,高估~均值,6.1673,10.7166,20.9945,0.14,0.06,15.165,117.3,1255.0,73.7259,0.5994,30.0,2026-10-02,ok,22.4826,1
2026-09-03,NBIS,Nebius Group N.V.,USD,204.09,-0.08,,,,,,,,,無法判讀,-68.0867,5.4104,8.5551,0.48,,220.341,63.26,299.86,59.5224,0.7881,30.0,2026-10-02,ok,12.6295,1
2026-09-03,NFLX,"Netflix, Inc.",USD,82.73,3.18,26.0157,25.0444,25.0676,2.144,0.453,72.8233,79.6413,86.4594,高估~均值,21.6519,11.4252,28.7768,1.49,,23.36,65.08,126.71,28.6387,0.3408,30.0,2026-10-02,ok,31.4014,1
2026-09-03,NOW,"ServiceNow, Inc.",USD,136.72,1.6,85.45,67.9431,66.05,9.271,1.8883,93.8752,108.7089,123.5426,顯著高估,27.3139,11.2936,26.6295,1.03,,52.305,81.24,194.726,48.8871,0.5104,30.0,2026-10-02,ok,44.6974,1
2026-09-03,NVDA,NVIDIA Corporation,USD,224.41,7.91,28.3704,26.6455,26.7155,1.2538,1.3758,200.848,210.7656,220.6831,顯著高估,14.5681,23.6645,40.3307,0.56,0.46,25.919,164.07,236.54,83.262,0.3347,30.0,2026-10-02,ok,8.3789,2
2026-09-03,ORCL,Oracle Corporation,USD,145.75,5.84,24.9572,28.0348,25.9409,5.3572,-0.5745,132.4367,163.723,195.0093,均值~低估,13.3396,11.1771,13.1291,0.8,1.42,17.974,114.5,345.72,13.5153,0.6628,30.0,2026-10-02,ok,56.9715,1
2026-09-03,PANW,"Palo Alto Networks, Inc.",USD,328.48,1.16,283.1724,260.1696,274.2759,52.3027,0.4398,241.1256,301.7968,362.4679,高估~均值,66.9138,9.6521,63.4838,4.01,,198.262,139.57,398.88,72.851,0.4902,30.0,2026-10-02,ok,45.3337,1
2026-09-03,PLTR,Palantir Technologies Inc.,USD,169.46,1.17,144.8376,121.8347,115.7222,17.2696,1.332,122.3412,142.5466,162.7521,顯著高估,73.2249,41.6568,114.6604,1.73,,158.967,106.37,207.52,62.3727,0.4775,30.0,2026-10-02,ok,20.7411,1
2026-09-03,QQQ,"Invesco QQQ Trust, Series 1",USD,709.24,23.3862,30.3273,30.4072,30.5113,0.8502,-0.0941,691.2268,711.1102,730.9937,均值~低估,,1.9824,,,0.44,,555.6,748.65,79.5856,0.1935,30.0,2026-10-02,ok,30.2595,1
2026-09-03,RKLB,Rocket Lab Corporation,USD,63.1,-0.28,,,,,,,,,無法判讀,1419.892,10.8085,,,,-234.202,37.57,151.0,22.5073,0.5803,30.0,2026-10-02,ok,0.0,2
2026-09-03,SNDK,Sandisk Corporation,USD,1553.4,73.77,21.0573,21.3346,21.1581,3.9762,-0.0697,1280.5251,1573.8525,1867.18,均值~低估,5.8681,14.7087,19.4882,,,17.474,50.65,2354.39,65.2309,0.7104,30.0,2026-10-02,ok,18.7108,1
2026-09-03,SOXX,iShares PHLX SOX Semiconductor ,USD,501.44,12.4661,40.2244,43.5227,42.9778,3.6642,-0.9001,496.8786,542.5569,588.2352,均值~低估,,1.1824,,,0.29,,238.75,655.95,62.965,0.4085,30.0,2026-10-02,ok,37.3981,1
2026-09-03,SPCX,Space Exploration Technologies ,USD,140.71,-1.1,,,,,,,,,無法判讀,87.6802,14.5723,107.6133,,,625.638,104.83,225.64,29.6995,0.4946,30.0,2026-10-02,ok,2.6985,1
2026-09-03,SPOT,Spotify Technology S.A.,USD,559.36,18.45,30.3176,26.2563,26.3374,1.8718,2.1697,449.8929,484.4282,518.9635,顯著高估,31.0393,11.7407,34.4668,1.54,,39.266,405.0,745.0,45.4,0.4316,30.0,2026-10-02,ok,39.2603,1
2026-09-03,SPY,State Street SPDR S&P 500 ETF T,USD,765.16,29.685,25.776,25.2016,25.1609,0.5278,1.0883,732.4428,748.1098,763.7767,顯著高估,,1.7827,,,1.01,,629.28,779.37,90.5323,0.1325,30.0,2026-10-02,ok,14.4672,1
2026-09-03,TRV,"The Travelers Companies, Inc.",USD,366.18,37.19,9.8462,8.9997,8.9002,0.9,0.9405,301.2276,334.6997,368.1718,高估~均值,12.1217,2.3062,6.9269,2.36,1.37,6.961,252.26,398.7,77.793,0.2094,16.0,2026-09-18,ok,24.8457,1
2026-09-03,TSLA,"Tesla, Inc.",USD,357.01,1.07,333.6542,356.3812,365.3365,36.4446,-0.6236,342.3322,381.3279,420.3236,均值~低估,165.3911,16.2314,75.4631,4.26,,128.276,297.38,498.83,29.6004,0.4334,30.0,2026-10-02,ok,20.9953,1
2026-09-03,TSM,Taiwan Semiconductor Manufactur,USD,415.5,13.5,30.7778,31.0564,30.96,1.3258,-0.2102,401.3631,419.2613,437.1595,均值~低估,19.0063,86.6524,0.8179,0.78,1.05,4.663,228.6,479.0,74.6406,0.3284,30.0,2026-10-02,ok,11.1693,1
2026-09-03,UBER,"Uber Technologies, Inc.",USD,76.45,4.56,16.7654,16.1239,16.1864,0.6479,0.9901,70.5703,73.5248,76.4793,高估~均值,17.4112,5.7095,14.9802,6.38,,21.957,65.41,101.99,30.1804,0.4031,30.0,2026-10-02,ok,53.9037,1
2026-09-03,VRT,"Vertiv Holdings, LLC",USD,256.7,4.43,57.9458,68.4914,68.7438,7.3258,-1.4395,270.9639,303.4171,335.8703,顯著低估,28.2125,20.7703,29.4635,0.86,0.1,36.872,118.7,379.935,52.826,0.5396,30.0,2026-10-02,ok,15.7342,1
2026-09-03,XLI,State Street Industrial Select ,USD,172.78,6.0317,28.6455,29.5469,29.6336,0.8118,-1.1104,173.3204,178.2169,183.1133,顯著低估,,1.7562,,,1.15,,147.14,188.19,62.4604,0.2656,30.0,2026-10-02,ok,75.1891,1
2026-09-03,XLV,State Street Health Care Select,USD,172.95,5.6107,30.8248,28.0846,28.3305,1.7081,1.6042,147.9923,157.5758,167.1593,顯著高估,,1.3591,,,1.56,,133.73,176.6,91.4859,0.1877,30.0,2026-10-02,ok,61.2275,1
2026-09-04,000660.KS,SK hynix,KRW,1596000.0,,,,,,,,,,無法判讀,3.4204,,8.9259,0.17,0.09,7.44,0.0,2987000.0,53.4315,,,,no_market,,0
2026-09-04,2330.TW,TAIWAN SEMICONDUCTOR MANUFACTUR,TWD,2390.0,85.56,27.9336,27.5044,27.7583,0.9591,0.4475,2271.2181,2353.2778,2435.3375,高估~均值,16.8157,9.6352,23.5241,0.73,1.17,18.807,1160.0,2535.0,89.4545,,,,no_market,,0
2026-09-04,AAPL,Apple Inc.,USD,328.21,8.71,37.682,35.1711,35.4168,1.8058,1.3905,290.6112,306.3399,322.0686,顯著高估,34.4031,44.5937,32.646,2.56,0.33,28.367,225.95,344.57,86.2081,0.2582,29.0,2026-10-02,ok,56.0337,3
2026-09-04,ADBE,Adobe Inc.,USD,285.75,17.49,16.3379,13.9111,14.0723,1.4367,1.6892,218.1768,243.3044,268.4321,顯著高估,10.3916,9.8988,10.8373,0.7,,11.581,190.12,370.86,52.9103,0.5273,29.0,2026-10-02,ok,75.3473,2
2026-09-04,AMD,"Advanced Micro Devices, Inc.",USD,456.16,3.93,116.0712,123.0232,123.4135,13.3244,-0.5217,431.1161,483.481,535.8459,均值~低估,29.5235,11.0743,73.876,0.48,,77.108,149.22,584.73,70.4783,0.4833,29.0,2026-10-02,ok,18.501,2
2026-09-04,AMZN,"Amazon.com, Inc.",USD,258.9,12.42,20.8454,20.5571,20.8345,1.1398,0.253,241.1623,255.319,269.4757,高估~均值,24.8935,5.061,17.3019,1.49,,17.044,196.0,287.2,68.9693,0.303,29.0,2026-10-02,ok,24.0451,2
2026-09-04,APP,Applovin Corporation,USD,313.58,13.02,24.0845,34.1027,35.5207,6.6435,-1.508,357.5195,444.0174,530.5154,顯著低估,14.9489,33.2393,21.1749,0.67,,19.803,297.5,745.61,3.5884,0.55,29.0,2026-10-02,ok,12.1771,2
2026-09-04,ASML,ASML Holding N.V. - New York Re,USD,1646.19,29.44,55.9168,57.8145,59.0019,4.5645,-0.4157,1567.6789,1702.0578,1836.4366,均值~低估,27.4075,1388.4692,55.0454,1.49,0.54,2661.014,735.43,1999.96,72.0236,0.4153,29.0,2026-10-02,ok,31.6027,2
2026-09-04,AVGO,Broadcom Inc.,USD,357.16,7.82,45.6726,50.8214,50.1854,3.4042,-1.5125,370.8021,397.423,424.0439,顯著低估,18.4813,20.8293,50.5389,0.42,0.7,42.592,289.96,495.0,32.7741,0.3807,29.0,2026-10-02,ok,7.8789,3
2026-09-04,BE,Bloom Energy Corporation,USD,235.55,0.76,309.9342,332.0703,334.1184,52.3431,-0.4229,212.5927,252.3734,292.1542,均值~低估,47.8748,42.8662,94.0328,0.48,,153.225,52.0,351.28,61.3305,0.839,29.0,2026-10-02,ok,5.0729,2
2026-09-04,COHR,Coherent Corp.,USD,264.41,4.11,64.3333,81.944,80.6873,11.5742,-1.5215,289.2197,336.7898,384.3598,顯著低估,18.9469,4.747,651.2061,0.92,,38.292,90.0,440.0,49.8314,0.6763,29.0,2026-10-02,ok,32.2597,2
2026-09-04,CRM,"Salesforce, Inc.",USD,264.43,10.92,24.2152,16.8082,16.4629,2.2712,3.2612,158.7442,183.546,208.3478,顯著高估,16.5166,5.6706,13.8175,1.07,0.69,18.794,146.32,269.11,96.1886,0.3861,29.0,2026-10-02,ok,39.486,2
2026-09-04,CRWD,"CrowdStrike Holdings, Inc.",USD,214.97,0.04,5374.25,4497.9687,4632.5001,742.7451,1.1798,150.2089,179.9187,209.6286,顯著高估,134.2681,43.1407,109.1509,6.88,,1910.266,85.68,233.88,87.2402,0.5033,29.0,2026-10-02,ok,45.8991,2
2026-09-04,CRWV,"CoreWeave, Inc.",USD,84.56,-3.55,,,,,,,,,無法判讀,-43.3953,9.274,5.6146,,,23.94,60.55,153.2,25.9147,0.6836,29.0,2026-10-02,ok,0.0,2
2026-09-04,DELL,Dell Technologies Inc.,USD,516.39,17.18,30.0576,22.4286,24.211,5.0099,1.5228,299.2529,385.3238,471.3946,顯著高估,18.0514,-238.7378,13.8126,0.7,0.51,19.447,110.22,530.78,96.5784,0.6035,29.0,2026-10-02,ok,46.1809,2
2026-09-04,GOOG,Alphabet Inc.,USD,339.08,19.93,17.0135,17.9984,17.8731,0.9858,-0.999,339.0606,358.7079,378.3552,均值~低估,22.8681,6.6622,10.0934,1.23,0.26,22.975,226.76,404.47,63.2041,0.286,29.0,2026-10-02,ok,17.8681,2
2026-09-04,IGV,iShares Expanded Tech-Software ,USD,106.95,2.941,36.3647,32.3287,31.6827,2.2542,1.7905,88.4503,95.0799,101.7095,顯著高估,,0.2681,,,0.02,,73.93,117.99,74.9433,0.3413,29.0,2026-10-02,ok,53.3031,2
2026-09-04,INTC,Intel Corporation,USD,91.67,-2.09,,,,,,,,,無法判讀,44.9334,5.2808,32.4436,1.36,,29.134,23.75,142.35,57.2681,0.5708,29.0,2026-10-02,ok,25.3129,2
2026-09-04,ISRG,"Intuitive Surgical, Inc.",USD,369.83,8.7,42.5092,46.2558,46.3293,3.6689,-1.0212,370.5065,402.4257,434.3448,顯著低估,30.6383,7.2038,35.7495,1.61,,30.207,328.57,603.88,14.9867,0.3543,29.0,2026-10-02,ok,43.5345,2
2026-09-04,LITE,Lumentum Holdings Inc.,USD,847.37,-92.98,,,,,,,,,無法判讀,25.4456,16.1669,101.1566,0.63,,96.196,133.91,1085.68,74.9614,0.6722,29.0,2026-10-02,ok,0.0,2
2026-09-04,META,"Meta Platforms, Inc.",USD,610.68,26.56,22.9925,22.5317,22.4552,1.2055,0.3822,566.4229,598.4421,630.4613,高估~均值,17.4681,5.9567,10.3347,0.77,0.35,13.974,520.26,790.8,33.422,0.3598,29.0,2026-10-02,ok,39.1427,2
2026-09-04,MRVL,"Marvell Technology, Inc.",USD,208.83,3.01,69.3787,73.776,71.1478,14.1651,-0.3104,179.4289,222.0658,264.7027,均值~低估,31.0951,10.038,83.2289,1.12,0.12,63.999,61.44,329.88,54.9061,0.5632,29.0,2026-10-02,ok,20.4501,2
2026-09-04,MSFT,Microsoft Corporation,USD,510.12,17.94,28.4348,23.8457,23.0881,2.5391,1.8074,382.2403,427.7916,473.3428,顯著高估,21.6398,8.5641,20.7064,1.63,0.73,19.261,349.2,553.72,78.6818,0.2553,29.0,2026-10-02,ok,25.4792,2
2026-09-04,MU,"Micron Technology, Inc.",USD,958.16,44.27,21.6436,20.3477,21.0799,3.3592,0.3858,752.0832,900.7938,1049.5044,高估~均值,6.1807,10.7399,21.0402,0.14,0.06,15.54,118.52,1255.0,73.8808,0.6202,29.0,2026-10-02,ok,25.8367,2
2026-09-04,NBIS,Nebius Group N.V.,USD,210.63,-0.06,,,,,,,,,無法判讀,-70.2686,5.5837,9.5501,0.48,,225.175,63.26,299.86,62.2866,0.7804,29.0,2026-10-02,ok,11.9121,2
2026-09-04,NFLX,"Netflix, Inc.",USD,82.67,3.18,25.9969,25.014,25.0676,2.1103,0.4657,72.834,79.5447,86.2554,高估~均值,21.6362,11.4169,28.756,1.49,,23.902,65.08,126.71,28.5413,0.318,29.0,2026-10-02,ok,23.5355,2
2026-09-04,NOW,"ServiceNow, Inc.",USD,145.59,1.6,90.9937,68.326,66.2063,9.5032,2.3853,94.1164,109.3216,124.5267,顯著高估,29.0859,12.0263,28.3572,1.03,,50.1,81.24,194.726,56.703,0.5286,29.0,2026-10-02,ok,48.3206,2
2026-09-04,NVDA,NVIDIA Corporation,USD,228.45,7.9,28.9177,26.6958,26.7494,1.2751,1.7425,200.8239,210.8971,220.9704,顯著高估,14.8531,24.0905,41.0567,0.56,0.45,26.754,164.07,236.54,88.8368,0.3378,29.0,2026-10-02,ok,9.682,3
2026-09-04,ORCL,Oracle Corporation,USD,154.04,5.83,26.422,28.0468,25.9854,5.3666,-0.3028,132.2257,163.5128,194.7999,均值~低估,14.0983,11.8129,13.8758,0.8,1.37,18.393,114.5,345.72,17.1006,0.6672,29.0,2026-10-02,ok,57.9505,2
2026-09-04,PANW,"Palo Alto Networks, Inc.",USD,331.94,1.15,288.6435,263.872,278.0826,51.6612,0.4795,244.0424,303.4528,362.8631,高估~均值,67.8446,9.7538,59.4182,4.01,,143.9,139.57,398.88,74.1853,0.4948,29.0,2026-10-02,ok,46.1714,2
2026-09-04,PLTR,Palantir Technologies Inc.,USD,182.53,1.17,156.0085,122.2092,115.7222,17.6414,1.9159,122.3443,142.9847,163.6251,顯著高估,78.8725,44.8697,123.5039,1.73,,149.527,106.37,207.52,75.2941,0.4883,29.0,2026-10-02,ok,23.895,2
2026-09-04,QQQ,"Invesco QQQ Trust, Series 1",USD,717.67,23.3862,30.6877,30.4326,30.5342,0.8234,0.3098,692.4482,711.704,730.9598,高估~均值,,2.0059,,,0.44,,555.6,748.65,83.9523,0.177,29.0,2026-10-02,ok,19.2863,2
2026-09-04,RKLB,Rocket Lab Corporation,USD,63.81,-0.27,,,,,,,,,無法判讀,1435.8685,10.9301,,,,-236.428,37.57,151.0,23.1332,0.657,29.0,2026-10-02,ok,13.3112,3
2026-09-04,SNDK,Sandisk Corporation,USD,1554.99,73.79,21.0732,21.4018,21.1523,3.9082,-0.0841,1290.8549,1579.2391,1867.6234,均值~低估,5.8741,14.7238,19.5082,,,17.666,55.55,2354.39,65.2259,0.6814,29.0,2026-10-02,ok,0.0,2
2026-09-04,SOXX,iShares PHLX SOX Semiconductor ,USD,502.2,12.4661,40.2853,43.5644,42.9778,3.6046,-0.9097,498.1412,543.0768,588.0123,均值~低估,,1.1842,,,0.29,,238.75,655.95,63.1472,0.3926,29.0,2026-10-02,ok,33.7923,2
2026-09-04,SPCX,Space Exploration Technologies ,USD,149.74,-1.1,,,,,,,,,無法判讀,93.307,15.5075,116.4084,,,618.843,104.83,225.64,37.1741,0.5023,29.0,2026-10-02,ok,3.8367,2
2026-09-04,SPOT,Spotify Technology S.A.,USD,560.11,18.46,30.3418,26.2807,26.3231,1.9191,2.1161,449.7156,485.1426,520.5695,顯著高估,31.1485,11.7564,34.507,1.54,,40.431,405.0,745.0,45.6206,0.3865,29.0,2026-10-02,ok,24.3839,2
2026-09-04,SPY,State Street SPDR S&P 500 ETF T,USD,773.17,29.685,26.0458,25.2233,25.1716,0.5218,1.5764,733.2656,748.7542,764.2429,顯著高估,,1.8013,,,1.01,,629.28,779.37,95.8691,0.1162,29.0,2026-10-02,ok,4.1503,2
2026-09-04,TRV,"The Travelers Companies, Inc.",USD,374.34,37.2,10.0629,9.0184,8.9583,0.9023,1.1576,301.9186,335.4841,369.0497,顯著高估,12.3918,2.3576,7.0813,2.36,1.37,7.002,252.26,398.7,83.3652,0.278,43.0,2026-10-16,ok,73.7429,2
2026-09-04,TSLA,"Tesla, Inc.",USD,376.365,1.07,351.743,356.3573,365.3365,36.4469,-0.1266,342.3041,381.3023,420.3005,均值~低估,174.3577,17.1114,79.5543,4.26,,128.614,297.38,498.83,39.2082,0.4485,29.0,2026-10-02,ok,26.5849,2
2026-09-04,TSM,Taiwan Semiconductor Manufactur,USD,417.01,13.46,30.9814,31.1586,31.052,1.325,-0.1337,401.5598,419.395,437.2302,均值~低估,19.0754,85.8388,0.8209,0.78,0.98,4.683,230.3,479.0,75.0744,0.3137,29.0,2026-10-02,ok,5.6186,2
2026-09-04,UBER,"Uber Technologies, Inc.",USD,75.96,4.56,16.6579,16.1231,16.1864,0.6472,0.8263,70.5699,73.5213,76.4728,高估~均值,17.3381,5.6729,14.8842,6.38,,22.287,65.41,101.99,28.8409,0.3821,29.0,2026-10-02,ok,45.0259,2
2026-09-04,VRT,"Vertiv Holdings, LLC",USD,268.83,4.42,60.8213,68.5117,68.8394,7.3737,-1.0429,270.2296,302.8216,335.4135,顯著低估,29.5457,21.7518,30.8558,0.86,0.1,36.977,118.7,379.935,57.4693,0.5271,29.0,2026-10-02,ok,12.3525,2
2026-09-04,XLI,State Street Industrial Select ,USD,174.56,6.0317,28.9406,29.5507,29.6336,0.8081,-0.7549,173.3653,178.2397,183.114,均值~低估,,1.7743,,,1.15,,147.14,188.19,66.7966,0.3132,29.0,2026-10-02,ok,98.7034,2
2026-09-04,XLV,State Street Health Care Select,USD,173.26,5.6107,30.88,28.1437,28.3991,1.7119,1.5984,148.3018,157.9069,167.512,顯著高估,,1.3615,,,1.56,,133.73,176.6,92.209,0.2636,29.0,2026-10-02,ok,100.0,2
2026-09-05,000660.KS,SK hynix,KRW,1647000.0,,,,,,,,,,無法判讀,3.5297,,18.5415,0.17,0.09,1.031,272000.0,2987000.0,50.6446,,,,no_market,,0
2026-09-05,2330.TW,TAIWAN SEMICONDUCTOR MANUFACTUR,TWD,2410.0,85.56,28.1674,27.5343,27.7875,0.9369,0.6757,2275.6711,2355.8333,2435.9956,高估~均值,16.9564,9.7158,23.7209,0.71,1.17,18.971,1170.0,2535.0,90.8425,,,,no_market,,0
2026-09-05,AAPL,Apple Inc.,USD,319.97,8.73,36.6518,35.1532,35.3637,1.7557,0.8536,291.5604,306.8872,322.2141,高估~均值,33.5394,43.4742,31.8264,2.56,0.33,28.649,225.95,344.57,79.2615,0.2589,28.0,2026-10-02,ok,56.4766,4
2026-09-05,ADBE,Adobe Inc.,USD,266.51,17.49,15.2379,13.9259,14.1152,1.4435,0.9089,218.3171,243.5634,268.8098,高估~均值,9.6919,9.2323,10.1076,0.7,,11.824,190.12,370.86,42.2651,0.5429,28.0,2026-10-02,ok,79.4152,3
2026-09-05,AMD,"Advanced Micro Devices, Inc.",USD,477.57,3.92,121.8291,123.7745,123.7283,12.6292,-0.154,435.6897,485.1961,534.7025,均值~低估,30.9092,11.594,77.3434,0.48,,76.954,149.22,584.73,75.3944,0.4981,28.0,2026-10-02,ok,3.4805,3
2026-09-05,AMZN,"Amazon.com, Inc.",USD,258.51,12.43,20.7973,20.5395,20.8021,1.1386,0.2264,241.1527,255.3058,269.4589,高估~均值,24.856,5.0534,17.2758,1.49,,17.294,196.0,287.2,68.5417,0.3045,28.0,2026-10-02,ok,24.6304,3
2026-09-05,APP,Applovin Corporation,USD,320.56,13.01,24.6395,34.0192,35.548,6.7232,-1.3951,355.1211,442.59,530.0589,顯著低估,15.2817,33.9792,21.6463,0.68,,19.465,297.5,745.61,5.1461,0.5383,28.0,2026-10-02,ok,10.1266,3
2026-09-05,ASML,ASML Holding N.V. - New York Re,USD,1714.88,29.47,58.1907,57.8801,58.9418,4.413,0.0704,1575.677,1705.728,1835.779,高估~均值,28.6268,1447.3046,57.3423,1.49,0.55,2603.887,766.24,1999.96,76.8926,0.4252,28.0,2026-10-02,ok,34.1781,3
2026-09-05,AVGO,Broadcom Inc.,USD,357.895,7.86,45.5337,50.5034,49.9148,3.4279,-1.4498,370.0137,396.9571,423.9004,顯著低估,18.4748,17.1102,41.8841,0.42,0.73,33.379,289.96,495.0,33.1326,0.3675,28.0,2026-10-02,ok,3.304,4
2026-09-05,BE,Bloom Energy Corporation,USD,252.87,0.78,324.1923,323.9332,325.5513,50.877,0.0051,212.9838,252.6679,292.352,高估~均值,51.395,46.0182,100.9471,0.53,,166.084,52.0,351.28,67.1177,0.8742,28.0,2026-10-02,ok,8.4253,3
2026-09-05,COHR,Coherent Corp.,USD,281.86,4.12,68.4126,81.6855,80.4915,11.6015,-1.1441,288.7461,336.5441,384.3421,顯著低估,20.1973,5.0603,694.1831,0.92,,37.71,94.55,440.0,54.222,0.7009,28.0,2026-10-02,ok,5.985,3
2026-09-05,CRM,"Salesforce, Inc.",USD,259.23,10.92,23.739,16.8875,16.4629,2.3857,2.8719,158.3602,184.4117,210.4631,顯著高估,16.1935,5.5591,13.5458,1.07,0.67,19.273,146.32,269.11,91.9537,0.3917,28.0,2026-10-02,ok,41.0164,3
2026-09-05,CRWD,"CrowdStrike Holdings, Inc.",USD,213.1,0.04,5327.5002,4525.5667,4638.8437,726.5555,1.1037,151.9604,181.0227,210.0849,顯著高估,132.8885,42.7654,108.2014,6.88,,2020.938,85.68,233.88,85.9784,0.5042,28.0,2026-10-02,ok,46.1028,3
2026-09-05,CRWV,"CoreWeave, Inc.",USD,89.36,-3.55,,,,,,,,,無法判讀,-45.8586,9.8004,5.9333,,,24.469,60.55,153.2,31.0955,0.7385,28.0,2026-10-02,ok,9.9543,3
2026-09-05,DELL,Dell Technologies Inc.,USD,524.14,17.2,30.4733,22.6081,24.302,4.9506,1.5887,303.7098,388.8594,474.0091,顯著高估,18.3223,-236.953,14.0199,0.85,0.49,20.339,110.22,534.96,97.4526,0.6136,28.0,2026-10-02,ok,3.0641,3
2026-09-05,GOOG,Alphabet Inc.,USD,335.31,19.94,16.8159,17.9826,17.8641,0.9913,-1.1768,338.8054,358.5724,378.3395,顯著低估,22.5734,6.5881,9.9812,1.25,0.26,23.349,232.38,404.47,59.8117,0.2984,28.0,2026-10-02,ok,24.306,3
2026-09-05,IGV,iShares Expanded Tech-Software ,USD,104.57,3.2158,32.5174,29.634,29.0175,2.0574,1.4015,88.6811,95.2973,101.9136,顯著高估,,0.2621,,,0.02,,73.93,117.99,69.5415,0.346,28.0,2026-10-02,ok,54.9568,3
2026-09-05,INTC,Intel Corporation,USD,95.8,-2.09,,,,,,,,,無法判讀,46.9109,5.5188,33.9053,1.36,,29.62,24.05,142.35,60.6509,0.6034,28.0,2026-10-02,ok,30.4626,3
2026-09-05,ISRG,"Intuitive Surgical, Inc.",USD,366.7,8.73,42.0046,45.9697,46.1243,3.5961,-1.1026,369.9211,401.3152,432.7094,顯著低估,30.379,7.1429,35.4469,1.61,,30.034,328.57,603.88,13.8498,0.4314,28.0,2026-10-02,ok,73.2171,3
2026-09-05,LITE,Lumentum Holdings Inc.,USD,881.255,-92.96,,,,,,,,,無法判讀,26.4632,16.8134,105.2017,0.63,,93.595,144.2,1085.68,78.2868,0.6778,28.0,2026-10-02,ok,1.1028,3
2026-09-05,META,"Meta Platforms, Inc.",USD,616.77,26.56,23.2218,22.5089,22.4552,1.172,0.6083,566.7082,597.8358,628.9633,高估~均值,17.6423,6.0161,10.4378,0.77,0.34,14.388,520.26,790.8,35.6731,0.3648,28.0,2026-10-02,ok,40.704,3
2026-09-05,MRVL,"Marvell Technology, Inc.",USD,223.55,3.03,73.7789,73.5469,71.3894,13.8617,0.0167,180.8462,222.8471,264.848,高估~均值,33.2622,10.7455,89.0956,1.11,0.11,64.722,62.47,329.88,60.2371,0.594,28.0,2026-10-02,ok,24.7815,3
2026-09-05,MSFT,Microsoft Corporation,USD,499.7,17.96,27.8229,23.8627,23.0624,2.5711,1.5403,382.3967,428.5743,474.752,顯著高估,21.1977,8.3892,20.2834,1.66,0.71,19.769,349.2,553.72,73.5869,0.2544,28.0,2026-10-02,ok,0.0,3
2026-09-05,MU,"Micron Technology, Inc.",USD,1016.59,44.27,22.9634,20.4763,21.1072,3.2315,0.7696,763.4256,906.486,1049.5464,高估~均值,6.5576,11.3948,22.3233,0.14,0.06,15.574,125.66,1255.0,78.8894,0.6595,28.0,2026-10-02,ok,32.1946,3
2026-09-05,NBIS,Nebius Group N.V.,USD,226.39,-0.06,,,,,,,,,無法判讀,-75.5263,6.0015,10.2646,0.5,,232.123,63.26,299.86,68.9476,0.8014,28.0,2026-10-02,ok,13.8707,3
2026-09-05,NFLX,"Netflix, Inc.",USD,78.25,3.18,24.6069,24.9651,24.8915,2.0671,-0.1733,72.8156,79.3889,85.9622,均值~低估,20.4794,10.8065,27.2185,1.49,,23.885,65.08,126.71,21.3695,0.3442,28.0,2026-10-02,ok,32.5792,3
2026-09-05,NOW,"ServiceNow, Inc.",USD,141.26,1.6,88.2875,68.6785,66.3687,9.6491,2.0322,94.4471,109.8857,125.3243,顯著高估,28.2209,11.6686,27.5138,1.03,,53.265,81.24,194.726,52.8876,0.5104,28.0,2026-10-02,ok,44.6974,3
2026-09-05,NVDA,NVIDIA Corporation,USD,230.36,7.9,29.1595,26.72,26.7494,1.301,1.8751,200.8104,211.0881,221.3658,顯著高估,14.9022,24.2919,41.4,0.58,0.44,27.238,164.07,236.54,91.4723,0.3427,28.0,2026-10-02,ok,11.7929,4
2026-09-05,ORCL,Oracle Corporation,USD,158.78,5.82,27.2818,28.0813,26.0301,5.3763,-0.1487,132.1431,163.433,194.7229,均值~低估,14.4771,12.1764,14.3028,0.87,1.3,19.176,114.5,345.72,19.1506,0.6915,28.0,2026-10-02,ok,63.3619,3
2026-09-05,PANW,"Palo Alto Networks, Inc.",USD,333.26,1.16,287.2931,263.0557,277.75,50.031,0.4844,247.1087,305.1447,363.1806,高估~均值,68.0908,9.7925,59.6545,4.01,,145.419,139.57,398.88,74.6944,0.4902,28.0,2026-10-02,ok,45.3337,3
2026-09-05,PLTR,Palantir Technologies Inc.,USD,174.33,1.17,149.0,122.524,115.7222,17.8649,1.482,122.4511,143.3531,164.255,顯著高估,75.3293,42.854,117.9556,1.76,,161.323,106.37,207.52,67.1873,0.4627,28.0,2026-10-02,ok,16.3687,3
2026-09-05,QQQ,"Invesco QQQ Trust, Series 1",USD,718.96,24.5347,29.3038,29.0359,29.1253,0.7493,0.3576,694.0028,712.3863,730.7699,高估~均值,,2.0095,,,0.42,,555.6,748.65,84.6206,0.1725,28.0,2026-10-02,ok,16.2936,3
2026-09-05,RKLB,Rocket Lab Corporation,USD,64.26,-0.27,,,,,,,,,無法判讀,1445.9946,11.0072,,,,-239.251,37.57,151.0,23.5299,0.6553,28.0,2026-10-02,ok,13.0146,4
2026-09-05,SNDK,Sandisk Corporation,USD,1740.0,73.71,23.606,21.5362,21.2253,3.8288,0.5406,1305.2144,1587.4352,1869.656,高估~均值,6.5729,16.4756,21.8292,,,17.684,63.74,2354.39,73.1784,0.7432,28.0,2026-10-02,ok,6.2947,3
2026-09-05,SOXX,iShares PHLX SOX Semiconductor ,USD,519.86,13.6039,38.2141,39.987,39.3832,3.2059,-0.553,500.3659,543.9784,587.5909,均值~低估,,1.2258,,,0.29,,244.13,655.95,66.954,0.4222,28.0,2026-10-02,ok,40.5236,3
2026-09-05,SPCX,Space Exploration Technologies ,USD,147.95,-1.09,,,,,,,,,無法判讀,92.1916,15.3221,115.0168,,,659.213,104.83,225.64,35.6924,0.4977,28.0,2026-10-02,ok,3.1502,3
2026-09-05,SPOT,Spotify Technology S.A.,USD,542.43,18.43,29.4319,26.3888,26.3692,1.927,1.5792,450.83,486.3451,521.8602,顯著高估,30.184,11.3853,33.4178,1.58,,40.489,405.0,745.0,40.4206,0.4162,28.0,2026-10-02,ok,34.1707,3
2026-09-05,SPY,State Street SPDR S&P 500 ETF T,USD,770.19,30.9505,24.8846,24.213,24.1534,0.4891,1.373,734.2649,749.4042,764.5435,顯著高估,,1.7944,,,1.01,,629.28,779.37,93.8837,0.1125,28.0,2026-10-02,ok,1.8287,3
2026-09-05,TRV,"The Travelers Companies, Inc.",USD,369.35,37.21,9.9261,9.0337,9.0224,0.9041,0.987,302.501,336.1433,369.7857,高估~均值,12.2266,2.3262,6.9869,2.36,1.34,7.15,252.26,398.7,79.9577,0.2553,42.0,2026-10-16,ok,57.6034,3
2026-09-05,TSLA,"Tesla, Inc.",USD,354.08,1.09,324.844,349.595,358.633,35.8716,-0.69,341.9585,381.0586,420.1586,均值~低估,164.0338,16.0982,74.8438,4.5,,135.722,297.38,498.83,28.1459,0.4042,28.0,2026-10-02,ok,10.2218,3
2026-09-05,TSM,Taiwan Semiconductor Manufactur,USD,428.91,13.47,31.8419,31.1657,31.0561,1.3086,0.5167,402.1741,419.8013,437.4286,高估~均值,19.6197,88.2883,0.8443,0.79,0.98,4.702,237.9,479.0,79.2244,0.3156,28.0,2026-10-02,ok,0.7706,3
2026-09-05,UBER,"Uber Technologies, Inc.",USD,75.76,4.56,16.614,16.1271,16.1864,0.6492,0.7501,70.5794,73.5397,76.4999,高估~均值,17.2924,5.658,14.845,6.44,,22.154,65.41,101.99,28.2941,0.3833,28.0,2026-10-02,ok,45.542,3
2026-09-05,VRT,"Vertiv Holdings, LLC",USD,280.53,4.41,63.6122,68.6053,68.9331,7.4094,-0.6739,269.8739,302.5493,335.2248,均值~低估,30.7519,22.6984,32.1987,0.86,0.09,38.72,118.7,379.935,61.9481,0.5234,28.0,2026-10-02,ok,11.3628,3
2026-09-05,XLI,State Street Industrial Select ,USD,175.27,6.1593,28.4561,28.9459,29.0194,0.7831,-0.6256,173.4641,178.2873,183.1106,均值~低估,,1.7815,,,1.18,,147.14,188.19,68.5262,0.2355,28.0,2026-10-02,ok,60.2776,3
2026-09-05,XLV,State Street Health Care Select,USD,171.45,5.5971,30.6318,28.267,28.4941,1.7137,1.38,148.622,158.2137,167.8053,顯著高估,,,,,1.49,,133.73,176.6,87.9869,0.2738,28.0,2026-10-02,ok,100.0,3
2026-09-06,000660.KS,SK hynix,KRW,1647000.0,,,,,,,,,,無法判讀,3.503,,18.5415,0.18,0.09,1.031,274000.0,2987000.0,50.6082,,,,no_market,,0
2026-09-06,2330.TW,TAIWAN SEMICONDUCTOR MANUFACTUR,TWD,2410.0,85.55,28.1707,27.5375,27.7908,0.937,0.6757,2275.6711,2355.8333,2435.9956,高估~均值,16.9564,9.7158,23.7209,0.71,1.16,18.971,1180.0,2535.0,90.7749,,,,no_market,,0
2026-09-06,AAPL,Apple Inc.,USD,319.97,8.74,36.6098,35.113,35.3232,1.7536,0.8536,291.5604,306.8872,322.2141,高估~均值,33.4195,43.4742,31.8264,2.58,0.34,27.933,225.95,344.57,79.2615,0.2635,27.0,2026-10-02,ok,59.4961,5
2026-09-06,ADBE,Adobe Inc.,USD,266.51,17.48,15.2466,13.9338,14.1233,1.4443,0.9089,218.3171,243.5634,268.8098,高估~均值,9.6919,9.2323,10.1076,0.7,,11.038,190.12,370.86,42.2651,0.5525,27.0,2026-10-02,ok,81.9456,4
2026-09-06,AMD,"Advanced Micro Devices, Inc.",USD,477.57,4.11,116.1971,118.0526,118.0085,12.0453,-0.154,435.6897,485.1961,534.7025,均值~低估,30.9092,11.594,77.3434,0.48,,80.609,149.22,584.73,75.3944,0.5069,27.0,2026-10-02,ok,5.5456,4
2026-09-06,AMZN,"Amazon.com, Inc.",USD,258.51,12.43,20.7973,20.5395,20.8021,1.1386,0.2264,241.1527,255.3058,269.4589,高估~均值,24.856,5.0534,17.2758,1.52,,17.269,196.0,287.2,68.5417,0.3099,27.0,2026-10-02,ok,26.6906,4
2026-09-06,APP,Applovin Corporation,USD,320.56,13.01,24.6395,34.0192,35.548,6.7232,-1.3951,355.1211,442.59,530.0589,顯著低估,15.2817,33.9792,21.6463,0.68,,19.896,297.5,745.61,5.1461,0.5478,27.0,2026-10-02,ok,11.7927,4
2026-09-06,ASML,ASML Holding N.V. - New York Re,USD,1714.88,30.7,55.8593,55.5612,56.5803,4.2362,0.0704,1575.677,1705.728,1835.779,高估~均值,28.5207,1447.3046,57.3423,1.47,0.55,2712.556,786.75,1999.96,76.502,0.4327,27.0,2026-10-02,ok,36.13,4
2026-09-06,AVGO,Broadcom Inc.,USD,357.895,7.84,45.6505,50.6323,50.0421,3.4366,-1.4496,370.0139,396.9571,423.9003,顯著低估,18.4748,17.1102,41.8841,0.4,0.73,33.447,289.96,495.0,33.1326,0.374,27.0,2026-10-02,ok,5.5755,5
2026-09-06,BE,Bloom Energy Corporation,USD,252.87,0.76,332.7237,332.4577,334.1184,52.2159,0.0051,212.9838,252.6679,292.352,高估~均值,51.395,46.0182,100.9471,0.53,,178.274,52.0,351.28,67.1177,0.8896,27.0,2026-10-02,ok,9.8952,4
2026-09-06,COHR,Coherent Corp.,USD,281.86,4.12,68.4126,81.6855,80.4915,11.6015,-1.1441,288.7461,336.5441,384.3421,顯著低估,20.1973,5.0603,694.1831,0.92,,40.111,95.5,440.0,54.0958,0.7133,27.0,2026-10-02,ok,8.5842,4
2026-09-06,CRM,"Salesforce, Inc.",USD,259.23,10.91,23.7608,16.903,16.478,2.3879,2.8719,158.3602,184.4117,210.4631,顯著高估,16.1935,5.5591,13.5458,1.1,0.67,18.941,146.32,269.11,91.9537,0.3986,27.0,2026-10-02,ok,42.8759,4
2026-09-06,CRWD,"CrowdStrike Holdings, Inc.",USD,213.1,0.04,5327.5002,4525.5667,4638.8437,726.5555,1.1037,151.9604,181.0227,210.0849,顯著高估,132.8885,42.7654,108.2014,6.88,,2003.019,85.68,233.88,85.9784,0.5131,27.0,2026-10-02,ok,48.2421,4
2026-09-06,CRWV,"CoreWeave, Inc.",USD,89.36,-3.55,,,,,,,,,無法判讀,-45.8586,9.8004,5.9333,,,25.167,60.55,153.2,31.0955,0.7517,27.0,2026-10-02,ok,12.3435,4
2026-09-06,DELL,Dell Technologies Inc.,USD,524.14,17.19,30.491,22.6213,24.3162,4.9534,1.5887,303.7098,388.8594,474.0091,顯著高估,18.3223,-236.953,14.0199,0.85,0.48,20.624,110.22,534.99,97.4457,0.6245,27.0,2026-10-02,ok,6.3533,4
2026-09-06,GOOG,Alphabet Inc.,USD,335.31,19.72,17.0035,18.1832,18.0634,1.0024,-1.1768,338.8054,358.5724,378.3395,顯著低估,22.5734,6.5881,9.9812,1.25,0.26,23.083,233.38,404.47,59.5768,0.3037,27.0,2026-10-02,ok,27.0359,4
2026-09-06,IGV,iShares Expanded Tech-Software ,USD,104.57,3.2158,32.5174,29.634,29.0175,2.0574,1.4015,88.6811,95.2973,101.9136,顯著高估,,0.2621,,,0.02,,73.93,117.99,69.5415,0.3521,27.0,2026-10-02,ok,57.1327,4
2026-09-06,INTC,Intel Corporation,USD,95.8,-2.09,,,,,,,,,無法判讀,46.9109,5.5188,33.9053,1.36,,30.857,24.05,142.35,60.6509,0.614,27.0,2026-10-02,ok,32.1405,4
2026-09-06,ISRG,"Intuitive Surgical, Inc.",USD,366.7,8.65,42.3931,46.3948,46.5509,3.6294,-1.1026,369.9211,401.3152,432.7094,顯著低估,30.379,7.1429,35.4469,1.61,,29.769,328.57,603.88,13.8498,0.439,27.0,2026-10-02,ok,76.156,4
2026-09-06,LITE,Lumentum Holdings Inc.,USD,881.255,-92.97,,,,,,,,,無法判讀,26.4632,16.8134,105.2017,0.63,,97.391,144.52,1085.68,78.2795,0.6898,27.0,2026-10-02,ok,3.4746,4
2026-09-06,META,"Meta Platforms, Inc.",USD,616.77,26.83,22.9881,22.2824,22.2292,1.1602,0.6083,566.7082,597.8358,628.9633,高估~均值,17.6423,6.0161,10.4378,0.81,0.34,14.53,520.26,790.8,35.6731,0.3713,27.0,2026-10-02,ok,42.7347,4
2026-09-06,MRVL,"Marvell Technology, Inc.",USD,223.55,3.02,74.0232,73.7904,71.6258,13.9076,0.0167,180.8462,222.8471,264.848,高估~均值,33.2622,10.7455,89.0956,1.11,0.11,69.25,63.07,329.88,60.1477,0.6045,27.0,2026-10-02,ok,26.2597,4
2026-09-06,MSFT,Microsoft Corporation,USD,499.7,17.59,28.4082,24.3647,23.5475,2.6252,1.5403,382.3967,428.5743,474.752,顯著高估,21.1977,8.3892,20.2834,1.66,0.71,19.371,349.2,553.72,73.5869,0.2589,27.0,2026-10-02,ok,2.0948,4
2026-09-06,MU,"Micron Technology, Inc.",USD,1016.59,44.22,22.9894,20.4995,21.131,3.2352,0.7696,763.4256,906.486,1049.5464,高估~均值,6.5576,11.3948,22.3233,0.14,0.06,16.541,128.4,1255.0,78.8381,0.6712,27.0,2026-10-02,ok,34.0813,4
2026-09-06,NBIS,Nebius Group N.V.,USD,226.39,-0.07,,,,,,,,,無法判讀,-75.5263,6.0015,10.2646,0.5,,248.866,63.8,299.86,68.8766,0.8156,27.0,2026-10-02,ok,15.1973,4
2026-09-06,NFLX,"Netflix, Inc.",USD,78.25,3.18,24.6069,24.9651,24.8915,2.0671,-0.1733,72.8156,79.3889,85.9622,均值~低估,20.4794,10.8065,27.2185,1.53,,22.636,65.08,126.7,21.3729,0.3503,27.0,2026-10-02,ok,14.5779,4
2026-09-06,NOW,"ServiceNow, Inc.",USD,141.26,1.6,88.2875,68.6785,66.3687,9.6491,2.0322,94.4471,109.8857,125.3243,顯著高估,28.2209,11.6686,27.5138,1.05,,51.72,81.24,194.726,52.8876,0.5195,27.0,2026-10-02,ok,46.5211,4
2026-09-06,NVDA,NVIDIA Corporation,USD,230.36,7.9,29.1595,26.72,26.7494,1.301,1.8751,200.8104,211.0881,221.3658,顯著高估,14.9022,24.2919,41.4,0.58,0.44,27.466,164.27,236.54,91.4487,0.3488,27.0,2026-10-02,ok,14.399,5
2026-09-06,ORCL,Oracle Corporation,USD,158.78,5.83,27.235,28.0331,25.9854,5.3671,-0.1487,132.1431,163.433,194.7229,均值~低估,14.4771,12.1764,14.3028,0.87,1.3,19.624,114.5,345.72,19.1506,0.7037,27.0,2026-10-02,ok,66.0812,4
2026-09-06,PANW,"Palo Alto Networks, Inc.",USD,333.26,1.17,284.8376,260.8074,275.3761,49.6034,0.4844,247.1087,305.1447,363.1806,高估~均值,68.0908,9.7925,59.6545,1.67,,145.998,139.57,398.88,74.6944,0.4989,27.0,2026-10-02,ok,46.9411,4
2026-09-06,PLTR,Palantir Technologies Inc.,USD,174.33,1.17,149.0,122.524,115.7222,17.8649,1.482,122.4511,143.3531,164.255,顯著高估,75.3293,42.854,117.9556,1.76,,153.922,106.37,207.52,67.1873,0.4708,27.0,2026-10-02,ok,18.77,4
2026-09-06,QQQ,"Invesco QQQ Trust, Series 1",USD,718.96,24.5347,29.3038,29.0359,29.1253,0.7493,0.3576,694.0028,712.3863,730.7699,高估~均值,,2.0095,,,0.42,,555.6,748.65,84.6206,0.1756,27.0,2026-10-02,ok,18.3295,4
2026-09-06,RKLB,Rocket Lab Corporation,USD,64.26,-0.27,,,,,,,,,無法判讀,1445.9946,11.0072,,,,-241.04,37.57,151.0,23.5299,0.6668,27.0,2026-10-02,ok,15.0063,5
2026-09-06,SNDK,Sandisk Corporation,USD,1740.0,82.48,21.096,19.2463,18.9685,3.4217,0.5406,1305.2144,1587.4352,1869.656,高估~均值,6.5729,16.4756,21.8292,,,19.831,67.86,2354.39,73.13,0.7563,27.0,2026-10-02,ok,7.6363,4
2026-09-06,SOXX,iShares PHLX SOX Semiconductor ,USD,519.86,13.6039,38.2141,39.987,39.3832,3.2059,-0.553,500.3659,543.9784,587.5909,均值~低估,,1.2258,,,0.29,,247.23,655.95,66.7034,0.4296,27.0,2026-10-02,ok,42.2291,4
2026-09-06,SPCX,Space Exploration Technologies ,USD,147.95,-1.09,,,,,,,,,無法判讀,92.1916,15.3221,115.0168,,,651.21,104.83,225.64,35.6924,0.5065,27.0,2026-10-02,ok,4.4509,4
2026-09-06,SPOT,Spotify Technology S.A.,USD,542.43,18.44,29.4159,26.3745,26.3549,1.926,1.5792,450.83,486.3451,521.8602,顯著高估,30.0721,11.3853,33.4178,1.58,,39.134,405.0,745.0,40.4206,0.4236,27.0,2026-10-02,ok,36.6049,4
2026-09-06,SPY,State Street SPDR S&P 500 ETF T,USD,770.19,30.9505,24.8846,24.213,24.1534,0.4891,1.373,734.2649,749.4042,764.5435,顯著高估,,1.7944,,,0.98,,629.28,779.37,93.8837,0.1145,27.0,2026-10-02,ok,3.081,4
2026-09-06,TRV,"The Travelers Companies, Inc.",USD,369.35,36.71,10.0613,9.1567,9.1453,0.9164,0.987,302.501,336.1433,369.7857,高估~均值,12.2266,2.3262,6.9869,2.36,1.34,7.15,252.26,398.7,79.9577,0.2583,41.0,2026-10-16,ok,59.7567,4
2026-09-06,TSLA,"Tesla, Inc.",USD,354.08,1.1,321.8909,346.4169,355.3727,35.5455,-0.69,341.9585,381.0586,420.1586,均值~低估,164.0338,16.0982,74.8438,4.26,,127.538,297.38,498.83,28.1459,0.4113,27.0,2026-10-02,ok,12.8589,4
2026-09-06,TSM,Taiwan Semiconductor Manufactur,USD,428.91,13.47,31.8419,31.1657,31.0561,1.3086,0.5167,402.1741,419.8013,437.4286,高估~均值,19.6197,88.2883,0.8443,0.79,0.98,4.858,241.62,479.0,78.8988,0.3212,27.0,2026-10-02,ok,3.0126,4
2026-09-06,UBER,"Uber Technologies, Inc.",USD,75.76,4.56,16.614,16.1271,16.1864,0.6492,0.7501,70.5794,73.5397,76.4999,高估~均值,17.2924,5.658,14.845,6.44,,22.099,65.41,101.99,28.2941,0.3899,27.0,2026-10-02,ok,48.3293,4
2026-09-06,VRT,"Vertiv Holdings, LLC",USD,280.53,4.43,63.3251,68.2956,68.6219,7.376,-0.6739,269.8739,302.5493,335.2248,均值~低估,30.7519,22.6984,32.1987,0.86,0.09,38.72,120.83,379.935,61.6352,0.5327,27.0,2026-10-02,ok,13.8701,4
2026-09-06,XLI,State Street Industrial Select ,USD,175.27,6.1593,28.4561,28.9459,29.0194,0.7831,-0.6256,173.4641,178.2873,183.1106,均值~低估,,1.7815,,,1.18,,147.14,188.19,68.5262,0.2152,27.0,2026-10-02,ok,50.2259,4
2026-09-06,XLV,State Street Health Care Select,USD,171.45,5.5971,30.6318,28.267,28.4941,1.7137,1.38,148.622,158.2137,167.8053,顯著高估,,,,,1.49,,133.73,176.6,87.9869,0.2787,27.0,2026-10-02,ok,100.0,4
2026-09-07,000660.KS,SK hynix,KRW,1647000.0,,,,,,,,,,無法判讀,3.503,,18.5415,0.18,0.09,1.031,0.0,2987000.0,55.1389,,,,no_market,,0
2026-09-07,2330.TW,TAIWAN SEMICONDUCTOR MANUFACTUR,TWD,2410.0,85.55,28.1707,27.5375,27.7908,0.937,0.6757,2275.6711,2355.8333,2435.9956,高估~均值,16.9564,9.7158,23.7209,0.72,1.16,18.971,1180.0,2535.0,90.7749,,,,no_market,,0
2026-09-07,AAPL,Apple Inc.,USD,319.97,8.74,36.6098,35.113,35.3232,1.7536,0.8536,291.5604,306.8872,322.2141,高估~均值,33.4195,43.4742,31.8264,2.58,0.34,27.933,225.95,344.57,79.2615,0.2673,33.0,2026-10-09,ok,62.0325,6
2026-09-07,ADBE,Adobe Inc.,USD,266.51,17.48,15.2466,13.9338,14.1233,1.4443,0.9089,218.3171,243.5634,268.8098,高估~均值,9.6919,9.2323,10.1076,0.7,,11.038,190.12,370.86,42.2651,0.5184,33.0,2026-10-09,ok,73.009,5
2026-09-07,AMD,"Advanced Micro Devices, Inc.",USD,477.57,3.92,121.8291,123.7745,123.7283,12.6292,-0.154,435.6897,485.1961,534.7025,均值~低估,30.9092,11.594,77.3434,0.49,,80.609,149.22,584.73,75.3944,0.5112,33.0,2026-10-09,ok,6.5638,5
2026-09-07,AMZN,"Amazon.com, Inc.",USD,258.51,12.43,20.7973,20.5395,20.8021,1.1386,0.2264,241.1527,255.3058,269.4589,高估~均值,24.856,5.0534,17.2758,1.52,,17.269,196.0,287.2,68.5417,0.3209,33.0,2026-10-09,ok,30.9281,5
2026-09-07,APP,Applovin Corporation,USD,320.56,13.01,24.6395,34.0192,35.548,6.7232,-1.3951,355.1211,442.59,530.0589,顯著低估,15.2817,33.9792,21.6463,0.68,,19.896,297.5,745.61,5.1461,0.5499,33.0,2026-10-09,ok,12.1558,5
2026-09-07,ASML,ASML Holding N.V. - New York Re,USD,1714.88,29.5,58.1315,57.8213,58.8819,4.4085,0.0704,1575.677,1705.728,1835.779,高估~均值,28.5447,1447.3046,57.3423,1.47,0.53,2712.556,786.75,1999.96,76.502,0.4532,33.0,2026-10-09,ok,41.4313,5
2026-09-07,AVGO,Broadcom Inc.,USD,357.895,7.84,45.6505,50.6323,50.0421,3.4366,-1.4496,370.0139,396.9571,423.9003,顯著低估,18.4748,17.1102,41.8841,0.4,0.73,33.447,289.96,495.0,33.1326,0.3853,33.0,2026-10-09,ok,9.503,6
2026-09-07,BE,Bloom Energy Corporation,USD,252.87,0.76,332.7237,332.4577,334.1184,52.2159,0.0051,212.9838,252.6679,292.352,高估~均值,51.395,46.0182,100.9471,0.53,,178.274,52.0,351.28,67.1177,0.9191,33.0,2026-10-09,ok,12.7015,5
2026-09-07,COHR,Coherent Corp.,USD,281.86,4.12,68.4126,81.6855,80.4915,11.6015,-1.1441,288.7461,336.5441,384.3421,顯著低估,20.1973,5.0603,694.1831,0.92,,40.111,95.5,440.0,54.0958,0.7311,33.0,2026-10-09,ok,12.3228,5
2026-09-07,CRM,"Salesforce, Inc.",USD,259.23,10.91,23.7608,16.903,16.478,2.3879,2.8719,158.3602,184.4117,210.4631,顯著高估,16.1935,5.5591,13.5458,1.1,0.68,18.941,146.32,269.11,91.9537,0.4331,33.0,2026-10-09,ok,52.1734,5
2026-09-07,CRWD,"CrowdStrike Holdings, Inc.",USD,213.1,0.04,5327.5002,4525.5667,4638.8437,726.5555,1.1037,151.9604,181.0227,210.0849,顯著高估,132.8885,42.7654,108.2014,6.88,,2003.019,85.68,233.88,85.9784,0.5177,33.0,2026-10-09,ok,49.3336,5
2026-09-07,CRWV,"CoreWeave, Inc.",USD,89.36,-3.55,,,,,,,,,無法判讀,-45.8586,9.8004,5.9333,,,25.167,60.55,153.2,31.0955,0.7771,33.0,2026-10-09,ok,16.9449,5
2026-09-07,DELL,Dell Technologies Inc.,USD,524.14,17.19,30.491,22.6213,24.3162,4.9534,1.5887,303.7098,388.8594,474.0091,顯著高估,18.3223,-236.953,14.0199,0.85,0.48,20.624,110.22,534.99,97.4457,0.6437,33.0,2026-10-09,ok,12.1833,5
2026-09-07,GOOG,Alphabet Inc.,USD,335.31,19.92,16.8328,18.0006,17.882,0.9923,-1.1768,338.8054,358.5724,378.3395,顯著低估,22.5734,6.5881,9.9812,1.25,0.26,23.083,233.38,404.47,59.5768,0.3283,33.0,2026-10-09,ok,39.7698,5
2026-09-07,IGV,iShares Expanded Tech-Software ,USD,104.57,3.2158,32.5174,29.634,29.0175,2.0574,1.4015,88.6811,95.2973,101.9136,顯著高估,,0.2621,,,0.02,,73.93,117.99,69.5415,0.3853,33.0,2026-10-09,ok,68.9697,5
2026-09-07,INTC,Intel Corporation,USD,95.8,-2.09,,,,,,,,,無法判讀,46.9109,5.5188,33.9053,1.36,,30.857,24.05,142.35,60.6509,0.6304,33.0,2026-10-09,ok,34.725,5
2026-09-07,ISRG,"Intuitive Surgical, Inc.",USD,366.7,8.73,42.0046,45.9697,46.1243,3.5961,-1.1026,369.9211,401.3152,432.7094,顯著低估,30.379,7.1429,35.4469,1.61,,29.769,328.57,603.88,13.8498,0.3804,33.0,2026-10-09,ok,53.5737,5
2026-09-07,LITE,Lumentum Holdings Inc.,USD,881.255,-92.97,,,,,,,,,無法判讀,26.4632,16.8134,105.2017,0.63,,97.391,144.52,1085.68,78.2795,0.7052,33.0,2026-10-09,ok,6.5125,5
2026-09-07,META,"Meta Platforms, Inc.",USD,616.77,26.52,23.2568,22.5428,22.4891,1.1737,0.6083,566.7082,597.8358,628.9633,高估~均值,17.6423,6.0161,10.4378,0.81,0.34,14.53,520.26,790.8,35.6731,0.389,33.0,2026-10-09,ok,48.2998,5
2026-09-07,MRVL,"Marvell Technology, Inc.",USD,223.55,3.02,74.0232,73.7904,71.6258,13.9076,0.0167,180.8462,222.8471,264.848,高估~均值,33.2622,10.7455,89.0956,1.11,0.11,69.25,63.07,329.88,60.1477,0.6627,33.0,2026-10-09,ok,34.4497,5
2026-09-07,MSFT,Microsoft Corporation,USD,499.7,17.94,27.854,23.8893,23.0881,2.574,1.5403,382.3967,428.5743,474.752,顯著高估,21.1977,8.3892,20.2834,1.62,0.73,19.371,349.2,553.72,73.5869,0.2687,33.0,2026-10-09,ok,6.6222,5
2026-09-07,MU,"Micron Technology, Inc.",USD,1016.59,44.22,22.9894,20.4995,21.131,3.2352,0.7696,763.4256,906.486,1049.5464,高估~均值,6.5576,11.3948,22.3233,0.15,0.05,16.541,128.4,1255.0,78.8381,0.6745,33.0,2026-10-09,ok,34.6165,5
2026-09-07,NBIS,Nebius Group N.V.,USD,226.39,-0.07,,,,,,,,,無法判讀,-75.5263,6.0015,10.2646,0.54,,248.866,63.8,299.86,68.8766,0.8639,33.0,2026-10-09,ok,19.7008,5
2026-09-07,NFLX,"Netflix, Inc.",USD,78.25,3.18,24.6069,24.9651,24.8915,2.0671,-0.1733,72.8156,79.3889,85.9622,均值~低估,20.4794,10.8065,27.2185,1.53,,22.636,65.08,126.7,21.3729,0.3601,33.0,2026-10-09,ok,18.9787,5
2026-09-07,NOW,"ServiceNow, Inc.",USD,141.26,1.6,88.2875,68.6785,66.3687,9.6491,2.0322,94.4471,109.8857,125.3243,顯著高估,28.2209,11.6686,27.5138,1.05,,51.72,81.24,194.726,52.8876,0.5327,33.0,2026-10-09,ok,49.1473,5
2026-09-07,NVDA,NVIDIA Corporation,USD,230.36,7.9,29.1595,26.72,26.7494,1.301,1.8751,200.8104,211.0881,221.3658,顯著高估,14.9022,24.2919,41.4,0.59,0.43,27.466,164.27,236.54,91.4487,0.3594,33.0,2026-10-09,ok,18.9075,6
2026-09-07,ORCL,Oracle Corporation,USD,158.78,5.83,27.235,28.0331,25.9854,5.3671,-0.1487,132.1431,163.433,194.7229,均值~低估,14.4771,12.1764,14.3028,0.9,1.26,19.624,114.5,345.72,19.1506,0.6801,33.0,2026-10-09,ok,60.8193,5
2026-09-07,PANW,"Palo Alto Networks, Inc.",USD,333.26,1.17,284.8376,260.8074,275.3761,49.6034,0.4844,247.1087,305.1447,363.1806,高估~均值,68.0908,9.7925,59.6545,1.67,,145.998,139.57,398.88,74.6944,0.5157,33.0,2026-10-09,ok,50.0483,5
2026-09-07,PLTR,Palantir Technologies Inc.,USD,174.33,1.17,149.0,122.524,115.7222,17.8649,1.482,122.4511,143.3531,164.255,顯著高估,74.9494,42.854,117.9556,1.76,,153.922,106.37,207.52,67.1873,0.498,33.0,2026-10-09,ok,26.7442,5
2026-09-07,QQQ,"Invesco QQQ Trust, Series 1",USD,718.96,24.5347,29.3038,29.0359,29.1253,0.7493,0.3576,694.0028,712.3863,730.7699,高估~均值,,2.0095,,,0.42,,555.6,748.65,84.6206,0.1858,33.0,2026-10-09,ok,25.1699,5
2026-09-07,RKLB,Rocket Lab Corporation,USD,64.26,-0.27,,,,,,,,,無法判讀,1445.9946,11.0072,,,,-241.04,37.57,151.0,23.5299,0.6663,33.0,2026-10-09,ok,14.9216,6
2026-09-07,SNDK,Sandisk Corporation,USD,1740.0,73.78,23.5836,21.5158,21.2052,3.8252,0.5406,1305.2144,1587.4352,1869.656,高估~均值,6.5729,16.4756,21.8292,,,19.831,67.86,2354.39,73.13,0.7785,33.0,2026-10-09,ok,9.8955,5
2026-09-07,SOXX,iShares PHLX SOX Semiconductor ,USD,519.86,13.6039,38.2141,39.987,39.3832,3.2059,-0.553,500.3659,543.9784,587.5909,均值~低估,,1.2258,,,0.29,,247.23,655.95,66.7034,0.4294,33.0,2026-10-09,ok,42.1873,5
2026-09-07,SPCX,Space Exploration Technologies ,USD,147.95,-1.09,,,,,,,,,無法判讀,92.1916,15.3221,115.0168,,,651.21,104.83,225.64,35.6924,0.5139,33.0,2026-10-09,ok,5.5529,5
2026-09-07,SPOT,Spotify Technology S.A.,USD,542.43,18.44,29.4159,26.3745,26.3549,1.926,1.5792,450.83,486.3451,521.8602,顯著高估,30.0721,11.3853,33.4178,1.53,,39.134,405.0,745.0,40.4206,0.4353,33.0,2026-10-09,ok,40.4874,5
2026-09-07,SPY,State Street SPDR S&P 500 ETF T,USD,770.19,30.9505,24.8846,24.213,24.1534,0.4891,1.373,734.2649,749.4042,764.5435,顯著高估,,1.7944,,,0.98,,629.28,779.37,93.8837,0.1235,33.0,2026-10-09,ok,8.7837,5
2026-09-07,TRV,"The Travelers Companies, Inc.",USD,369.35,37.19,9.9314,9.0385,9.0273,0.9046,0.987,302.501,336.1433,369.7857,高估~均值,12.2266,2.3262,6.9869,2.36,1.35,7.06,252.26,398.7,79.9577,0.2615,40.0,2026-10-16,ok,61.9971,5
2026-09-07,TSLA,"Tesla, Inc.",USD,354.08,1.1,321.8909,346.4169,355.3727,35.5455,-0.69,341.9585,381.0586,420.1586,均值~低估,164.0338,16.0982,74.8438,4.23,,127.538,297.38,498.83,28.1459,0.422,33.0,2026-10-09,ok,16.8031,5
2026-09-07,TSM,Taiwan Semiconductor Manufactur,USD,428.91,13.47,31.8419,31.1657,31.0561,1.3086,0.5167,402.1741,419.8013,437.4286,高估~均值,19.6197,88.2883,0.8443,0.81,0.95,4.858,241.62,479.0,78.8988,0.3355,33.0,2026-10-09,ok,8.7705,5
2026-09-07,UBER,"Uber Technologies, Inc.",USD,75.76,4.56,16.614,16.1271,16.1864,0.6492,0.7501,70.5794,73.5397,76.4999,高估~均值,17.2924,5.658,14.845,6.44,,22.099,65.41,101.99,28.2941,0.419,33.0,2026-10-09,ok,60.6136,5
2026-09-07,VRT,"Vertiv Holdings, LLC",USD,280.53,4.43,63.3251,68.2956,68.6219,7.376,-0.6739,269.8739,302.5493,335.2248,均值~低估,30.7519,22.6984,32.1987,0.86,0.09,40.402,120.83,379.935,61.6352,0.557,33.0,2026-10-09,ok,20.419,5
2026-09-07,XLI,State Street Industrial Select ,USD,175.27,6.1593,28.4561,28.9459,29.0194,0.7831,-0.6256,173.4641,178.2873,183.1106,均值~低估,,1.7815,,,1.18,,147.14,188.19,68.5262,0.2094,33.0,2026-10-09,ok,47.3583,5
2026-09-07,XLV,State Street Health Care Select,USD,171.45,5.5971,30.6318,28.267,28.4941,1.7137,1.38,148.622,158.2137,167.8053,顯著高估,,,,,1.49,,133.73,176.6,87.9869,0.2769,33.0,2026-10-09,ok,98.9062,5
2026-09-08,000660.KS,SK hynix,KRW,1783000.0,,,,,,,,,,無法判讀,3.7716,,20.0725,0.18,0.09,1.119,0.0,2987000.0,59.692,,,,no_market,,0
2026-09-08,2330.TW,TAIWAN SEMICONDUCTOR MANUFACTUR,TWD,2460.0,87.33,28.169,27.0176,27.2529,0.886,1.2996,2282.0702,2359.4444,2436.8186,顯著高估,17.3082,9.9174,24.2131,0.72,1.16,19.38,1180.0,2535.0,94.4649,,,,no_market,,0
2026-09-08,AAPL,Apple Inc.,USD,319.97,8.74,36.6098,35.113,35.3232,1.7536,0.8536,291.5604,306.8872,322.2141,高估~均值,33.4195,43.4742,31.8264,2.52,0.34,27.933,225.95,344.57,79.2615,0.2714,32.0,2026-10-09,ok,64.6897,7
2026-09-08,ADBE,Adobe Inc.,USD,266.51,17.48,15.2466,13.9338,14.1233,1.4443,0.9089,218.3171,243.5634,268.8098,高估~均值,9.6919,9.2323,10.1076,0.65,,11.038,190.12,370.86,42.2651,0.5262,32.0,2026-10-09,ok,75.059,6
2026-09-08,AMD,"Advanced Micro Devices, Inc.",USD,477.57,3.92,121.8291,123.7745,123.7283,12.6292,-0.154,435.6897,485.1961,534.7025,均值~低估,30.785,11.594,77.3434,0.49,,80.609,149.22,584.73,75.3944,0.5189,32.0,2026-10-09,ok,8.3707,6
2026-09-08,AMZN,"Amazon.com, Inc.",USD,258.51,12.43,20.7973,20.5395,20.8021,1.1386,0.2264,241.1527,255.3058,269.4589,高估~均值,24.856,5.0534,17.2758,1.51,,17.269,196.0,287.2,68.5417,0.3258,32.0,2026-10-09,ok,32.7777,6
2026-09-08,APP,Applovin Corporation,USD,320.56,13.01,24.6395,34.0192,35.548,6.7232,-1.3951,355.1211,442.59,530.0589,顯著低估,15.2817,33.9792,21.6463,0.69,,19.896,297.5,745.61,5.1461,0.5581,32.0,2026-10-09,ok,13.5975,6
2026-09-08,ASML,ASML Holding N.V. - New York Re,USD,1714.88,29.5,58.1315,57.8213,58.8819,4.4085,0.0704,1575.677,1705.728,1835.779,高估~均值,28.557,1447.3046,57.3423,1.53,0.53,2712.556,786.75,1999.96,76.502,0.46,32.0,2026-10-09,ok,43.1991,6
2026-09-08,AVGO,Broadcom Inc.,USD,357.895,7.84,45.6505,50.6323,50.0421,3.4366,-1.4496,370.0139,396.9571,423.9003,顯著低估,18.4748,17.1102,41.8841,0.35,0.73,33.447,289.96,495.0,33.1326,0.3911,32.0,2026-10-09,ok,11.5198,7
2026-09-08,BE,Bloom Energy Corporation,USD,252.87,0.76,332.7237,332.4577,334.1184,52.2159,0.0051,212.9838,252.6679,292.352,高估~均值,51.395,46.0182,100.9471,0.57,,178.274,52.0,351.28,67.1177,0.933,32.0,2026-10-09,ok,14.0204,6
2026-09-08,COHR,Coherent Corp.,USD,281.86,4.12,68.4126,81.6855,80.4915,11.6015,-1.1441,288.7461,336.5441,384.3421,顯著低估,20.1973,5.0603,694.1831,0.92,,40.111,95.5,440.0,54.0958,0.7421,32.0,2026-10-09,ok,14.6274,6
2026-09-08,CRM,"Salesforce, Inc.",USD,259.23,10.91,23.7608,16.903,16.478,2.3879,2.8719,158.3602,184.4117,210.4631,顯著高估,16.1935,5.5591,13.5458,1.05,0.68,18.941,146.32,269.11,91.9537,0.4396,32.0,2026-10-09,ok,53.9177,6
2026-09-08,CRWD,"CrowdStrike Holdings, Inc.",USD,213.1,0.04,5327.5002,4525.5667,4638.8437,726.5555,1.1037,151.9604,181.0227,210.0849,顯著高估,132.8885,42.7654,108.2014,6.82,,2003.019,85.68,233.88,85.9784,0.5255,32.0,2026-10-09,ok,51.1818,6
2026-09-08,CRWV,"CoreWeave, Inc.",USD,89.36,-3.55,,,,,,,,,無法判讀,-45.8586,9.8004,5.9333,,,25.167,60.55,153.2,31.0955,0.7888,32.0,2026-10-09,ok,19.0686,6
2026-09-08,DELL,Dell Technologies Inc.,USD,524.14,17.19,30.491,22.6213,24.3162,4.9534,1.5887,303.7098,388.8594,474.0091,顯著高估,18.3223,-236.953,14.0199,0.62,0.48,20.624,110.22,534.99,97.4457,0.6534,32.0,2026-10-09,ok,15.1214,6
2026-09-08,GOOG,Alphabet Inc.,USD,335.31,19.92,16.8328,18.0006,17.882,0.9923,-1.1768,338.8054,358.5724,378.3395,顯著低估,22.5734,6.5881,9.9812,1.24,0.26,23.083,233.38,404.47,59.5768,0.3333,32.0,2026-10-09,ok,42.3261,6
2026-09-08,IGV,iShares Expanded Tech-Software ,USD,104.57,3.2158,32.5174,29.634,29.0175,2.0574,1.4015,88.6811,95.2973,101.9136,顯著高估,,0.2621,,,0.02,,73.93,117.99,69.5415,0.391,32.0,2026-10-09,ok,71.0151,6
2026-09-08,INTC,Intel Corporation,USD,95.8,-2.09,,,,,,,,,無法判讀,46.9109,5.5188,33.9053,1.36,,30.857,24.05,142.35,60.6509,0.6399,32.0,2026-10-09,ok,36.2294,6
2026-09-08,ISRG,"Intuitive Surgical, Inc.",USD,366.7,8.73,42.0046,45.9697,46.1243,3.5961,-1.1026,369.9211,401.3152,432.7094,顯著低估,30.3764,7.1429,35.4469,1.6,,29.769,328.57,603.88,13.8498,0.3861,32.0,2026-10-09,ok,55.7837,6
2026-09-08,LITE,Lumentum Holdings Inc.,USD,881.255,-92.97,,,,,,,,,無法判讀,26.4632,16.8134,105.2017,0.63,,97.391,144.52,1085.68,78.2795,0.7158,32.0,2026-10-09,ok,8.61,6
2026-09-08,META,"Meta Platforms, Inc.",USD,616.77,26.52,23.2568,22.5428,22.4891,1.1737,0.6083,566.7082,597.8358,628.9633,高估~均值,17.6423,6.0161,10.4378,0.82,0.34,14.53,520.26,790.8,35.6731,0.3948,32.0,2026-10-09,ok,50.1389,6
2026-09-08,MRVL,"Marvell Technology, Inc.",USD,223.55,3.02,74.0232,73.7904,71.6258,13.9076,0.0167,180.8462,222.8471,264.848,高估~均值,33.2622,10.7455,89.0956,1.19,0.11,69.25,63.07,329.88,60.1477,0.6726,32.0,2026-10-09,ok,35.8506,6
2026-09-08,MSFT,Microsoft Corporation,USD,499.7,17.94,27.854,23.8893,23.0881,2.574,1.5403,382.3967,428.5743,474.752,顯著高估,21.1977,8.3892,20.2834,1.62,0.73,19.371,349.2,553.72,73.5869,0.2727,32.0,2026-10-09,ok,8.4897,6
2026-09-08,MU,"Micron Technology, Inc.",USD,1016.59,44.22,22.9894,20.4995,21.131,3.2352,0.7696,763.4256,906.486,1049.5464,高估~均值,6.5576,11.3948,22.3233,0.15,0.05,16.541,128.4,1255.0,78.8381,0.6846,32.0,2026-10-09,ok,36.2565,6
2026-09-08,NBIS,Nebius Group N.V.,USD,226.39,-0.07,,,,,,,,,無法判讀,-75.5263,6.0015,10.2646,0.54,,248.866,63.8,299.86,68.8766,0.877,32.0,2026-10-09,ok,20.9192,6
2026-09-08,NFLX,"Netflix, Inc.",USD,78.25,3.18,24.6069,24.9651,24.8915,2.0671,-0.1733,72.8156,79.3889,85.9622,均值~低估,20.4794,10.8065,27.2185,1.45,,22.636,65.08,126.7,21.3729,0.3655,32.0,2026-10-09,ok,21.3992,6
2026-09-08,NOW,"ServiceNow, Inc.",USD,141.26,1.6,88.2875,68.6785,66.3687,9.6491,2.0322,94.4471,109.8857,125.3243,顯著高估,28.2209,11.6686,27.5138,1.02,,51.72,81.24,194.726,52.8876,0.5407,32.0,2026-10-09,ok,50.7279,6
2026-09-08,NVDA,NVIDIA Corporation,USD,230.36,7.9,29.1595,26.72,26.7494,1.301,1.8751,200.8104,211.0881,221.3658,顯著高估,14.8437,24.2919,41.4,0.59,0.43,27.466,164.27,236.54,91.4487,0.3648,32.0,2026-10-09,ok,21.2269,7
2026-09-08,ORCL,Oracle Corporation,USD,158.78,5.83,27.235,28.0331,25.9854,5.3671,-0.1487,132.1431,163.433,194.7229,均值~低估,14.4771,12.1764,14.3028,0.9,1.26,19.624,114.5,345.72,19.1506,0.6903,32.0,2026-10-09,ok,63.0899,6
2026-09-08,PANW,"Palo Alto Networks, Inc.",USD,333.26,1.17,284.8376,260.8074,275.3761,49.6034,0.4844,247.1087,305.1447,363.1806,高估~均值,68.2518,9.7925,59.6545,1.7,,145.998,139.57,398.88,74.6944,0.5234,32.0,2026-10-09,ok,51.4859,6
2026-09-08,PLTR,Palantir Technologies Inc.,USD,174.33,1.17,149.0,122.524,115.7222,17.8649,1.482,122.4511,143.3531,164.255,顯著高估,74.9494,42.854,117.9556,1.68,,153.922,106.37,207.52,67.1873,0.5055,32.0,2026-10-09,ok,28.9484,6
2026-09-08,QQQ,"Invesco QQQ Trust, Series 1",USD,718.96,24.5347,29.3038,29.0359,29.1253,0.7493,0.3576,694.0028,712.3863,730.7699,高估~均值,,2.0095,,,0.42,,555.6,748.65,84.6206,0.1886,32.0,2026-10-09,ok,27.0429,6
2026-09-08,RKLB,Rocket Lab Corporation,USD,64.26,-0.27,,,,,,,,,無法判讀,1445.9946,11.0072,,,,-241.04,37.57,151.0,23.5299,0.6763,32.0,2026-10-09,ok,16.659,7
2026-09-08,SNDK,Sandisk Corporation,USD,1740.0,73.78,23.5836,21.5158,21.2052,3.8252,0.5406,1305.2144,1587.4352,1869.656,高估~均值,6.5729,16.4756,21.8292,,,19.831,67.86,2354.39,73.13,0.7902,32.0,2026-10-09,ok,11.0893,6
2026-09-08,SOXX,iShares PHLX SOX Semiconductor ,USD,519.86,13.6039,38.2141,39.987,39.3832,3.2059,-0.553,500.3659,543.9784,587.5909,均值~低估,,1.2258,,,0.29,,247.23,655.95,66.7034,0.4359,32.0,2026-10-09,ok,43.663,6
2026-09-08,SPCX,Space Exploration Technologies ,USD,147.95,-1.09,,,,,,,,,無法判讀,97.4946,15.3221,115.0168,,,651.21,104.83,225.64,35.6924,0.5216,32.0,2026-10-09,ok,6.691,6
2026-09-08,SPOT,Spotify Technology S.A.,USD,542.43,18.44,29.4159,26.3745,26.3549,1.926,1.5792,450.83,486.3451,521.8602,顯著高估,30.1105,11.3853,33.4178,1.53,,39.134,405.0,745.0,40.4206,0.4419,32.0,2026-10-09,ok,42.6399,6
2026-09-08,SPY,State Street SPDR S&P 500 ETF T,USD,770.19,30.9505,24.8846,24.213,24.1534,0.4891,1.373,734.2649,749.4042,764.5435,顯著高估,,1.7944,,,0.98,,629.28,779.37,93.8837,0.1254,32.0,2026-10-09,ok,9.9589,6
2026-09-08,TRV,"The Travelers Companies, Inc.",USD,369.35,37.19,9.9314,9.0385,9.0273,0.9046,0.987,302.501,336.1433,369.7857,高估~均值,12.2266,2.3262,6.9869,2.36,1.35,7.06,252.26,398.7,79.9577,0.2647,39.0,2026-10-16,ok,64.3028,6
2026-09-08,TSLA,"Tesla, Inc.",USD,354.08,1.1,321.8909,346.4169,355.3727,35.5455,-0.69,341.9585,381.0586,420.1586,均值~低估,164.0338,16.0982,74.8438,4.23,,127.538,297.38,498.83,28.1459,0.4284,32.0,2026-10-09,ok,19.1471,6
2026-09-08,TSM,Taiwan Semiconductor Manufactur,USD,428.91,13.47,31.8419,31.1657,31.0561,1.3086,0.5167,402.1741,419.8013,437.4286,高估~均值,19.6197,87.773,0.8443,0.81,0.95,4.858,241.62,479.0,78.8988,0.3406,32.0,2026-10-09,ok,10.792,6
2026-09-08,UBER,"Uber Technologies, Inc.",USD,75.76,4.56,16.614,16.1271,16.1864,0.6492,0.7501,70.5794,73.5397,76.4999,高估~均值,17.2912,5.658,14.845,6.42,,22.099,65.41,101.99,28.2941,0.4253,32.0,2026-10-09,ok,63.2976,6
2026-09-08,VRT,"Vertiv Holdings, LLC",USD,280.53,4.43,63.3251,68.2956,68.6219,7.376,-0.6739,269.8739,302.5493,335.2248,均值~低估,30.7519,22.6984,32.1987,0.95,0.09,40.402,120.83,379.935,61.6352,0.5653,32.0,2026-10-09,ok,22.6789,6
2026-09-08,XLI,State Street Industrial Select ,USD,175.27,6.1593,28.4561,28.9459,29.0194,0.7831,-0.6256,173.4641,178.2873,183.1106,均值~低估,,1.7815,,,1.18,,147.14,188.19,68.5262,0.2125,32.0,2026-10-09,ok,48.8978,6
2026-09-08,XLV,State Street Health Care Select,USD,171.45,5.5971,30.6318,28.267,28.4941,1.7137,1.38,148.622,158.2137,167.8053,顯著高估,,,,,1.49,,133.73,176.6,87.9869,0.2811,32.0,2026-10-09,ok,100.0,6
2026-09-09,000660.KS,SK hynix,KRW,1793000.0,,,,,,,,,,無法判讀,3.7928,,20.1851,0.18,0.08,1.125,0.0,2987000.0,60.0268,,,,no_market,,0
2026-09-09,2330.TW,TAIWAN SEMICONDUCTOR MANUFACTUR,TWD,2470.0,85.96,28.7343,27.4734,27.6873,0.9041,1.3947,2283.8986,2361.6111,2439.3236,顯著高估,17.3689,9.9577,24.3115,0.74,1.14,19.462,1190.0,2535.0,95.1673,,,,no_market,,0
2026-09-09,AAPL,Apple Inc.,USD,316.22,8.74,36.1808,35.1715,35.3392,1.6989,0.5941,292.5504,307.3989,322.2474,高估~均值,33.0278,42.9647,31.4534,2.52,0.34,27.933,225.95,344.57,76.1002,0.2825,31.0,2026-10-09,ok,72.0171,8
2026-09-09,ADBE,Adobe Inc.,USD,257.26,17.48,14.7174,13.9425,14.1733,1.4467,0.5356,218.4279,243.7156,269.0032,高估~均值,9.3555,8.9119,9.7568,0.65,,11.038,190.12,370.86,37.1473,0.5599,31.0,2026-10-09,ok,83.8835,7
2026-09-09,AMD,"Advanced Micro Devices, Inc.",USD,505.74,3.92,129.0153,124.2525,124.2143,11.9808,0.3975,440.1052,487.0698,534.0344,高估~均值,32.6009,12.2779,81.9055,0.49,,80.609,149.85,584.73,81.8364,0.5202,31.0,2026-10-09,ok,8.679,7
2026-09-09,AMZN,"Amazon.com, Inc.",USD,256.97,12.43,20.6734,20.5341,20.7353,1.1368,0.1226,241.1081,255.2383,269.3686,高估~均值,24.7079,5.0233,17.1729,1.51,,17.269,196.0,287.2,66.8531,0.3286,31.0,2026-10-09,ok,33.878,7
2026-09-09,APP,Applovin Corporation,USD,312.01,13.01,23.9823,33.907,35.548,6.8059,-1.4582,352.5847,441.1298,529.6749,顯著低估,14.8741,33.0729,21.0689,0.69,,19.896,297.5,745.61,3.238,0.6072,31.0,2026-10-09,ok,22.1947,7
2026-09-09,ASML,ASML Holding N.V. - New York Re,USD,1764.85,29.5,59.8254,57.9609,58.9686,4.2669,0.437,1583.9744,1709.8477,1835.721,高估~均值,29.3813,1485.7968,59.0132,1.53,0.53,2712.556,791.02,1999.96,80.5524,0.4789,31.0,2026-10-09,ok,24.1457,7
2026-09-09,AVGO,Broadcom Inc.,USD,368.56,7.84,47.0102,50.58,50.0249,3.4557,-1.033,369.4545,396.5472,423.64,顯著低估,19.0098,17.6201,43.1322,0.35,0.73,33.447,289.96,495.0,38.334,0.4154,31.0,2026-10-09,ok,17.2342,8
2026-09-09,BE,Bloom Energy Corporation,USD,277.22,0.76,364.7632,332.3006,334.1184,52.0956,0.6231,212.9558,252.5484,292.1411,高估~均值,56.344,50.4495,110.6677,0.57,,178.274,52.0,351.28,75.2539,0.8678,31.0,2026-10-09,ok,7.8152,7
2026-09-09,COHR,Coherent Corp.,USD,301.88,4.12,73.2718,81.6772,80.4915,11.6072,-0.7242,288.6885,336.5102,384.332,均值~低估,21.6319,5.4197,743.4897,0.92,,40.111,95.5,440.0,59.9071,0.7753,31.0,2026-10-09,ok,21.5798,7
2026-09-09,CRM,"Salesforce, Inc.",USD,249.12,10.91,22.8341,16.9721,16.478,2.4681,2.3751,158.2396,185.1661,212.0926,顯著高估,15.562,5.3423,13.0175,1.05,0.68,18.941,146.32,269.11,83.7202,0.4153,31.0,2026-10-09,ok,47.3683,7
2026-09-09,CRWD,"CrowdStrike Holdings, Inc.",USD,210.02,0.04,5250.5001,4552.4903,4657.8749,707.5676,0.9865,153.7969,182.0996,210.4023,高估~均值,130.8944,42.1473,106.6375,6.82,,2003.019,85.68,233.88,83.9001,0.512,31.0,2026-10-09,ok,47.9656,7
2026-09-09,CRWV,"CoreWeave, Inc.",USD,99.83,-3.55,,,,,,,,,無法判讀,-51.2316,10.9487,6.6284,,,25.167,60.55,153.2,42.3961,0.8184,31.0,2026-10-09,ok,24.4221,7
2026-09-09,DELL,Dell Technologies Inc.,USD,533.88,17.19,31.0576,22.8334,24.3755,4.9005,1.6782,308.2673,392.5063,476.7454,顯著高估,18.6628,-241.3562,14.2804,0.62,0.48,20.624,110.22,538.4244,98.9387,0.639,31.0,2026-10-09,ok,10.7512,7
2026-09-09,GOOG,Alphabet Inc.,USD,335.38,19.92,16.8363,17.994,17.882,0.9981,-1.1598,338.5568,358.4399,378.323,顯著低估,22.5784,6.5895,9.9833,1.24,0.26,23.083,233.38,404.47,59.6177,0.316,31.0,2026-10-09,ok,33.4107,7
2026-09-09,IGV,iShares Expanded Tech-Software ,USD,102.66,3.2158,31.9235,29.6967,29.0222,2.0399,1.0916,88.9392,95.4991,102.059,顯著高估,,0.2573,,,0.02,,73.93,117.99,65.2065,0.3556,31.0,2026-10-09,ok,58.3947,7
2026-09-09,INTC,Intel Corporation,USD,104.47,-2.09,,,,,,,,,無法判讀,51.1564,6.0182,36.9737,1.36,,30.857,24.05,142.35,67.9797,0.6669,31.0,2026-10-09,ok,40.4919,7
2026-09-09,ISRG,"Intuitive Surgical, Inc.",USD,350.16,8.73,40.11,45.8377,46.0888,3.5908,-1.5951,368.8158,400.1633,431.5109,顯著低估,29.0063,6.8207,33.8481,1.6,,29.769,328.57,603.88,7.8421,0.4329,31.0,2026-10-09,ok,73.7931,7
2026-09-09,LITE,Lumentum Holdings Inc.,USD,978.535,-92.97,,,,,,,,,無法判讀,29.3844,18.6693,116.8147,0.63,,97.391,144.52,1085.68,88.6156,0.7752,31.0,2026-10-09,ok,20.3456,7
2026-09-09,META,"Meta Platforms, Inc.",USD,613.48,26.52,23.1327,22.5195,22.4891,1.1401,0.5379,566.9819,597.2176,627.4532,高估~均值,17.5482,5.984,10.3821,0.82,0.34,14.53,520.26,790.8,34.457,0.3972,31.0,2026-10-09,ok,50.8669,7
2026-09-09,MRVL,"Marvell Technology, Inc.",USD,225.41,3.02,74.6391,74.0437,71.8046,13.7096,0.0434,182.2091,223.612,265.0149,高估~均值,33.5389,10.8349,89.8369,1.19,0.11,69.25,65.19,329.88,60.5312,0.6737,31.0,2026-10-09,ok,20.3626,7
2026-09-09,MSFT,Microsoft Corporation,USD,493.95,17.94,27.5334,23.9324,23.0881,2.6024,1.3838,382.6602,429.3464,476.0327,顯著高估,20.9538,8.2926,20.05,1.62,0.73,19.371,349.2,553.72,70.7755,0.2752,31.0,2026-10-09,ok,9.6216,7
2026-09-09,MU,"Micron Technology, Inc.",USD,1000.26,44.22,22.6201,20.6205,21.1588,3.1044,0.6441,774.5645,911.8393,1049.1141,高估~均值,6.4522,11.2118,21.9647,0.15,0.05,16.541,131.56,1255.0,77.325,0.6837,31.0,2026-10-09,ok,36.116,7
2026-09-09,NBIS,Nebius Group N.V.,USD,243.88,-0.07,,,,,,,,,無法判讀,-81.3611,6.4652,11.0576,0.54,,248.866,73.52,299.86,75.2673,0.8841,31.0,2026-10-09,ok,10.9812,7
2026-09-09,NFLX,"Netflix, Inc.",USD,76.77,3.18,24.1415,24.9114,24.6808,2.0242,-0.3804,72.7813,79.2183,85.6553,均值~低估,20.0921,10.6021,26.7037,1.45,,22.636,65.08,126.7,18.9711,0.3484,31.0,2026-10-09,ok,13.6977,7
2026-09-09,NOW,"ServiceNow, Inc.",USD,134.21,1.6,83.8813,68.9933,66.6531,9.6782,1.5383,94.9041,110.3892,125.8744,顯著高估,26.8125,11.0862,26.1407,1.02,,51.72,81.24,194.726,46.6754,0.5447,31.0,2026-10-09,ok,51.5303,7
2026-09-09,NVDA,NVIDIA Corporation,USD,225.73,7.9,28.5734,26.7432,26.7911,1.3153,1.3915,200.8804,211.2712,221.662,顯著高估,14.5453,23.8036,40.5679,0.59,0.43,27.466,164.27,236.54,85.0422,0.3544,31.0,2026-10-09,ok,16.7705,8
2026-09-09,ORCL,Oracle Corporation,USD,162.52,5.83,27.8765,28.0306,25.9854,5.3671,-0.0287,132.1284,163.4184,194.7085,均值~低估,14.8182,12.4632,14.6397,0.9,1.26,19.624,114.5,345.72,20.7681,0.7092,31.0,2026-10-09,ok,67.3048,7
2026-09-09,PANW,"Palo Alto Networks, Inc.",USD,336.98,1.17,288.0171,262.2836,277.5299,48.386,0.5318,250.2601,306.8718,363.4834,高估~均值,69.0137,9.9019,60.3204,1.7,,145.998,139.57,398.88,76.129,0.5371,31.0,2026-10-09,ok,54.0271,7
2026-09-09,PLTR,Palantir Technologies Inc.,USD,170.3,1.17,145.5556,122.831,115.7222,18.0217,1.261,122.6269,143.7123,164.7977,顯著高估,73.2168,41.8633,115.2288,1.68,,153.922,106.37,207.52,63.2032,0.4929,31.0,2026-10-09,ok,25.2569,7
2026-09-09,QQQ,"Invesco QQQ Trust, Series 1",USD,718.36,24.5347,29.2793,29.0616,29.1294,0.7164,0.304,695.4407,713.0173,730.594,高估~均值,,2.0079,,,0.42,,555.6,748.65,84.3098,0.1924,31.0,2026-10-09,ok,29.5266,7
2026-09-09,RKLB,Rocket Lab Corporation,USD,65.87,-0.27,,,,,,,,,無法判讀,1445.7859,11.283,,,,-241.04,37.57,151.0,24.9493,0.7642,31.0,2026-10-09,ok,31.915,8
2026-09-09,SNDK,Sandisk Corporation,USD,1737.99,73.78,23.5564,21.6173,21.2495,3.7554,0.5164,1317.8466,1594.9217,1871.9967,高估~均值,6.5653,16.4565,21.804,,,19.831,69.57,2354.39,73.0219,0.7867,31.0,2026-10-09,ok,10.7386,7
2026-09-09,SOXX,iShares PHLX SOX Semiconductor ,USD,528.4,13.6039,38.8418,40.051,39.3832,3.1228,-0.3872,502.3673,544.8497,587.3321,均值~低估,,1.246,,,0.29,,247.23,655.95,68.7928,0.4533,31.0,2026-10-09,ok,47.6169,7
2026-09-09,SPCX,Space Exploration Technologies ,USD,153.47,-1.09,,,,,,,,,無法判讀,96.8363,15.8937,119.3081,,,651.21,104.83,225.64,40.2616,0.5391,31.0,2026-10-09,ok,9.2744,7
2026-09-09,SPOT,Spotify Technology S.A.,USD,528.64,18.44,28.6681,26.4257,26.3647,1.9249,1.1649,451.7944,487.2903,522.7862,顯著高估,29.3372,11.0959,32.5682,1.53,,39.134,405.0,745.0,36.3647,0.4373,31.0,2026-10-09,ok,41.1312,7
2026-09-09,SPY,State Street SPDR S&P 500 ETF T,USD,765.96,30.9505,24.7479,24.2325,24.1657,0.4747,1.0858,735.3172,750.0084,764.6997,顯著高估,,1.7845,,,0.98,,629.28,779.37,91.0654,0.1293,31.0,2026-10-09,ok,12.425,7
2026-09-09,TRV,"The Travelers Companies, Inc.",USD,365.66,37.19,9.8322,9.0575,9.0657,0.9032,0.8578,303.2594,336.8479,370.4364,高估~均值,12.1045,2.303,6.9171,2.36,1.35,7.06,252.26,398.7,77.4379,0.2617,38.0,2026-10-16,ok,62.1494,7
2026-09-09,TSLA,"Tesla, Inc.",USD,368.16,1.1,334.6909,346.37,355.3727,35.5583,-0.3284,341.8929,381.007,420.1211,均值~低估,170.5566,16.7384,77.8199,4.23,,127.538,297.38,498.83,35.1353,0.4258,31.0,2026-10-09,ok,18.2231,7
2026-09-09,TSM,Taiwan Semiconductor Manufactur,USD,439.0,13.47,32.5909,31.2029,31.0661,1.3008,1.067,402.781,420.3032,437.8254,顯著高估,20.0227,89.8378,0.8642,0.81,0.95,4.858,246.93,479.0,82.7638,0.3651,31.0,2026-10-09,ok,20.6173,7
2026-09-09,UBER,"Uber Technologies, Inc.",USD,73.13,4.56,16.0373,16.1239,16.1601,0.6489,-0.1334,70.5659,73.5248,76.4837,均值~低估,16.691,5.4615,14.3297,6.42,,22.099,65.41,101.99,21.1044,0.3992,31.0,2026-10-09,ok,52.252,7
2026-09-09,VRT,"Vertiv Holdings, LLC",USD,290.83,4.43,65.6501,68.2571,68.57,7.3807,-0.3532,269.6824,302.3788,335.0751,均值~低估,31.881,23.5318,33.3809,0.95,0.09,40.402,120.83,379.935,65.6105,0.5854,31.0,2026-10-09,ok,28.106,7
2026-09-09,XLI,State Street Industrial Select ,USD,174.42,6.1593,28.318,28.954,29.0194,0.7726,-0.8232,173.5786,178.3372,183.0958,均值~低估,,1.7729,,,1.18,,147.14,188.19,66.4555,0.3178,31.0,2026-10-09,ok,100.0,7
2026-09-09,XLV,State Street Health Care Select,USD,167.13,5.5971,29.86,28.3152,28.5674,1.6965,0.9106,148.9881,158.4836,167.979,高估~均值,,,,,1.49,,133.73,176.6,77.91,0.2907,31.0,2026-10-09,ok,100.0,7
2026-09-10,000660.KS,SK hynix,KRW,1856000.0,,,,,,,,,,無法判讀,3.9308,,20.8944,0.19,0.08,1.166,0.0,2987000.0,62.1359,,,,no_market,,0
2026-09-10,2330.TW,TAIWAN SEMICONDUCTOR MANUFACTUR,TWD,2465.0,85.29,28.9014,27.7172,27.9341,0.9092,1.3024,2286.4526,2364.0,2441.5474,顯著高估,17.3338,9.9375,24.2623,0.74,1.13,19.421,1215.0,2535.0,94.697,,,,no_market,,0
2026-09-10,AAPL,Apple Inc.,USD,315.34,8.73,36.1214,35.2678,35.4101,1.6454,0.5188,293.523,307.8877,322.2524,高估~均值,32.9248,42.8451,31.3659,2.52,0.34,27.607,225.95,344.57,75.3583,0.2751,30.0,2026-10-09,ok,67.1456,9
2026-09-10,ADBE,Adobe Inc.,USD,254.86,17.47,14.5884,13.9561,14.2267,1.449,0.4364,218.4991,243.8129,269.1266,高估~均值,9.2683,8.8288,9.6658,0.65,,10.66,190.12,370.86,35.8194,0.5563,30.0,2026-10-09,ok,82.9386,8
2026-09-10,AMD,"Advanced Micro Devices, Inc.",USD,521.095,3.94,132.2576,124.0916,124.0774,11.4008,0.7163,444.0019,488.9209,533.8399,高估~均值,33.5907,12.6507,84.3923,0.49,,85.419,149.85,584.73,85.3672,0.511,30.0,2026-10-09,ok,6.5064,8
2026-09-10,AMZN,"Amazon.com, Inc.",USD,252.4,12.44,20.2894,20.5062,20.6387,1.133,-0.1914,241.0033,255.0977,269.192,均值~低估,24.2685,4.9339,16.8675,1.51,,17.171,196.0,287.2,61.8421,0.3323,30.0,2026-10-09,ok,35.3061,8
2026-09-10,APP,Applovin Corporation,USD,305.06,13.01,23.4481,33.7863,35.548,6.8944,-1.4995,349.8634,439.5599,529.2564,顯著低估,14.5427,32.3362,20.5996,0.69,,19.368,297.5,745.61,1.6871,0.5382,30.0,2026-10-09,ok,10.1213,8
2026-09-10,ASML,ASML Holding N.V. - New York Re,USD,1729.52,29.47,58.6875,58.1295,59.0287,4.1578,0.1342,1590.5458,1713.0758,1835.6057,高估~均值,28.7592,1454.3373,57.8318,1.53,0.51,2791.609,791.02,1999.96,77.63,0.455,30.0,2026-10-09,ok,15.0519,8
2026-09-10,AVGO,Broadcom Inc.,USD,364.38,7.85,46.4178,50.4405,49.9548,3.4663,-1.1605,368.7476,395.9578,423.1679,顯著低估,18.7942,17.4203,42.643,0.35,0.71,34.423,289.96,495.0,36.2954,0.4013,30.0,2026-10-09,ok,12.1626,9
2026-09-10,BE,Bloom Energy Corporation,USD,269.28,0.78,345.2308,323.5795,325.5513,50.6375,0.4276,212.8947,252.392,291.8893,高估~均值,54.7303,49.0046,107.498,0.57,,195.411,60.0,351.28,71.8484,0.8188,30.0,2026-10-09,ok,3.1498,8
2026-09-10,COHR,Coherent Corp.,USD,303.48,4.11,73.8394,81.8321,80.6873,11.6585,-0.6856,288.4136,336.3299,384.2462,均值~低估,21.7466,5.4485,747.4303,0.92,,42.865,100.63,440.0,59.7725,0.7706,30.0,2026-10-09,ok,20.6067,8
2026-09-10,CRM,"Salesforce, Inc.",USD,244.16,10.91,22.3795,17.041,16.5064,2.5314,2.1089,158.3,185.9176,213.5351,顯著高估,15.2522,5.2359,12.7583,1.05,0.71,18.296,146.32,269.11,79.6808,0.4228,30.0,2026-10-09,ok,49.3924,8
2026-09-10,CRWD,"CrowdStrike Holdings, Inc.",USD,207.8,0.04,5195.0001,4579.2576,4676.0311,685.2019,0.8986,155.7622,183.1703,210.5784,高估~均值,129.5107,41.7018,105.5103,6.82,,1973.507,85.68,233.88,82.4022,0.519,30.0,2026-10-09,ok,49.6537,8
2026-09-10,CRWV,"CoreWeave, Inc.",USD,94.94,-3.55,,,,,,,,,無法判讀,-48.7222,10.4124,6.3038,,,26.691,60.55,153.2,37.1182,0.7695,30.0,2026-10-09,ok,15.5733,8
2026-09-10,DELL,Dell Technologies Inc.,USD,535.25,17.19,31.1373,23.0443,24.4395,4.8439,1.6708,312.8655,396.1319,479.3983,顯著高估,18.7107,-241.9756,14.3171,0.62,0.47,20.983,110.22,562.9899,93.8733,0.6357,30.0,2026-10-09,ok,9.7626,8
2026-09-10,GOOG,Alphabet Inc.,USD,328.38,19.92,16.4849,17.9641,17.872,1.0027,-1.4752,337.8716,357.8448,377.8179,顯著低估,22.1071,6.452,9.7749,1.24,0.26,23.088,236.58,404.47,54.6787,0.3134,30.0,2026-10-09,ok,32.0695,8
2026-09-10,IGV,iShares Expanded Tech-Software ,USD,101.83,3.2158,31.6654,29.7586,29.0611,2.0137,0.9469,89.2226,95.6982,102.1738,高估~均值,,0.2552,,,0.02,,73.93,117.99,63.3227,0.3748,30.0,2026-10-09,ok,65.2271,8
2026-09-10,INTC,Intel Corporation,USD,106.24,-2.09,,,,,,,,,無法判讀,52.0114,6.1202,37.6001,1.36,,33.454,24.05,142.35,69.4759,0.6495,30.0,2026-10-09,ok,37.7531,8
2026-09-10,ISRG,"Intuitive Surgical, Inc.",USD,353.24,8.72,40.5092,45.7573,46.137,3.5698,-1.4702,367.8754,399.0037,430.1319,顯著低估,29.2614,6.8807,34.1458,1.6,,28.372,328.57,603.88,8.9608,0.4382,30.0,2026-10-09,ok,75.8386,8
2026-09-10,LITE,Lumentum Holdings Inc.,USD,988.98,-92.96,,,,,,,,,無法判讀,29.698,18.8686,118.0616,0.63,,108.289,144.52,1085.68,89.7254,0.7714,30.0,2026-10-09,ok,19.5891,8
2026-09-10,META,"Meta Platforms, Inc.",USD,653.69,26.56,24.6118,22.5031,22.4552,1.1589,1.8197,566.9022,597.6818,628.4613,顯著高估,18.6984,6.3762,11.0626,0.82,0.34,14.454,520.26,790.8,49.3199,0.4051,30.0,2026-10-09,ok,53.3477,8
2026-09-10,MRVL,"Marvell Technology, Inc.",USD,235.01,3.02,77.8179,74.3007,71.9553,13.5586,0.2594,183.4413,224.3882,265.3351,高估~均值,34.9673,11.2964,93.6629,1.19,0.11,69.823,66.14,329.88,64.029,0.6789,30.0,2026-10-09,ok,21.2716,8
2026-09-10,MSFT,Microsoft Corporation,USD,491.65,17.93,27.4205,23.9977,23.1333,2.6261,1.3034,383.1921,430.2783,477.3646,顯著高估,20.8562,8.254,19.9566,1.62,0.74,19.151,349.2,553.72,69.6509,0.2763,30.0,2026-10-09,ok,10.1309,8
2026-09-10,MU,"Micron Technology, Inc.",USD,1027.77,44.21,23.2475,20.7535,21.1817,2.9676,0.8404,786.316,917.5128,1048.7095,高估~均值,6.6297,11.5201,22.5688,0.15,0.05,16.271,138.34,1255.0,79.6509,0.6554,30.0,2026-10-09,ok,31.5337,8
2026-09-10,NBIS,Nebius Group N.V.,USD,240.35,-0.07,,,,,,,,,無法判讀,-80.1835,6.3716,10.8976,0.54,,267.447,73.52,299.86,73.7077,0.8481,30.0,2026-10-09,ok,7.1742,8
2026-09-10,NFLX,"Netflix, Inc.",USD,76.03,3.18,23.9088,24.85,24.6053,1.9684,-0.4781,72.7633,79.023,85.2827,均值~低估,19.8984,10.4999,26.4463,1.45,,22.217,65.08,126.7,17.7702,0.3662,30.0,2026-10-09,ok,21.7293,8
2026-09-10,NOW,"ServiceNow, Inc.",USD,131.11,1.6,81.9438,69.2905,67.0875,9.6604,1.3098,95.4082,110.8648,126.3214,顯著高估,26.1931,10.8302,25.5369,1.02,,49.204,81.24,194.726,43.9437,0.54,30.0,2026-10-09,ok,50.6063,8
2026-09-10,NVDA,NVIDIA Corporation,USD,223.67,7.9,28.3127,26.7771,26.819,1.316,1.1668,201.1426,211.539,221.9354,顯著高估,14.4126,23.5864,40.1977,0.59,0.44,26.912,164.27,236.54,82.1918,0.351,30.0,2026-10-09,ok,15.3111,9
2026-09-10,ORCL,Oracle Corporation,USD,161.63,5.83,27.7238,28.0311,25.9854,5.367,-0.0572,132.1312,163.4211,194.711,均值~低估,14.7383,12.3949,14.5595,0.9,1.23,19.977,114.5,345.72,20.3832,0.7087,30.0,2026-10-09,ok,67.1961,8
2026-09-10,PANW,PANW,,335.1,,,,,,,,,,無法判讀,,,,,,,,,,0.5383,30.0,2026-10-09,ok,54.2535,8
2026-09-10,PLTR,Palantir Technologies Inc.,USD,169.53,1.18,143.6695,122.0765,114.7415,18.0118,1.1988,122.7963,144.0503,165.3042,顯著高估,72.8857,41.674,114.7078,1.68,,150.285,106.37,207.52,62.4419,0.4884,30.0,2026-10-09,ok,23.9308,8
2026-09-10,QQQ,"Invesco QQQ Trust, Series 1",USD,716.31,24.5347,29.1958,29.0836,29.1583,0.689,0.1629,696.6534,713.557,730.4606,高估~均值,,2.0021,,,0.42,,555.6,748.65,83.2479,0.2012,30.0,2026-10-09,ok,35.4305,8
2026-09-10,RKLB,Rocket Lab Corporation,USD,63.07,-0.27,,,,,,,,,無法判讀,1384.3284,10.8034,,,,-247.44,37.57,151.0,22.4808,0.7095,30.0,2026-10-09,ok,22.4224,9
2026-09-10,SNDK,Sandisk Corporation,USD,1764.17,73.69,23.9404,21.7443,21.4294,3.6977,0.5939,1329.8596,1602.3401,1874.8206,高估~均值,6.6642,16.7044,22.1325,,,19.808,72.03,2354.39,74.1399,0.7554,30.0,2026-10-09,ok,7.5406,8
2026-09-10,SOXX,iShares PHLX SOX Semiconductor ,USD,532.0,13.6039,39.1065,40.1087,39.3832,3.0555,-0.328,504.0667,545.6337,587.2007,均值~低估,,1.2544,,,0.29,,251.86,655.95,69.3261,0.4341,30.0,2026-10-09,ok,43.2593,8
2026-09-10,SPCX,Space Exploration Technologies ,USD,147.55,-1.1,,,,,,,,,無法判讀,88.3216,15.2807,114.7059,,,675.889,104.83,225.64,35.3613,0.5256,30.0,2026-10-09,ok,7.2872,8
2026-09-10,SPOT,Spotify Technology S.A.,USD,523.0,18.5,28.2703,26.3859,26.3208,1.9148,0.9841,452.7151,488.1398,523.5645,高估~均值,28.99,10.9775,32.2207,1.53,,38.077,405.0,745.0,34.7059,0.4482,30.0,2026-10-09,ok,44.7321,8
2026-09-10,SPY,State Street SPDR S&P 500 ETF T,USD,762.4,30.9505,24.6329,24.2482,24.1749,0.464,0.8289,736.1321,750.4944,764.8568,高估~均值,,1.7762,,,0.98,,629.28,779.37,88.6935,0.1379,30.0,2026-10-09,ok,17.8387,8
2026-09-10,TRV,"The Travelers Companies, Inc.",USD,366.85,37.22,9.8563,9.0686,9.0717,0.9018,0.8735,303.9697,337.5336,371.0974,高估~均值,12.1439,2.3105,6.9396,2.36,1.37,6.993,252.26,398.7,78.2505,0.2639,37.0,2026-10-16,ok,63.6938,8
2026-09-10,TSLA,"Tesla, Inc.",USD,367.81,1.07,343.7477,355.9378,365.3365,36.5783,-0.3333,341.7147,380.8534,419.9922,均值~低估,170.3944,16.7224,77.7459,4.23,,132.709,297.38,498.83,34.9615,0.4321,30.0,2026-10-09,ok,20.5445,8
2026-09-10,TSM,Taiwan Semiconductor Manufactur,USD,435.36,13.52,32.2012,31.1198,30.9697,1.287,0.8402,403.3394,420.7399,438.1404,高估~均值,19.8567,89.0929,0.857,0.81,0.93,4.991,257.75,479.0,80.2757,0.3434,30.0,2026-10-09,ok,11.9191,8
2026-09-10,UBER,"Uber Technologies, Inc.",USD,71.08,4.56,15.5877,16.1153,16.1414,0.6508,-0.8106,70.5178,73.4856,76.4533,均值~低估,16.1407,5.3084,13.928,6.42,,21.38,65.41,101.99,15.5003,0.4192,30.0,2026-10-09,ok,60.7168,8
2026-09-10,VRT,"Vertiv Holdings, LLC",USD,262.89,4.42,59.4774,68.2466,68.6029,7.4296,-1.1803,268.8113,301.6499,334.4885,顯著低估,28.8182,21.2711,30.174,0.95,0.09,41.882,132.685,379.935,52.6613,0.5925,30.0,2026-10-09,ok,30.0196,8
2026-09-10,XLI,State Street Industrial Select ,USD,171.79,6.1593,27.8911,28.949,29.0194,0.7781,-1.3597,173.5139,178.3062,183.0986,顯著低估,,1.7462,,,1.18,,147.14,188.19,60.0487,0.3055,30.0,2026-10-09,ok,94.0005,8
2026-09-10,XLV,State Street Health Care Select,USD,166.58,5.5971,29.7617,28.3561,28.6388,1.6864,0.8335,149.2734,158.7123,168.1513,高估~均值,,,,,1.49,,133.73,176.6,76.627,,,,no_market,,0
2026-09-11,000660.KS,SK hynix,KRW,1853000.0,,,,,,,,,,無法判讀,3.9244,,20.8606,0.19,0.08,1.164,0.0,2987000.0,62.0355,,,,no_market,,0
2026-09-11,2330.TW,TAIWAN SEMICONDUCTOR MANUFACTUR,TWD,2450.0,85.02,28.8167,27.8314,28.0522,0.9069,1.0865,2289.114,2366.2222,2443.3305,顯著高估,17.2283,9.877,24.1146,0.74,1.14,19.298,1235.0,2535.0,93.4615,,,,no_market,,0
2026-09-11,AAPL,Apple Inc.,USD,326.57,8.73,37.4078,35.3269,35.437,1.6254,1.2803,294.2139,308.4036,322.5932,顯著高估,34.0974,44.3709,32.4829,2.52,0.34,27.531,226.65,344.57,84.7354,0.2737,29.0,2026-10-09,ok,66.2196,10
2026-09-11,ADBE,Adobe Inc.,USD,248.83,17.48,14.2351,13.9469,14.2085,1.4479,0.1991,218.4832,243.792,269.1008,高估~均值,9.049,8.6199,9.4371,0.62,,10.562,190.12,370.86,32.4831,0.5624,29.0,2026-10-09,ok,84.5561,9
2026-09-11,AMD,"Advanced Micro Devices, Inc.",USD,503.6,3.91,128.798,125.4503,125.2698,10.948,0.3058,447.704,490.5106,533.3171,高估~均值,32.2178,12.226,81.559,0.49,,88.04,149.85,584.73,81.3443,0.5109,29.0,2026-10-09,ok,6.4921,9
2026-09-11,AMZN,"Amazon.com, Inc.",USD,251.89,12.42,20.281,20.5246,20.6433,1.1295,-0.2157,240.8877,254.9158,268.9438,均值~低估,24.2194,4.924,16.8334,1.51,,16.879,196.0,287.2,61.2829,0.3267,29.0,2026-10-09,ok,33.1523,9
2026-09-11,APP,Applovin Corporation,USD,314.49,13.0,24.1915,33.6879,35.3265,6.9716,-1.3622,347.3126,437.9431,528.5736,顯著低估,14.9923,33.3358,21.1469,0.69,,18.939,297.5,745.61,3.7915,0.5729,29.0,2026-10-09,ok,16.1927,9
2026-09-11,ASML,ASML Holding N.V. - New York Re,USD,1687.43,29.57,57.0656,58.0307,58.8291,4.0147,-0.2404,1597.2549,1715.9692,1834.6836,均值~低估,28.0601,1418.9932,56.4244,1.53,0.52,2735.716,798.51,1999.96,73.9873,0.458,29.0,2026-10-09,ok,16.2125,9
2026-09-11,AVGO,Broadcom Inc.,USD,360.83,7.83,46.083,50.4835,49.8985,3.4896,-1.261,367.9622,395.2861,422.61,顯著低估,18.6149,17.2506,42.2276,0.35,0.71,34.04,289.96,495.0,34.564,0.3915,29.0,2026-10-09,ok,8.6279,10
2026-09-11,BE,Bloom Energy Corporation,USD,258.49,0.78,331.3974,323.1232,325.5513,50.3765,0.1642,212.7425,252.0361,291.3298,高估~均值,52.5372,47.0409,103.1906,0.57,,189.823,61.37,351.28,67.9935,0.8128,29.0,2026-10-09,ok,2.5804,9
2026-09-11,COHR,Coherent Corp.,USD,293.17,4.13,70.9855,81.3381,80.2966,11.653,-0.8884,287.7991,335.9262,384.0533,均值~低估,21.0078,5.2634,722.0381,0.92,,43.085,100.63,440.0,56.7345,0.7732,29.0,2026-10-09,ok,21.1445,9
2026-09-11,CRM,"Salesforce, Inc.",USD,243.0,10.91,22.2731,17.1013,16.5064,2.5907,1.9964,158.3111,186.5751,214.8391,顯著高估,15.1797,5.211,12.6977,1.05,0.72,17.979,146.32,269.11,78.7361,0.4185,29.0,2026-10-09,ok,48.224,9
2026-09-11,CRWD,"CrowdStrike Holdings, Inc.",USD,208.86,0.04,5221.5,4605.6326,4688.625,663.1334,0.9287,157.7,184.2253,210.7506,高估~均值,130.1714,41.9145,106.0485,6.82,,1952.235,85.68,233.88,83.1174,0.5249,29.0,2026-10-09,ok,51.0508,9
2026-09-11,CRWV,"CoreWeave, Inc.",USD,89.12,-3.55,,,,,,,,,無法判讀,-45.7354,9.7741,5.9173,,,25.98,60.55,153.2,30.8365,0.7983,29.0,2026-10-09,ok,20.7941,9
2026-09-11,DELL,Dell Technologies Inc.,USD,506.62,17.18,29.4889,23.2495,24.5049,4.7541,1.3124,317.75,399.4258,481.1015,顯著高估,17.7099,-229.0326,13.1505,0.62,0.47,20.537,110.22,562.99,87.55,0.6093,29.0,2026-10-09,ok,1.7706,9
2026-09-11,GOOG,Alphabet Inc.,USD,330.39,19.93,16.5775,17.9256,17.8505,1.0033,-1.3437,337.2624,357.2578,377.2531,顯著低估,22.2128,6.4915,9.8347,1.24,0.27,22.594,236.58,404.47,55.8759,0.31,29.0,2026-10-09,ok,30.2864,9
2026-09-11,IGV,iShares Expanded Tech-Software ,USD,101.2,3.2158,31.4695,29.809,29.1061,1.999,0.8307,89.4318,95.8601,102.2884,高估~均值,,0.2536,,,0.02,,73.93,117.99,61.8929,0.354,29.0,2026-10-09,ok,57.829,9
2026-09-11,INTC,Intel Corporation,USD,100.32,-2.09,,,,,,,,,無法判讀,49.0613,5.7791,35.505,1.36,,33.984,24.05,142.35,64.4717,0.6218,29.0,2026-10-09,ok,33.3749,9
2026-09-11,ISRG,"Intuitive Surgical, Inc.",USD,360.46,8.73,41.2898,45.581,46.0756,3.5225,-1.2182,367.1707,397.9223,428.6739,顯著低估,29.8595,7.0213,34.8438,1.6,,28.632,328.57,603.88,11.5833,0.4385,29.0,2026-10-09,ok,75.9562,9
2026-09-11,LITE,Lumentum Holdings Inc.,USD,935.7,-92.96,,,,,,,,,無法判讀,28.0981,17.8521,111.7012,0.63,,109.46,144.52,1085.68,84.0643,0.7461,29.0,2026-10-09,ok,14.5954,9
2026-09-11,META,"Meta Platforms, Inc.",USD,644.38,26.54,24.2796,22.535,22.4721,1.1737,1.4864,566.9272,598.0777,629.2281,顯著高估,18.4321,6.2854,10.9051,0.82,0.32,15.388,520.26,790.8,45.8786,0.4011,29.0,2026-10-09,ok,52.0929,9
2026-09-11,MRVL,"Marvell Technology, Inc.",USD,226.96,3.03,74.9043,74.2829,71.967,13.3512,0.0465,184.623,225.0772,265.5315,高估~均值,33.7746,10.7386,90.4546,1.19,0.1,72.776,66.14,329.88,60.9767,0.65,29.0,2026-10-09,ok,16.2131,9
2026-09-11,MSFT,Microsoft Corporation,USD,492.44,17.95,27.434,24.0192,23.1518,2.6467,1.2902,383.6376,431.145,478.6524,顯著高估,20.89,8.2673,19.9887,1.62,0.74,19.063,349.2,553.72,70.0372,0.2857,29.0,2026-10-09,ok,14.5168,9
2026-09-11,MU,"Micron Technology, Inc.",USD,977.41,44.19,22.1184,20.8723,21.2051,2.8307,0.4402,797.2618,922.3483,1047.4349,高估~均值,6.3048,10.9557,21.4629,0.15,0.05,16.726,147.61,1255.0,74.933,0.636,29.0,2026-10-09,ok,28.3942,9
2026-09-11,NBIS,Nebius Group N.V.,USD,228.11,-0.07,,,,,,,,,無法判讀,-72.6208,6.0471,9.562,0.54,,263.697,73.52,299.86,68.2999,0.8228,29.0,2026-10-09,ok,4.4919,9
2026-09-11,NFLX,"Netflix, Inc.",USD,76.01,3.18,23.9025,24.7939,24.5912,1.9217,-0.4639,72.7337,78.8447,84.9556,均值~低估,19.8932,10.4972,26.4394,1.45,,22.008,65.08,125.345,18.1366,0.3377,29.0,2026-10-09,ok,8.8567,9
2026-09-11,NOW,"ServiceNow, Inc.",USD,131.17,1.6,81.9812,69.5683,67.3406,9.6618,1.2847,95.8504,111.3093,126.7682,顯著高估,26.2051,10.8351,25.5485,1.02,,48.098,81.24,194.726,43.9966,0.5435,29.0,2026-10-09,ok,51.2872,9
2026-09-11,NVDA,NVIDIA Corporation,USD,218.36,7.92,27.5707,26.7374,26.7677,1.3038,0.6391,201.4339,211.7602,222.0866,高估~均值,14.0266,23.0265,39.2434,0.59,0.45,26.665,164.27,236.54,74.8443,0.347,29.0,2026-10-09,ok,13.6172,10
2026-09-11,ORCL,Oracle Corporation,USD,152.94,5.83,26.2333,27.9951,25.9854,5.3681,-0.3282,131.915,163.2112,194.5074,均值~低估,13.9459,11.7285,13.7768,0.9,1.24,19.893,114.5,331.0,17.7552,0.7228,29.0,2026-10-09,ok,70.3233,9
2026-09-11,PANW,"Palo Alto Networks, Inc.",USD,338.49,1.14,296.921,272.2383,285.7851,46.8475,0.5269,256.9455,310.3517,363.7579,高估~均值,69.382,9.9462,60.5907,1.7,,146.806,139.57,398.88,76.7113,0.5403,29.0,2026-10-09,ok,54.627,9
2026-09-11,PLTR,Palantir Technologies Inc.,USD,165.86,1.17,141.7607,123.3268,115.7222,18.2717,1.0089,122.9145,144.2924,165.6703,顯著高估,71.3079,40.7719,112.2246,1.68,,149.59,106.37,207.52,58.8136,0.4926,29.0,2026-10-09,ok,25.1673,9
2026-09-11,QQQ,"Invesco QQQ Trust, Series 1",USD,708.69,24.5347,28.8852,29.0992,29.1583,0.6677,-0.3205,697.5579,713.9408,730.3237,均值~低估,,1.9808,,,0.42,,555.6,748.65,79.3007,0.2117,29.0,2026-10-09,ok,42.4338,9
2026-09-11,RKLB,Rocket Lab Corporation,USD,61.96,-0.27,,,,,,,,,無法判讀,1359.9648,10.6132,,,,-236.309,37.57,151.0,21.5022,0.6951,29.0,2026-10-09,ok,19.9221,10
2026-09-11,SNDK,Sandisk Corporation,USD,1692.59,73.74,22.9535,21.8058,21.5551,3.6481,0.3146,1338.9467,1607.9578,1876.9688,高估~均值,6.3938,16.0266,21.2345,,,20.112,81.38,2354.39,70.8844,0.7393,29.0,2026-10-09,ok,5.8981,9
2026-09-11,SOXX,iShares PHLX SOX Semiconductor ,USD,517.43,13.6039,38.0355,40.1509,39.3832,2.9992,-0.7053,505.4069,546.2079,587.0089,均值~低估,,1.2201,,,0.29,,254.16,655.95,65.5243,0.4214,29.0,2026-10-09,ok,40.3496,9
2026-09-11,SPCX,Space Exploration Technologies ,USD,148.18,-1.11,,,,,,,,,無法判讀,88.6987,15.3459,113.3262,,,649.422,104.83,225.64,35.8828,0.525,29.0,2026-10-09,ok,7.1969,9
2026-09-11,SPOT,Spotify Technology S.A.,USD,521.73,18.51,28.1864,26.4198,26.3555,1.9042,0.9277,453.7841,489.0311,524.2781,高估~均值,28.9206,10.9508,32.1481,1.53,,37.645,405.0,745.0,34.3324,0.4506,29.0,2026-10-09,ok,45.5167,9
2026-09-11,SPY,State Street SPDR S&P 500 ETF T,USD,757.83,30.9505,24.4853,24.2616,24.1911,0.4531,0.4936,736.8825,750.9076,764.9326,高估~均值,,1.7656,,,0.98,,629.28,779.37,85.6486,0.1513,29.0,2026-10-09,ok,26.3061,9
2026-09-11,TRV,"The Travelers Companies, Inc.",USD,367.56,37.2,9.8806,9.0923,9.0828,0.9013,0.8748,304.7046,338.2318,371.7589,高估~均值,12.1674,2.3149,6.953,2.36,1.36,7.014,252.26,398.7,78.7353,0.2901,36.0,2026-10-16,ok,82.4,9
2026-09-11,TSLA,"Tesla, Inc.",USD,363.56,1.07,339.7757,355.6547,364.6589,36.6039,-0.4338,341.3843,380.5506,419.7168,均值~低估,168.4255,16.5292,76.8476,4.23,,132.58,297.38,498.83,32.8518,0.4169,29.0,2026-10-09,ok,14.9099,9
2026-09-11,TSM,Taiwan Semiconductor Manufactur,USD,428.03,13.54,31.6123,31.0988,30.9612,1.2734,0.4033,403.8354,421.0772,438.319,高估~均值,19.5224,87.5929,0.8426,0.81,0.94,4.943,257.98,479.0,76.9387,0.3357,29.0,2026-10-09,ok,8.8195,9
2026-09-11,UBER,"Uber Technologies, Inc.",USD,72.56,4.56,15.9123,16.109,16.102,0.65,-0.3027,70.493,73.4571,76.4213,均值~低估,16.4726,5.419,14.218,6.42,,20.82,65.41,101.99,19.5462,0.4312,29.0,2026-10-09,ok,65.7751,9
2026-09-11,VRT,"Vertiv Holdings, LLC",USD,248.13,4.42,56.138,68.045,68.3292,7.5097,-1.5855,267.5661,300.759,333.9519,顯著低估,27.2002,20.0769,28.4799,0.95,0.1,37.867,132.685,379.935,46.6916,0.5823,29.0,2026-10-09,ok,27.2647,9
2026-09-11,XLI,State Street Industrial Select ,USD,170.55,6.1593,27.6897,28.9447,29.0194,0.784,-1.6006,173.4503,178.2794,183.1086,顯著低估,,1.7335,,,1.18,,147.14,188.19,57.028,0.316,29.0,2026-10-09,ok,99.1415,9
2026-09-11,XLV,State Street Health Care Select,USD,165.66,5.5971,29.5974,28.3968,28.6826,1.6714,0.7183,149.5849,158.9401,168.2953,高估~均值,,1.3018,,,1.49,,133.73,176.6,74.481,0.2941,29.0,2026-10-09,ok,100.0,8
2026-09-12,000660.KS,SK hynix,KRW,1812000.0,,,,,,,,,,無法判讀,3.8353,,20.399,0.2,0.08,1.137,319000.0,2987000.0,55.9595,,,,no_market,,0
2026-09-12,2330.TW,TAIWAN SEMICONDUCTOR MANUFACTUR,TWD,2410.0,84.11,28.653,28.1457,28.3557,0.9156,0.554,2290.3239,2367.3333,2444.3427,高估~均值,16.9579,9.7158,23.7209,0.73,1.14,18.971,1250.0,2535.0,90.2724,,,,no_market,,0
2026-09-12,AAPL,Apple Inc.,USD,332.27,8.72,38.1044,35.438,35.5092,1.6062,1.6601,295.0138,309.0196,323.0253,顯著高估,34.7032,45.1454,33.0499,2.48,0.33,28.507,229.02,344.57,89.3553,0.2611,28.0,2026-10-09,ok,57.926,11
2026-09-12,ADBE,Adobe Inc.,USD,252.23,17.92,14.0753,13.6034,13.8597,1.4119,0.3343,218.4712,243.7728,269.0744,高估~均值,9.1216,8.7377,9.566,0.62,,10.316,190.12,370.86,34.3643,0.4608,28.0,2026-10-09,ok,57.8905,10
2026-09-12,AMD,"Advanced Micro Devices, Inc.",USD,516.13,3.93,131.3308,125.3055,125.3537,10.1355,0.5945,452.6181,492.4504,532.2828,高估~均值,33.2762,12.5302,83.5882,0.49,,85.053,149.85,584.73,84.2255,0.5063,28.0,2026-10-09,ok,5.4093,10
2026-09-12,AMZN,"Amazon.com, Inc.",USD,256.78,12.42,20.6747,20.511,20.6433,1.12,0.1462,240.8358,254.7461,268.6565,高估~均值,24.6812,5.0195,17.1602,1.48,,16.847,196.0,287.2,66.6447,0.3122,28.0,2026-10-09,ok,27.5802,10
2026-09-12,APP,Applovin Corporation,USD,323.96,13.02,24.8817,33.5073,34.8026,7.0148,-1.2296,344.9326,436.2649,527.5972,顯著低估,15.4437,34.3396,21.8759,0.66,,19.521,297.5,745.61,5.9048,0.5037,28.0,2026-10-09,ok,4.0819,10
2026-09-12,ASML,ASML Holding N.V. - New York Re,USD,1698.3,29.53,57.511,58.2268,58.9087,3.8406,-0.1864,1606.0234,1719.4369,1832.8504,均值~低估,28.2249,1427.3237,56.7879,1.54,0.54,2669.129,806.3,1999.96,74.7281,0.4296,28.0,2026-10-09,ok,5.4371,10
2026-09-12,AVGO,Broadcom Inc.,USD,361.99,7.83,46.2312,50.4062,49.7056,3.506,-1.1908,367.2282,394.6804,422.1327,顯著低估,18.6748,17.335,42.5062,0.36,0.71,33.715,289.96,495.0,35.1297,0.3532,28.0,2026-10-09,ok,0.0,11
2026-09-12,BE,Bloom Energy Corporation,USD,275.75,0.78,353.5256,322.9396,325.5513,50.2334,0.6089,212.7108,251.8929,291.0749,高估~均值,56.0453,50.182,110.0809,0.61,,182.229,61.37,351.28,73.9471,0.7562,28.0,2026-10-09,ok,0.0,10
2026-09-12,COHR,Coherent Corp.,USD,305.37,4.13,73.9395,81.2721,80.1368,11.6782,-0.6279,287.4229,335.6538,383.8847,均值~低估,21.882,5.4824,752.0851,0.92,,41.667,100.63,440.0,60.3294,0.7272,28.0,2026-10-09,ok,11.5034,10
2026-09-12,CRM,"Salesforce, Inc.",USD,247.72,10.91,22.7058,17.1647,16.5064,2.6571,2.0854,158.2776,187.2667,216.2557,顯著高估,15.4746,5.3122,12.9444,0.9,0.72,17.905,146.32,269.11,82.58,0.3898,28.0,2026-10-09,ok,40.4898,10
2026-09-12,CRWD,"CrowdStrike Holdings, Inc.",USD,206.74,0.04,5168.5001,4630.4743,4704.125,641.278,0.839,159.5679,185.219,210.8701,高估~均值,128.8501,41.4891,104.9721,6.65,,1962.392,85.68,233.88,81.6869,0.53,28.0,2026-10-09,ok,52.2732,10
2026-09-12,CRWV,"CoreWeave, Inc.",USD,88.99,-3.55,,,,,,,,,無法判讀,-45.6687,9.7598,5.9087,,,25.132,60.55,153.2,30.6962,0.7136,28.0,2026-10-09,ok,5.4414,10
2026-09-12,DELL,Dell Technologies Inc.,USD,567.29,17.17,33.0396,23.4932,24.5524,4.7228,2.0214,322.2878,403.3774,484.4671,顯著高估,19.7855,-256.4602,14.7253,0.63,0.47,19.51,110.22,567.75,99.8995,0.6156,28.0,2026-10-09,ok,3.6554,10
2026-09-12,GOOG,Alphabet Inc.,USD,335.45,19.92,16.8399,17.91,17.8391,1.0031,-1.0668,336.7847,356.7668,376.7489,顯著低估,22.553,6.5909,9.9854,1.21,0.27,22.736,236.685,404.47,58.864,0.3031,28.0,2026-10-09,ok,26.7361,10
2026-09-12,IGV,iShares Expanded Tech-Software ,USD,101.52,3.2158,31.569,29.8542,29.1264,1.9922,0.8608,89.599,96.0054,102.4119,高估~均值,,0.2544,,,0.02,,73.93,117.99,62.6192,0.3916,28.0,2026-10-09,ok,71.2327,10
2026-09-12,INTC,Intel Corporation,USD,102.94,-2.09,,,,,,,,,無法判讀,50.3426,5.9301,36.4322,1.36,,32.211,24.05,142.35,66.6864,0.5884,28.0,2026-10-09,ok,28.0902,10
2026-09-12,ISRG,"Intuitive Surgical, Inc.",USD,369.15,8.72,42.3337,45.5273,46.1015,3.4799,-0.9177,366.653,396.9979,427.3428,均值~低估,30.5295,7.1906,35.6838,1.64,,29.242,328.57,603.88,14.7397,0.4315,28.0,2026-10-09,ok,73.2524,10
2026-09-12,LITE,Lumentum Holdings Inc.,USD,927.03,-92.92,,,,,,,,,無法判讀,23.3509,17.6867,110.6662,0.63,,103.491,144.52,1085.68,83.1431,0.7135,28.0,2026-10-09,ok,8.164,10
2026-09-12,META,"Meta Platforms, Inc.",USD,648.03,26.55,24.4079,22.5422,22.4637,1.189,1.5692,566.9283,598.4957,630.0631,顯著高估,18.5365,6.321,10.9668,0.86,0.32,15.171,520.26,790.8,47.2278,0.3759,28.0,2026-10-09,ok,44.1906,10
2026-09-12,MRVL,"Marvell Technology, Inc.",USD,236.1,3.02,78.1788,74.7954,72.4023,13.2238,0.2559,185.9462,225.8821,265.818,高估~均值,35.0674,11.3488,94.0973,1.25,0.11,70.299,66.14,329.88,64.4423,0.6453,28.0,2026-10-09,ok,15.3789,10
2026-09-12,MSFT,Microsoft Corporation,USD,495.63,17.97,27.581,24.0432,23.1692,2.6684,1.3258,384.1043,432.0562,480.0081,顯著高估,21.0253,8.3208,20.1182,1.6,0.74,19.093,349.2,553.72,71.5969,0.2564,28.0,2026-10-09,ok,0.9488,10
2026-09-12,MU,"Micron Technology, Inc.",USD,975.26,44.28,22.0248,20.93,21.1776,2.7019,0.4052,807.1388,926.7796,1046.4203,高估~均值,6.2595,10.9316,21.4157,0.14,0.05,15.893,153.21,1255.0,74.6104,0.603,28.0,2026-10-09,ok,23.0646,10
2026-09-12,NBIS,Nebius Group N.V.,USD,224.55,-0.07,,,,,,,,,無法判讀,-71.4875,5.9528,10.1812,0.56,,250.693,73.52,299.86,66.727,0.751,28.0,2026-10-09,ok,0.0,10
2026-09-12,NFLX,"Netflix, Inc.",USD,77.4,3.18,24.3396,24.7463,24.5173,1.8783,-0.2165,72.7202,78.6933,84.6665,均值~低估,20.257,10.6891,26.9228,1.41,,22.002,65.08,124.86,20.6089,0.351,28.0,2026-10-09,ok,14.8529,10
2026-09-12,NOW,"ServiceNow, Inc.",USD,132.53,1.6,82.8312,69.85,67.4094,9.675,1.3417,96.28,111.76,127.24,顯著高估,26.4768,10.9475,25.8134,0.94,,48.119,81.24,194.726,45.195,0.52,28.0,2026-10-09,ok,46.6184,10
2026-09-12,NVDA,NVIDIA Corporation,USD,218.29,7.9,27.6316,26.833,26.8677,1.2976,0.6155,201.7294,211.9803,222.2313,高估~均值,14.0221,23.0191,39.2308,0.59,0.46,26.03,164.27,236.54,74.7475,0.3217,28.0,2026-10-09,ok,2.8019,11
2026-09-12,ORCL,Oracle Corporation,USD,150.28,6.38,23.5549,25.5294,23.6599,4.9016,-0.4028,131.6057,162.8778,194.1498,均值~低估,13.6729,11.5245,13.5371,0.91,1.24,19.072,114.5,329.5,16.6419,0.5044,28.0,2026-10-09,ok,21.6751,10
2026-09-12,PANW,"Palo Alto Networks, Inc.",USD,330.65,1.15,287.5217,271.2825,284.5174,44.986,0.361,260.241,311.9749,363.7088,高估~均值,67.7718,9.8262,59.1873,1.71,,148.294,139.57,398.88,73.6879,0.5071,28.0,2026-10-09,ok,48.4692,10
2026-09-12,PLTR,Palantir Technologies Inc.,USD,167.23,1.18,141.7203,122.4813,114.7415,18.2319,1.0552,123.0143,144.5279,166.0416,顯著高估,71.8969,41.1087,113.1516,1.63,,146.278,106.37,207.52,60.1681,0.467,28.0,2026-10-09,ok,17.6589,10
2026-09-12,QQQ,"Invesco QQQ Trust, Series 1",USD,714.88,24.5347,29.1375,29.1183,29.1618,0.6435,0.0299,698.6199,714.4074,730.195,高估~均值,,1.9981,,,0.42,,555.6,748.65,82.5071,0.1833,28.0,2026-10-09,ok,23.5005,10
2026-09-12,RKLB,Rocket Lab Corporation,USD,62.95,-0.27,,,,,,,,,無法判讀,1381.6946,10.7828,,,,-231.897,37.57,151.0,22.375,0.7249,28.0,2026-10-09,ok,25.0922,11
2026-09-12,SNDK,Sandisk Corporation,USD,1633.35,73.8,22.1321,21.8449,21.5413,3.6096,0.0796,1345.7625,1612.1521,1878.5417,高估~均值,6.1701,15.4657,20.4913,,,19.281,82.28,2354.39,68.2656,0.6709,28.0,2026-10-09,ok,0.0,10
2026-09-12,SOXX,iShares PHLX SOX Semiconductor ,USD,527.07,13.6039,38.7441,40.204,39.3832,2.93,-0.4983,507.0711,546.9302,586.7893,均值~低估,,1.2428,,,0.29,,254.16,655.95,67.9235,0.3849,28.0,2026-10-09,ok,0.0,10
2026-09-12,SPCX,Space Exploration Technologies ,USD,151.21,-1.1,,,,,,,,,無法判讀,97.5649,15.6597,117.5512,,,652.239,104.83,225.64,38.3909,0.5042,28.0,2026-10-09,ok,4.1076,10
2026-09-12,SPOT,Spotify Technology S.A.,USD,525.75,18.52,28.3882,26.4581,26.3969,1.8918,1.0203,454.9663,490.0032,525.0401,顯著高估,29.2943,11.0352,32.3901,1.48,,37.548,405.0,745.0,35.5147,0.4424,28.0,2026-10-09,ok,42.821,10
2026-09-12,SPY,State Street SPDR S&P 500 ETF T,USD,764.29,30.9505,24.694,24.2782,24.2242,0.441,0.9428,737.7731,751.4218,765.0705,高估~均值,,1.7806,,,0.98,,629.28,779.37,89.9527,0.1264,28.0,2026-10-09,ok,10.614,10
2026-09-12,TRV,"The Travelers Companies, Inc.",USD,375.2,37.2,10.086,9.1143,9.0976,0.9011,1.0784,305.53,339.0503,372.5706,顯著高估,12.4203,2.363,7.0975,2.36,1.36,7.027,252.26,398.7,83.9525,0.2697,35.0,2026-10-16,ok,67.8483,10
2026-09-12,TSLA,"Tesla, Inc.",USD,365.44,1.09,335.2661,348.853,353.6605,35.9425,-0.378,341.0725,380.2498,419.4271,均值~低估,169.2965,16.6147,77.245,4.4,,131.019,297.38,498.83,33.7851,0.4014,28.0,2026-10-09,ok,9.2076,10
2026-09-12,TSM,Taiwan Semiconductor Manufactur,USD,433.24,13.57,31.9263,31.0559,30.913,1.2648,0.6882,404.266,421.4287,438.5914,高估~均值,19.76,88.659,0.8529,0.82,0.95,4.847,257.98,479.0,79.296,0.3168,28.0,2026-10-09,ok,1.2607,10
2026-09-12,UBER,"Uber Technologies, Inc.",USD,71.67,4.56,15.7171,16.1035,16.0504,0.6512,-0.5933,70.4623,73.432,76.4017,均值~低估,16.2676,5.3525,14.0436,6.03,,21.224,65.41,101.99,17.1132,0.3655,28.0,2026-10-09,ok,38.0063,10
2026-09-12,VRT,"Vertiv Holdings, LLC",USD,257.06,4.42,58.1584,67.8592,68.069,7.5455,-1.2857,266.5868,299.9378,333.2888,顯著低估,28.1791,20.7994,29.5048,0.89,0.1,35.745,132.685,379.935,50.3033,0.5449,28.0,2026-10-09,ok,6.5629,10
2026-09-12,XLI,State Street Industrial Select ,USD,172.37,6.1593,27.9852,28.9472,29.0194,0.7806,-1.2324,173.4872,178.2949,183.1026,顯著低估,,1.752,,,1.18,,147.14,188.19,61.4616,0.3129,28.0,2026-10-09,ok,97.5872,10
2026-09-12,XLV,State Street Health Care Select,USD,165.36,5.5971,29.5437,28.4377,28.7273,1.6536,0.6689,149.914,159.1693,168.4247,高估~均值,,,,,1.49,,133.73,176.6,73.7812,0.313,28.0,2026-10-09,ok,100.0,9
2026-09-13,000660.KS,SK hynix,KRW,1812000.0,,,,,,,,,,無法判讀,3.8353,,20.399,0.2,0.08,1.137,325000.0,2987000.0,55.8603,,,,no_market,,0
2026-09-13,2330.TW,TAIWAN SEMICONDUCTOR MANUFACTUR,TWD,2410.0,85.55,28.1707,27.6719,27.8784,0.9002,0.554,2290.3239,2367.3333,2444.3427,高估~均值,16.9579,9.7158,23.7209,0.73,1.16,18.971,1250.0,2535.0,90.2724,,,,no_market,,0
2026-09-13,AAPL,Apple Inc.,USD,332.27,8.71,38.1481,35.4787,35.5499,1.608,1.6601,295.0138,309.0196,323.0253,顯著高估,34.7032,45.1454,33.0499,2.48,0.33,29.002,235.03,344.57,88.7712,0.2658,27.0,2026-10-09,ok,60.9858,12
2026-09-13,ADBE,Adobe Inc.,USD,252.23,17.91,14.0832,13.611,13.8674,1.4127,0.3343,218.4712,243.7728,269.0744,高估~均值,9.1153,8.7377,9.566,0.62,,10.316,190.12,370.86,34.3643,0.469,27.0,2026-10-09,ok,60.0366,11
2026-09-13,AMD,"Advanced Micro Devices, Inc.",USD,516.13,3.92,131.6658,125.6251,125.6735,10.1613,0.5945,452.6181,492.4504,532.2828,高估~均值,33.2762,12.5302,83.5882,0.49,,87.192,149.85,584.73,84.2255,0.5034,27.0,2026-10-09,ok,4.7281,11
2026-09-13,AMZN,"Amazon.com, Inc.",USD,256.78,12.43,20.6581,20.4945,20.6267,1.1191,0.1462,240.8358,254.7461,268.6565,高估~均值,24.6812,5.0195,17.1602,1.48,,17.159,196.0,287.2,66.6447,0.3178,27.0,2026-10-09,ok,29.7107,11
2026-09-13,APP,Applovin Corporation,USD,323.96,13.02,24.8817,33.5073,34.8026,7.0148,-1.2296,344.9326,436.2649,527.5972,顯著低估,15.4437,34.3396,21.8759,0.66,,20.107,297.5,745.61,5.9048,0.5126,27.0,2026-10-09,ok,5.6411,11
2026-09-13,ASML,ASML Holding N.V. - New York Re,USD,1698.3,29.55,57.4721,58.1874,58.8689,3.838,-0.1864,1606.0234,1719.4369,1832.8504,均值~低估,28.2249,1427.3237,56.7879,1.54,0.53,2686.326,833.92,1999.96,74.1295,0.4372,27.0,2026-10-09,ok,8.3227,11
2026-09-13,AVGO,Broadcom Inc.,USD,361.99,7.86,46.0547,50.2138,49.5159,3.4927,-1.1908,367.2282,394.6804,422.1327,顯著低估,18.6748,17.335,42.5062,0.36,0.72,33.744,289.96,495.0,35.1297,0.3594,27.0,2026-10-09,ok,2.1356,12
2026-09-13,BE,Bloom Energy Corporation,USD,275.75,0.77,358.1169,327.1336,329.7792,50.8858,0.6089,212.7108,251.8929,291.0749,高估~均值,56.0453,50.182,110.0809,0.61,,194.377,61.37,351.28,73.9471,0.7696,27.0,2026-10-09,ok,1.2402,11
2026-09-13,COHR,Coherent Corp.,USD,305.37,4.12,74.1189,81.4694,80.3313,11.7065,-0.6279,287.4229,335.6538,383.8847,均值~低估,21.882,5.4824,752.0851,0.92,,43.345,100.63,440.0,60.3294,0.7401,27.0,2026-10-09,ok,14.2049,11
2026-09-13,CRM,"Salesforce, Inc.",USD,247.72,10.92,22.685,17.149,16.4913,2.6547,2.0854,158.2776,187.2667,216.2557,顯著高估,15.4746,5.3122,12.9444,0.9,0.71,18.207,146.32,269.11,82.58,0.3966,27.0,2026-10-09,ok,42.3328,11
2026-09-13,CRWD,"CrowdStrike Holdings, Inc.",USD,206.74,0.04,5168.5001,4630.4743,4704.125,641.278,0.839,159.5679,185.219,210.8701,高估~均值,128.7899,41.4891,104.9721,6.65,,1942.078,85.68,233.88,81.6869,0.5075,27.0,2026-10-09,ok,46.8887,11
2026-09-13,CRWV,"CoreWeave, Inc.",USD,88.99,-3.55,,,,,,,,,無法判讀,-45.6687,9.7598,5.9087,,,25.114,60.55,153.2,30.6962,0.7263,27.0,2026-10-09,ok,7.7421,11
2026-09-13,DELL,Dell Technologies Inc.,USD,567.29,17.19,33.0012,23.4658,24.5239,4.7173,2.0214,322.2878,403.3774,484.4671,顯著高估,19.7855,-256.4602,14.7253,0.63,0.44,21.686,110.22,567.75,99.8995,0.6265,27.0,2026-10-09,ok,6.9539,11
2026-09-13,GOOG,Alphabet Inc.,USD,335.45,19.93,16.8314,17.901,17.8302,1.0026,-1.0668,336.7847,356.7668,376.7489,顯著低估,22.553,6.5909,9.9854,1.21,0.26,23.093,236.685,404.47,58.864,0.3085,27.0,2026-10-09,ok,29.5132,11
2026-09-13,IGV,iShares Expanded Tech-Software ,USD,101.52,3.2158,31.569,29.8542,29.1264,1.9922,0.8608,89.599,96.0054,102.4119,高估~均值,,0.2544,,,0.02,,73.93,117.99,62.6192,0.3986,27.0,2026-10-09,ok,73.7132,11
2026-09-13,INTC,Intel Corporation,USD,102.94,-2.09,,,,,,,,,無法判讀,50.3426,5.9301,36.4322,1.36,,32.995,24.22,142.35,66.6384,0.5988,27.0,2026-10-09,ok,9.4582,11
2026-09-13,ISRG,"Intuitive Surgical, Inc.",USD,369.15,8.71,42.3823,45.5796,46.1544,3.4839,-0.9177,366.653,396.9979,427.3428,均值~低估,30.5295,7.1906,35.6838,1.64,,29.976,328.57,603.88,14.7397,0.4391,27.0,2026-10-09,ok,76.1913,11
2026-09-13,LITE,Lumentum Holdings Inc.,USD,927.03,-92.98,,,,,,,,,無法判讀,23.3509,17.6867,110.6662,0.63,,102.52,144.52,1085.68,83.1431,0.7262,27.0,2026-10-09,ok,10.6594,11
2026-09-13,META,"Meta Platforms, Inc.",USD,648.03,26.57,24.3895,22.5252,22.4467,1.1881,1.5692,566.9283,598.4957,630.0631,顯著高估,18.5365,6.321,10.9668,0.86,0.32,15.256,520.26,790.8,47.2278,0.3825,27.0,2026-10-09,ok,46.2787,11
2026-09-13,MRVL,"Marvell Technology, Inc.",USD,236.1,3.02,78.1788,74.7954,72.4023,13.2238,0.2559,185.9462,225.8821,265.818,高估~均值,35.0674,11.3488,94.0973,1.25,0.1,73.111,66.33,329.88,64.4166,0.6567,27.0,2026-10-09,ok,17.3788,11
2026-09-13,MSFT,Microsoft Corporation,USD,495.63,17.94,27.6271,24.0834,23.2079,2.6729,1.3258,384.1043,432.0562,480.0081,顯著高估,21.0253,8.3208,20.1182,1.6,0.73,19.215,349.2,553.72,71.5969,0.261,27.0,2026-10-09,ok,3.0569,11
2026-09-13,MU,"Micron Technology, Inc.",USD,975.26,44.28,22.0248,20.93,21.1776,2.7019,0.4052,807.1388,926.7796,1046.4203,高估~均值,6.249,10.9316,21.4157,0.14,0.05,15.857,154.65,1255.0,74.5772,0.6137,27.0,2026-10-09,ok,24.7885,11
2026-09-13,NBIS,Nebius Group N.V.,USD,224.55,-0.07,,,,,,,,,無法判讀,-71.4875,5.9528,10.1812,0.56,,246.911,73.52,299.86,66.727,0.7643,27.0,2026-10-09,ok,1.3706,11
2026-09-13,NFLX,"Netflix, Inc.",USD,77.4,3.18,24.3396,24.7463,24.5173,1.8783,-0.2165,72.7202,78.6933,84.6665,均值~低估,20.257,10.6891,26.9228,1.41,,22.395,65.08,124.86,20.6089,0.3572,27.0,2026-10-09,ok,17.6585,11
2026-09-13,NOW,"ServiceNow, Inc.",USD,132.53,1.6,82.8312,69.85,67.4094,9.675,1.3417,96.28,111.76,127.24,顯著高估,26.4768,10.9475,25.8134,0.94,,48.604,81.24,194.726,45.195,0.5293,27.0,2026-10-09,ok,48.4665,11
2026-09-13,NVDA,NVIDIA Corporation,USD,218.29,7.9,27.6316,26.833,26.8677,1.2976,0.6155,201.7294,211.9803,222.2313,高估~均值,14.0221,23.0191,39.2308,0.59,0.46,26.021,164.27,236.54,74.7475,0.3274,27.0,2026-10-09,ok,5.2516,12
2026-09-13,ORCL,Oracle Corporation,USD,150.28,6.39,23.518,25.4895,23.6228,4.8939,-0.4028,131.6057,162.8778,194.1498,均值~低估,13.6691,11.5245,9.2219,0.91,1.33,16.503,114.5,329.5,16.6419,0.5027,27.0,2026-10-09,ok,21.2944,11
2026-09-13,PANW,"Palo Alto Networks, Inc.",USD,330.65,0.4,826.625,779.9372,817.9875,129.3347,0.361,260.241,311.9749,363.7088,高估~均值,67.7718,9.8262,59.4052,1.71,,173.056,139.57,398.88,73.6879,0.5161,27.0,2026-10-09,ok,50.1332,11
2026-09-13,PLTR,Palantir Technologies Inc.,USD,167.23,1.17,142.9316,123.5282,115.7222,18.3877,1.0552,123.0143,144.5279,166.0416,顯著高估,71.8969,41.1087,113.1516,1.63,,147.514,106.37,207.52,60.1681,0.4753,27.0,2026-10-09,ok,20.096,11
2026-09-13,QQQ,"Invesco QQQ Trust, Series 1",USD,714.88,24.5347,29.1375,29.1183,29.1618,0.6435,0.0299,698.6199,714.4074,730.195,高估~均值,,1.9981,,,0.42,,555.6,748.65,82.5071,0.1866,27.0,2026-10-09,ok,25.6585,11
2026-09-13,RKLB,Rocket Lab Corporation,USD,62.95,-0.27,,,,,,,,,無法判讀,1381.6946,10.7828,,,,-235.832,37.57,151.0,22.375,0.7378,27.0,2026-10-09,ok,27.3382,12
2026-09-13,SNDK,Sandisk Corporation,USD,1633.35,73.83,22.1231,21.836,21.5325,3.6081,0.0796,1345.7625,1612.1521,1878.5417,高估~均值,6.1701,15.4657,20.4913,,,18.593,85.12,2354.39,68.2259,0.6828,27.0,2026-10-09,ok,1.1959,11
2026-09-13,SOXX,iShares PHLX SOX Semiconductor ,USD,527.07,13.6039,38.7441,40.204,39.3832,2.93,-0.4983,507.0711,546.9302,586.7893,均值~低估,,1.2428,,,0.29,,254.53,655.95,67.894,0.3917,27.0,2026-10-09,ok,2.2919,11
2026-09-13,SPCX,Space Exploration Technologies ,USD,151.21,-1.1,,,,,,,,,無法判讀,97.5649,15.6597,117.5512,,,665.785,104.83,225.64,38.3909,0.5085,27.0,2026-10-09,ok,4.758,11
2026-09-13,SPOT,Spotify Technology S.A.,USD,525.75,18.51,28.4036,26.4724,26.4111,1.8929,1.0203,454.9663,490.0032,525.0401,顯著高估,29.3566,11.0352,32.3901,1.48,,37.856,405.0,745.0,35.5147,0.4503,27.0,2026-10-09,ok,45.406,11
2026-09-13,SPY,State Street SPDR S&P 500 ETF T,USD,764.29,30.9505,24.694,24.2782,24.2242,0.441,0.9428,737.7731,751.4218,765.0705,高估~均值,,1.7806,,,0.98,,629.28,779.37,89.9527,0.1286,27.0,2026-10-09,ok,12.0204,11
2026-09-13,TRV,"The Travelers Companies, Inc.",USD,375.2,37.22,10.0806,9.1094,9.0927,0.9006,1.0784,305.53,339.0503,372.5706,顯著高估,12.4203,2.363,7.0975,2.36,1.33,7.166,252.26,398.7,83.9525,0.2735,34.0,2026-10-16,ok,70.5672,11
2026-09-13,TSLA,"Tesla, Inc.",USD,365.44,1.1,332.2182,345.6816,350.4454,35.6157,-0.378,341.0725,380.2498,419.4271,均值~低估,169.2965,16.6147,77.245,4.4,,131.71,297.38,498.83,33.7851,0.4085,27.0,2026-10-09,ok,11.8221,11
2026-09-13,TSM,Taiwan Semiconductor Manufactur,USD,433.24,13.56,31.9499,31.0788,30.9358,1.2657,0.6882,404.266,421.4287,438.5914,高估~均值,19.76,88.659,0.8529,0.82,0.94,4.915,257.98,479.0,79.296,0.3225,27.0,2026-10-09,ok,3.5149,11
2026-09-13,UBER,"Uber Technologies, Inc.",USD,71.67,4.56,15.7171,16.1035,16.0504,0.6512,-0.5933,70.4623,73.432,76.4017,均值~低估,16.2676,5.3525,14.0436,6.03,,20.981,65.41,101.99,17.1132,0.3721,27.0,2026-10-09,ok,40.7935,11
2026-09-13,VRT,"Vertiv Holdings, LLC",USD,257.06,4.42,58.1584,67.8592,68.069,7.5455,-1.2857,266.5868,299.9378,333.2888,顯著低估,28.1791,20.7994,29.5048,0.89,0.1,37.029,132.685,379.935,50.3033,0.5546,27.0,2026-10-09,ok,9.503,11
2026-09-13,XLI,State Street Industrial Select ,USD,172.37,6.1593,27.9852,28.9472,29.0194,0.7806,-1.2324,173.4872,178.2949,183.1026,顯著低估,,1.752,,,1.18,,147.14,188.19,61.4616,0.3184,27.0,2026-10-09,ok,100.0,11
2026-09-13,XLV,State Street Health Care Select,USD,165.36,5.5971,29.5437,28.4377,28.7273,1.6536,0.6689,149.914,159.1693,168.4247,高估~均值,,,,,1.49,,133.73,176.6,73.7812,0.3185,27.0,2026-10-09,ok,100.0,10
2026-09-14,000660.KS,SK hynix,KRW,1812000.0,,,,,,,,,,無法判讀,3.8475,,20.399,0.19,0.08,1.137,0.0,2987000.0,60.6629,,,,no_market,,0
2026-09-14,2330.TW,TAIWAN SEMICONDUCTOR MANUFACTUR,TWD,2410.0,85.55,28.1707,27.6719,27.8784,0.9002,0.554,2290.3239,2367.3333,2444.3427,高估~均值,16.9579,9.7158,23.7209,0.72,1.16,18.971,1250.0,2535.0,90.2724,,,,no_market,,0
2026-09-14,AAPL,Apple Inc.,USD,332.27,8.71,38.1481,35.4787,35.5499,1.608,1.6601,295.0138,309.0196,323.0253,顯著高估,34.7032,45.1454,33.0499,2.61,0.33,29.002,235.03,344.57,88.7712,0.2686,33.0,2026-10-16,ok,62.8377,13
2026-09-14,ADBE,Adobe Inc.,USD,252.23,17.91,14.0832,13.611,13.8674,1.4127,0.3343,218.4712,243.7728,269.0744,高估~均值,9.1153,8.7377,9.566,0.61,,10.316,190.12,370.86,34.3643,0.4437,33.0,2026-10-16,ok,53.3902,12
2026-09-14,AMD,"Advanced Micro Devices, Inc.",USD,516.13,3.92,131.6658,125.6251,125.6735,10.1613,0.5945,452.6181,492.4504,532.2828,高估~均值,33.2762,12.5302,83.5882,0.53,,87.192,149.85,584.73,84.2255,0.5133,33.0,2026-10-16,ok,7.0513,12
2026-09-14,AMZN,"Amazon.com, Inc.",USD,256.78,12.43,20.6581,20.4945,20.6267,1.1191,0.1462,240.8358,254.7461,268.6565,高估~均值,24.6812,5.0195,17.1602,1.5,,17.159,196.0,287.2,66.6447,0.327,33.0,2026-10-16,ok,33.2459,12
2026-09-14,APP,Applovin Corporation,USD,323.96,13.02,24.8817,33.5073,34.8026,7.0148,-1.2296,344.9326,436.2649,527.5972,顯著低估,15.4437,34.3396,21.8759,0.7,,20.107,297.5,745.61,5.9048,0.557,33.0,2026-10-16,ok,13.4053,12
2026-09-14,ASML,ASML Holding N.V. - New York Re,USD,1698.3,29.55,57.4721,58.1874,58.8689,3.838,-0.1864,1606.0234,1719.4369,1832.8504,均值~低估,28.2962,1430.9277,56.7879,1.51,0.53,2686.326,833.92,1999.96,74.1295,0.4665,33.0,2026-10-16,ok,19.4396,12
2026-09-14,AVGO,Broadcom Inc.,USD,361.99,7.86,46.0547,50.2138,49.5159,3.4927,-1.1908,367.2282,394.6804,422.1327,顯著低估,18.6748,17.335,42.5062,0.36,0.72,33.744,289.96,495.0,35.1297,0.3661,33.0,2026-10-16,ok,4.4116,13
2026-09-14,BE,Bloom Energy Corporation,USD,275.75,0.77,358.1169,327.1336,329.7792,50.8858,0.6089,212.7108,251.8929,291.0749,高估~均值,56.0453,50.182,110.0809,0.62,,194.377,61.37,351.28,73.9471,0.8014,33.0,2026-10-16,ok,4.1846,12
2026-09-14,COHR,Coherent Corp.,USD,305.37,4.12,74.1189,81.4694,80.3313,11.7065,-0.6279,287.4229,335.6538,383.8847,均值~低估,21.882,5.4824,752.0851,0.92,,43.345,100.63,440.0,60.3294,0.7383,33.0,2026-10-16,ok,13.8336,12
2026-09-14,CRM,"Salesforce, Inc.",USD,247.72,10.92,22.685,17.149,16.4913,2.6547,2.0854,158.2776,187.2667,216.2557,顯著高估,15.4746,5.3122,12.9444,0.83,0.71,18.207,146.32,269.11,82.58,0.4113,33.0,2026-10-16,ok,46.2987,12
2026-09-14,CRWD,"CrowdStrike Holdings, Inc.",USD,206.74,0.04,5168.5001,4630.4743,4704.125,641.278,0.839,159.5679,185.219,210.8701,高估~均值,128.737,41.4891,104.9721,6.62,,1942.078,85.68,233.88,81.6869,0.532,33.0,2026-10-16,ok,52.7389,12
2026-09-14,CRWV,"CoreWeave, Inc.",USD,88.99,-3.55,,,,,,,,,無法判讀,-45.6687,9.7598,5.9087,,,25.114,60.55,153.2,30.6962,0.7397,33.0,2026-10-16,ok,10.1756,12
2026-09-14,DELL,Dell Technologies Inc.,USD,567.29,17.19,33.0012,23.4658,24.5239,4.7173,2.0214,322.2878,403.3774,484.4671,顯著高估,19.7855,-256.4602,14.7253,0.67,0.44,21.686,110.22,567.75,99.8995,0.6403,33.0,2026-10-16,ok,11.1485,12
2026-09-14,GOOG,Alphabet Inc.,USD,335.45,19.93,16.8314,17.901,17.8302,1.0026,-1.0668,336.7847,356.7668,376.7489,顯著低估,22.553,6.5909,9.9854,1.2,0.26,23.093,236.685,404.47,58.864,0.3093,33.0,2026-10-16,ok,29.9551,12
2026-09-14,IGV,iShares Expanded Tech-Software ,USD,101.52,3.2158,31.569,29.8542,29.1264,1.9922,0.8608,89.599,96.0054,102.4119,高估~均值,,0.2544,,,0.02,,73.93,117.99,62.6192,0.3339,33.0,2026-10-16,ok,50.6485,12
2026-09-14,INTC,Intel Corporation,USD,102.94,-2.09,,,,,,,,,無法判讀,50.3426,5.9301,36.4322,1.36,,32.995,24.22,142.35,66.6384,0.614,33.0,2026-10-16,ok,12.5646,12
2026-09-14,ISRG,"Intuitive Surgical, Inc.",USD,369.15,8.71,42.3823,45.5796,46.1544,3.4839,-0.9177,366.653,396.9979,427.3428,均值~低估,30.5295,7.1906,35.6838,1.72,,29.976,328.57,603.88,14.7397,0.3962,33.0,2026-10-16,ok,59.6865,12
2026-09-14,LITE,Lumentum Holdings Inc.,USD,927.03,-92.98,,,,,,,,,無法判讀,23.3509,17.6867,110.6662,0.63,,102.52,144.52,1085.68,83.1431,0.7426,33.0,2026-10-16,ok,13.8992,12
2026-09-14,META,"Meta Platforms, Inc.",USD,648.03,26.57,24.3895,22.5252,22.4467,1.1881,1.5692,566.9283,598.4957,630.0631,顯著高估,18.5365,6.321,10.9668,0.86,0.32,15.256,520.26,790.8,47.2278,0.3915,33.0,2026-10-16,ok,49.1044,12
2026-09-14,MRVL,"Marvell Technology, Inc.",USD,236.1,3.02,78.1788,74.7954,72.4023,13.2238,0.2559,185.9462,225.8821,265.818,高估~均值,35.0674,11.3488,94.0973,1.25,0.1,73.111,66.33,329.88,64.4166,0.6622,33.0,2026-10-16,ok,18.352,12
2026-09-14,MSFT,Microsoft Corporation,USD,495.63,17.94,27.6271,24.0834,23.2079,2.6729,1.3258,384.1043,432.0562,480.0081,顯著高估,21.0253,8.3208,20.1182,1.61,0.73,19.215,349.2,553.72,71.5969,0.2667,33.0,2026-10-16,ok,5.7026,12
2026-09-14,MU,"Micron Technology, Inc.",USD,975.26,44.28,22.0248,20.93,21.1776,2.7019,0.4052,807.1388,926.7796,1046.4203,高估~均值,6.249,10.9316,21.4157,0.14,0.05,15.857,154.65,1255.0,74.5772,0.6118,33.0,2026-10-16,ok,24.4802,12
2026-09-14,NBIS,Nebius Group N.V.,USD,224.55,-0.07,,,,,,,,,無法判讀,-71.4875,5.9528,10.1812,0.52,,246.911,73.52,299.86,66.727,0.8085,33.0,2026-10-16,ok,5.9026,12
2026-09-14,NFLX,"Netflix, Inc.",USD,77.4,3.18,24.3396,24.7463,24.5173,1.8783,-0.2165,72.7202,78.6933,84.6665,均值~低估,20.257,10.6891,26.9228,1.43,,22.395,65.08,124.86,20.6089,0.3713,33.0,2026-10-16,ok,24.0397,12
2026-09-14,NOW,"ServiceNow, Inc.",USD,132.53,1.6,82.8312,69.85,67.4094,9.675,1.3417,96.28,111.76,127.24,顯著高估,26.4768,10.9475,25.8134,0.95,,48.604,81.24,194.726,45.195,0.5381,33.0,2026-10-16,ok,50.2172,12
2026-09-14,NVDA,NVIDIA Corporation,USD,218.29,7.9,27.6316,26.833,26.8677,1.2976,0.6155,201.7294,211.9803,222.2313,高估~均值,14.0221,23.0191,39.2308,0.46,0.46,26.021,164.27,236.54,74.7475,0.3385,33.0,2026-10-16,ok,9.9947,13
2026-09-14,ORCL,Oracle Corporation,USD,150.28,6.39,23.518,25.4895,23.6228,4.8939,-0.4028,131.6057,162.8778,194.1498,均值~低估,13.6691,11.5245,9.2219,0.85,1.33,17.188,114.5,329.5,16.6419,0.5083,33.0,2026-10-16,ok,22.5453,12
2026-09-14,PANW,"Palo Alto Networks, Inc.",USD,330.65,0.4,826.625,779.9372,817.9875,129.3347,0.361,260.241,311.9749,363.7088,高估~均值,67.7718,9.8262,59.4052,1.69,,173.056,139.57,398.88,73.6879,0.522,33.0,2026-10-16,ok,51.2199,12
2026-09-14,PLTR,Palantir Technologies Inc.,USD,167.23,1.17,142.9316,123.5282,115.7222,18.3877,1.0552,123.0143,144.5279,166.0416,顯著高估,71.8969,41.1087,113.1516,1.61,,147.514,106.37,207.52,60.1681,0.4921,33.0,2026-10-16,ok,25.0239,12
2026-09-14,QQQ,"Invesco QQQ Trust, Series 1",USD,714.88,24.5347,29.1375,29.1183,29.1618,0.6435,0.0299,698.6199,714.4074,730.195,高估~均值,,1.9981,,,0.42,,555.6,748.65,82.5071,0.1953,33.0,2026-10-16,ok,31.4708,12
2026-09-14,RKLB,Rocket Lab Corporation,USD,62.95,-0.27,,,,,,,,,無法判讀,1381.6946,10.7828,,,,-235.832,37.57,151.0,22.375,0.6963,33.0,2026-10-16,ok,20.134,13
2026-09-14,SNDK,Sandisk Corporation,USD,1633.35,73.83,22.1231,21.836,21.5325,3.6081,0.0796,1345.7625,1612.1521,1878.5417,高估~均值,6.1701,15.4657,20.4913,,,18.593,85.12,2354.39,68.2259,0.7003,33.0,2026-10-16,ok,2.9626,12
2026-09-14,SOXX,iShares PHLX SOX Semiconductor ,USD,527.07,13.6039,38.7441,40.204,39.3832,2.93,-0.4983,507.0711,546.9302,586.7893,均值~低估,,1.2428,,,0.29,,254.53,655.95,67.894,0.3991,33.0,2026-10-16,ok,4.7803,12
2026-09-14,SPCX,Space Exploration Technologies ,USD,151.21,-1.1,,,,,,,,,無法判讀,97.5649,15.6597,117.5512,,,665.785,104.83,225.64,38.3909,0.5217,33.0,2026-10-16,ok,6.7091,12
2026-09-14,SPOT,Spotify Technology S.A.,USD,525.75,18.51,28.4036,26.4724,26.4111,1.8929,1.0203,454.9663,490.0032,525.0401,顯著高估,29.3703,11.0352,32.3901,1.49,,37.856,405.0,745.0,35.5147,0.4254,33.0,2026-10-16,ok,37.1983,12
2026-09-14,SPY,State Street SPDR S&P 500 ETF T,USD,764.29,30.9505,24.694,24.2782,24.2242,0.441,0.9428,737.7731,751.4218,765.0705,高估~均值,,1.7806,,,0.98,,629.28,779.37,89.9527,0.1367,33.0,2026-10-16,ok,17.1259,12
2026-09-14,TRV,"The Travelers Companies, Inc.",USD,375.2,37.22,10.0806,9.1094,9.0927,0.9006,1.0784,305.53,339.0503,372.5706,顯著高估,12.4203,2.363,7.0975,2.36,1.33,7.166,252.26,398.7,83.9525,0.2775,33.0,2026-10-16,ok,73.4384,12
2026-09-14,TSLA,"Tesla, Inc.",USD,365.44,1.1,332.2182,345.6816,350.4454,35.6157,-0.378,341.0725,380.2498,419.4271,均值~低估,169.2965,16.6147,77.245,4.37,,131.71,297.38,498.83,33.7851,0.4169,33.0,2026-10-16,ok,14.9324,12
2026-09-14,TSM,Taiwan Semiconductor Manufactur,USD,433.24,13.56,31.9499,31.0788,30.9358,1.2657,0.6882,404.266,421.4287,438.5914,高估~均值,19.76,88.659,0.8529,0.82,0.94,4.915,257.98,479.0,79.296,0.3566,33.0,2026-10-16,ok,17.236,12
2026-09-14,UBER,"Uber Technologies, Inc.",USD,71.67,4.56,15.7171,16.1035,16.0504,0.6512,-0.5933,70.4623,73.432,76.4017,均值~低估,16.2676,5.3525,14.0436,6.08,,20.981,65.41,101.99,17.1132,0.3691,33.0,2026-10-16,ok,39.5547,12
2026-09-14,VRT,"Vertiv Holdings, LLC",USD,257.06,4.42,58.1584,67.8592,68.069,7.5455,-1.2857,266.5868,299.9378,333.2888,顯著低估,28.1791,20.7994,29.5048,0.87,0.1,37.029,132.685,379.935,50.3033,0.5615,33.0,2026-10-16,ok,11.6243,12
2026-09-14,XLI,State Street Industrial Select ,USD,172.37,6.1593,27.9852,28.9472,29.0194,0.7806,-1.2324,173.4872,178.2949,183.1026,顯著低估,,1.752,,,1.18,,147.14,188.19,61.4616,0.2057,33.0,2026-10-16,ok,44.969,12
2026-09-14,XLV,State Street Health Care Select,USD,165.36,5.5971,29.5437,28.4377,28.7273,1.6536,0.6689,149.914,159.1693,168.4247,高估~均值,,,,,1.49,,133.73,176.6,73.7812,0.2396,33.0,2026-10-16,ok,60.9647,11
2026-09-15,000660.KS,SK hynix,KRW,1697000.0,,,,,,,,,,無法判讀,3.6033,,9.4908,0.19,0.08,7.94,0.0,2987000.0,56.8129,,,,no_market,,0
2026-09-15,2330.TW,TAIWAN SEMICONDUCTOR MANUFACTUR,TWD,2380.0,84.49,28.169,28.0309,28.2282,0.9063,0.1524,2291.7563,2368.3333,2444.9104,高估~均值,16.7468,9.5948,23.4256,0.72,1.16,18.725,1250.0,2535.0,87.9377,,,,no_market,,0
2026-09-15,AAPL,Apple Inc.,USD,333.08,8.71,38.2411,35.5411,35.5873,1.605,1.6822,295.5831,309.5629,323.5427,顯著高估,34.7579,45.2554,33.1304,2.61,0.33,29.002,235.03,344.57,89.5107,0.2604,32.0,2026-10-16,ok,57.4429,14
2026-09-15,ADBE,Adobe Inc.,USD,265.6,17.91,14.8297,13.6172,13.8674,1.4169,0.8558,218.5078,243.8837,269.2595,高估~均值,9.6009,8.9181,9.7701,0.61,,10.869,190.12,370.86,41.7616,0.4385,32.0,2026-10-16,ok,52.0449,13
2026-09-15,AMD,"Advanced Micro Devices, Inc.",USD,493.41,3.92,125.8699,126.0167,126.0663,9.4518,-0.0155,456.9345,493.9854,531.0364,均值~低估,31.8114,11.9786,79.9087,0.53,,87.192,149.85,584.73,79.0011,0.5187,32.0,2026-10-16,ok,8.3133,13
2026-09-15,AMZN,"Amazon.com, Inc.",USD,253.54,12.43,20.3974,20.4766,20.5648,1.1074,-0.0715,240.7582,254.5238,268.2894,均值~低估,24.3697,4.9562,16.9437,1.5,,17.159,196.0,287.2,63.0921,0.3218,32.0,2026-10-16,ok,31.2559,13
2026-09-15,APP,Applovin Corporation,USD,334.24,13.02,25.6713,33.3845,34.6279,7.0545,-1.0934,342.8171,434.6663,526.5156,顯著低估,15.9338,35.4293,22.57,0.7,,20.107,297.5,745.61,8.1989,0.5582,32.0,2026-10-16,ok,13.6189,13
2026-09-15,ASML,ASML Holding N.V. - New York Re,USD,1575.15,29.55,53.3046,58.2371,58.8689,3.7433,-1.3177,1610.2931,1720.9061,1831.5192,顯著低估,26.2511,1327.509,52.67,1.51,0.53,2686.326,833.92,1999.96,63.5681,0.4797,32.0,2026-10-16,ok,24.4293,13
2026-09-15,AVGO,Broadcom Inc.,USD,344.72,7.86,43.8575,50.097,49.4784,3.5277,-1.7687,366.0346,393.7622,421.4898,顯著低估,17.7838,16.508,40.4783,0.36,0.72,33.744,289.96,495.0,26.707,0.3795,32.0,2026-10-16,ok,8.9845,14
2026-09-15,BE,Bloom Energy Corporation,USD,257.05,0.77,333.8312,326.5824,329.7792,50.5365,0.1434,212.5554,251.4684,290.3815,高估~均值,52.1536,46.7789,102.6157,0.62,,194.377,61.37,351.28,67.4968,0.7877,32.0,2026-10-16,ok,2.9187,13
2026-09-15,COHR,Coherent Corp.,USD,266.5,4.12,64.6845,81.2827,79.7075,11.8395,-1.4019,286.1059,334.8846,383.6632,顯著低估,19.0967,4.7846,656.3535,0.92,,43.345,100.63,440.0,48.8759,0.7321,32.0,2026-10-16,ok,12.5149,13
2026-09-15,CRM,"Salesforce, Inc.",USD,259.43,10.92,23.7573,17.2227,16.4913,2.7445,2.381,158.1012,188.0716,218.0419,顯著高估,16.2061,5.5633,13.5562,0.83,0.71,18.207,146.32,269.11,92.1166,0.4202,32.0,2026-10-16,ok,48.6848,13
2026-09-15,CRWD,"CrowdStrike Holdings, Inc.",USD,235.38,0.04,5884.5001,4662.7653,4719.9999,630.2241,1.9386,161.3016,186.5106,211.7196,顯著高估,146.5711,47.2366,119.514,6.62,,1942.078,85.68,239.37,97.4039,0.5708,32.0,2026-10-16,ok,61.9945,13
2026-09-15,CRWV,"CoreWeave, Inc.",USD,82.98,-3.55,,,,,,,,,無法判讀,-42.5844,9.1007,5.5096,,,25.114,60.55,153.2,24.2094,0.7529,32.0,2026-10-16,ok,12.5647,13
2026-09-15,DELL,Dell Technologies Inc.,USD,534.28,17.19,31.0809,23.6713,24.6379,4.6401,1.5968,327.1464,406.9103,486.6743,顯著高估,18.6342,-241.5371,13.8685,0.67,0.44,21.686,110.22,567.75,92.6846,0.6145,32.0,2026-10-16,ok,3.3321,13
2026-09-15,GOOG,Alphabet Inc.,USD,345.71,19.93,17.3462,17.8795,17.7832,0.9934,-0.5368,336.54,356.3383,376.1366,均值~低估,23.2428,6.7925,10.2908,1.2,0.26,23.093,236.685,404.47,64.979,0.3125,32.0,2026-10-16,ok,31.5803,13
2026-09-15,IGV,iShares Expanded Tech-Software ,USD,106.64,3.2158,33.1611,29.9176,29.1652,2.0056,1.6172,89.7598,96.2096,102.6593,顯著高估,,0.2673,,,0.02,,73.93,117.99,74.2397,0.3379,32.0,2026-10-16,ok,52.0846,13
2026-09-15,INTC,Intel Corporation,USD,97.19,-2.09,,,,,,,,,無法判讀,47.5306,5.5988,34.3972,1.36,,32.995,24.22,142.35,61.7709,0.6135,32.0,2026-10-16,ok,12.4652,13
2026-09-15,ISRG,"Intuitive Surgical, Inc.",USD,377.94,8.71,43.3915,45.4859,46.1022,3.427,-0.6111,366.3324,396.1819,426.0314,均值~低估,31.2565,7.3618,36.5335,1.72,,29.976,328.57,603.88,17.9325,0.403,32.0,2026-10-16,ok,62.2963,13
2026-09-15,LITE,Lumentum Holdings Inc.,USD,835.03,-92.98,,,,,,,,,無法判讀,21.0335,15.9314,99.6835,0.63,,102.52,144.52,1085.68,73.368,0.7321,32.0,2026-10-16,ok,11.8378,13
2026-09-15,META,"Meta Platforms, Inc.",USD,665.6,26.57,25.0508,22.5506,22.4467,1.2173,2.0538,566.8249,599.1694,631.514,顯著高估,19.0391,6.4924,11.2642,0.86,0.32,15.256,520.26,790.8,53.7222,0.3918,32.0,2026-10-16,ok,49.1714,13
2026-09-15,MRVL,"Marvell Technology, Inc.",USD,218.82,3.02,72.457,74.9796,72.4404,13.0719,-0.193,186.9613,226.4384,265.9156,均值~低估,32.366,10.5182,87.2104,1.25,0.1,73.111,66.33,329.88,57.86,0.6616,32.0,2026-10-16,ok,18.2344,13
2026-09-15,MSFT,Microsoft Corporation,USD,505.41,17.94,28.1722,24.1416,23.2467,2.7044,1.4904,384.5836,433.101,481.6184,顯著高估,21.4402,8.485,20.5152,1.61,0.73,19.215,349.2,553.72,76.3788,0.2722,32.0,2026-10-16,ok,8.2634,13
2026-09-15,MU,"Micron Technology, Inc.",USD,924.03,44.28,20.8679,21.0012,21.1776,2.6124,-0.051,814.2563,929.9332,1045.6102,均值~低估,5.9208,10.3573,20.2907,0.14,0.05,15.857,154.65,1255.0,69.9214,0.5972,32.0,2026-10-16,ok,22.125,13
2026-09-15,NBIS,Nebius Group N.V.,USD,212.19,-0.07,,,,,,,,,無法判讀,-67.5526,5.6251,9.6208,0.52,,246.911,73.52,299.86,61.2662,0.8279,32.0,2026-10-16,ok,7.9022,13
2026-09-15,NFLX,"Netflix, Inc.",USD,80.32,3.18,25.2579,24.7199,24.5173,1.8538,0.2902,72.7143,78.6092,84.5042,高估~均值,21.0212,11.0924,27.9385,1.43,,22.395,65.08,124.86,25.4935,0.3577,32.0,2026-10-16,ok,17.8785,13
2026-09-15,NOW,"ServiceNow, Inc.",USD,142.35,1.6,88.9688,70.1996,67.7063,9.7917,1.9169,96.6527,112.3193,127.986,顯著高估,28.4387,11.7586,27.7261,0.95,,48.604,81.24,194.726,53.8481,0.541,32.0,2026-10-16,ok,50.8008,13
2026-09-15,NVDA,NVIDIA Corporation,USD,210.96,7.9,26.7038,26.8533,26.8677,1.2808,-0.1167,202.023,212.141,222.259,均值~低估,13.5102,22.2461,37.9135,0.46,0.46,26.021,164.27,236.54,64.605,0.3511,32.0,2026-10-16,ok,15.3632,14
2026-09-15,ORCL,Oracle Corporation,USD,144.79,6.39,22.6588,25.419,23.5814,4.8884,-0.5646,131.1903,162.4271,193.6639,均值~低估,13.1792,11.1035,8.885,0.85,1.33,17.188,114.5,329.5,14.0884,0.507,32.0,2026-10-16,ok,22.2461,13
2026-09-15,PANW,"Palo Alto Networks, Inc.",USD,373.94,0.4,934.85,785.2139,823.475,125.7715,1.1897,263.7769,314.0856,364.3942,顯著高估,76.6448,11.1126,67.1827,1.69,,173.056,139.57,398.88,90.3822,0.5346,32.0,2026-10-16,ok,53.5517,13
2026-09-15,PLTR,Palantir Technologies Inc.,USD,173.31,1.17,148.1282,123.8833,115.7222,18.5518,1.3069,123.2378,144.9435,166.6492,顯著高估,74.5108,42.6032,117.2654,1.61,,147.514,106.37,207.52,66.1789,0.4946,32.0,2026-10-16,ok,25.7407,13
2026-09-15,QQQ,"Invesco QQQ Trust, Series 1",USD,709.18,24.5347,28.9052,29.1307,29.1618,0.628,-0.3592,699.3069,714.7138,730.1207,均值~低估,,1.9822,,,0.42,,555.6,748.65,79.5545,0.2011,32.0,2026-10-16,ok,35.3898,13
2026-09-15,RKLB,Rocket Lab Corporation,USD,62.55,-0.27,,,,,,,,,無法判讀,1372.9149,10.7143,,,,-235.832,37.57,151.0,22.0224,0.6856,32.0,2026-10-16,ok,18.2694,14
2026-09-15,SNDK,Sandisk Corporation,USD,1551.99,73.83,21.0211,21.8579,21.5325,3.597,-0.2326,1348.2044,1613.7707,1879.3369,均值~低估,5.8627,14.6953,19.4706,,,18.593,85.12,2354.39,64.6406,0.6951,32.0,2026-10-16,ok,2.4448,13
2026-09-15,SOXX,iShares PHLX SOX Semiconductor ,USD,497.4,13.6039,36.5631,40.216,39.3832,2.9126,-1.2542,507.4703,547.0932,586.7161,顯著低估,,1.1729,,,0.29,,254.53,655.95,60.5027,0.4233,32.0,2026-10-16,ok,12.891,13
2026-09-15,SPCX,Space Exploration Technologies ,USD,148.15,-1.1,,,,,,,,,無法判讀,95.5905,15.3428,115.1723,,,665.785,104.83,225.64,35.858,0.5062,32.0,2026-10-16,ok,4.4148,13
2026-09-15,SPOT,Spotify Technology S.A.,USD,556.31,18.51,30.0546,26.5545,26.4595,1.8861,1.8557,456.6111,491.523,526.4349,顯著高估,31.0855,11.6767,34.2729,1.49,,37.856,405.0,745.0,44.5029,0.4163,32.0,2026-10-16,ok,34.211,13
2026-09-15,SPY,State Street SPDR S&P 500 ETF T,USD,760.88,30.9505,24.5838,24.2915,24.245,0.4317,0.677,738.4726,751.8341,765.1956,高估~均值,,1.7727,,,0.98,,629.28,779.37,87.6807,0.139,32.0,2026-10-16,ok,18.5516,13
2026-09-15,TRV,"The Travelers Companies, Inc.",USD,378.05,37.22,10.1572,9.1323,9.1092,0.9008,1.1378,306.3765,339.9026,373.4286,顯著高估,12.5146,2.381,7.1514,2.36,1.33,7.166,252.26,398.7,85.8987,0.2982,32.0,2026-10-16,ok,88.1424,13
2026-09-15,TSLA,"Tesla, Inc.",USD,358.97,1.1,326.3364,345.3745,346.9091,35.6625,-0.5338,340.6832,379.912,419.1408,均值~低估,166.2991,16.3205,75.8774,4.37,,131.71,297.38,498.83,30.5733,0.4156,32.0,2026-10-16,ok,14.4366,13
2026-09-15,TSM,Taiwan Semiconductor Manufactur,USD,418.01,13.56,30.8267,31.0981,30.9358,1.2481,-0.2175,404.767,421.6909,438.6148,均值~低估,19.0654,85.5424,0.8229,0.82,0.94,4.915,257.98,479.0,72.4052,0.3528,32.0,2026-10-16,ok,15.7046,13
2026-09-15,UBER,"Uber Technologies, Inc.",USD,72.63,4.56,15.9276,16.1027,16.0504,0.6514,-0.2688,70.458,73.4284,76.3989,均值~低估,16.4855,5.4242,14.2317,6.08,,20.981,65.41,101.99,19.7376,0.3718,32.0,2026-10-16,ok,40.6903,13
2026-09-15,VRT,"Vertiv Holdings, LLC",USD,237.39,4.42,53.7081,67.5987,67.9977,7.6253,-1.8216,265.0826,298.7863,332.4901,顯著低估,26.0229,19.2079,27.2471,0.87,0.1,37.029,132.685,379.935,42.3478,0.5716,32.0,2026-10-16,ok,14.6947,13
2026-09-15,XLI,State Street Industrial Select ,USD,169.93,6.1593,27.5891,28.9427,29.0194,0.7872,-1.7195,173.4186,178.2673,183.1161,顯著低估,,1.7272,,,1.18,,147.14,188.19,55.5177,0.2789,32.0,2026-10-16,ok,80.7016,13
2026-09-15,XLV,State Street Health Care Select,USD,167.75,5.5971,29.9708,28.4823,28.7585,1.64,0.9076,150.2392,159.4188,168.5983,高估~均值,,,,,1.49,,133.73,176.6,79.3562,0.252,32.0,2026-10-16,ok,67.0923,12
2026-09-16,000660.KS,SK hynix,KRW,1690000.0,,,,,,,,,,無法判讀,3.5854,,9.4516,0.18,0.09,7.905,0.0,2987000.0,56.5785,,,,no_market,,0
2026-09-16,2330.TW,TAIWAN SEMICONDUCTOR MANUFACTUR,TWD,2385.0,85.44,27.9143,27.7388,27.9143,0.8809,0.1993,2294.7364,2370.0,2445.2636,高估~均值,16.782,9.615,23.4749,0.71,1.18,18.766,1260.0,2535.0,88.2353,,,,no_market,,0
2026-09-16,AAPL,Apple Inc.,USD,331.34,8.73,37.9542,35.5155,35.5263,1.5998,1.5244,296.0835,310.0499,324.0162,顯著高估,34.5764,45.019,32.9574,2.67,0.32,29.072,236.32,344.57,87.7783,0.2641,31.0,2026-10-16,ok,59.9189,15
2026-09-16,ADBE,Adobe Inc.,USD,257.76,17.9,14.4,13.6295,13.8751,1.4195,0.5428,218.5584,243.968,269.3776,高估~均值,9.3175,8.6549,9.4817,0.64,,10.87,190.12,370.86,37.4239,0.4316,31.0,2026-10-16,ok,50.2192,14
2026-09-16,AMD,"Advanced Micro Devices, Inc.",USD,504.2,3.9,129.2821,126.8989,126.9859,9.2942,0.2564,458.6582,494.9056,531.1529,高估~均值,32.3814,12.2405,81.6561,0.53,,83.314,149.85,584.73,81.4822,0.5161,31.0,2026-10-16,ok,7.6967,14
2026-09-16,AMZN,"Amazon.com, Inc.",USD,248.42,12.42,20.0016,20.4693,20.529,1.0955,-0.4269,240.6228,254.2286,267.8343,均值~低估,23.8858,4.8561,16.6015,1.48,,16.952,196.0,287.2,57.4781,0.3234,31.0,2026-10-16,ok,31.888,14
2026-09-16,APP,Applovin Corporation,USD,331.46,13.0,25.4969,33.3185,34.4196,7.1088,-1.1003,340.7252,433.14,525.5548,顯著低估,15.8013,35.1346,22.3823,0.7,,20.742,297.5,745.61,7.5785,0.5782,31.0,2026-10-16,ok,17.1112,14
2026-09-16,ASML,ASML Holding N.V. - New York Re,USD,1591.48,29.46,54.0217,58.4326,59.0487,3.7299,-1.1826,1611.5415,1721.4254,1831.3094,顯著低估,26.5406,1342.1508,53.2161,1.41,0.58,2491.5,861.18,1999.96,64.13,0.4672,31.0,2026-10-16,ok,19.6769,14
2026-09-16,AVGO,Broadcom Inc.,USD,339.27,7.83,43.3295,50.1666,49.5868,3.5896,-1.9047,364.6982,392.8048,420.9114,顯著低估,17.5027,16.247,39.8384,0.34,0.75,32.166,289.96,495.0,24.049,0.3606,31.0,2026-10-16,ok,2.5324,15
2026-09-16,BE,Bloom Energy Corporation,USD,259.35,0.77,336.8182,326.2055,329.7792,50.3295,0.2109,212.4245,251.1782,289.9319,高估~均值,52.6203,47.1975,103.5339,0.58,,181.216,61.37,351.28,68.2902,0.7997,31.0,2026-10-16,ok,4.0264,14
2026-09-16,COHR,Coherent Corp.,USD,271.17,4.13,65.6586,80.8881,79.3535,11.9192,-1.2777,284.8417,334.0679,383.2941,顯著低估,19.4313,4.8684,667.8551,0.92,,37.998,100.63,440.0,50.2519,0.7071,31.0,2026-10-16,ok,7.2782,14
2026-09-16,CRM,"Salesforce, Inc.",USD,255.65,10.92,23.4112,17.2984,16.4913,2.82,2.1676,158.1042,188.8989,219.6935,顯著高估,15.9571,5.4823,13.3587,0.87,0.68,18.954,146.32,269.11,89.0382,0.449,31.0,2026-10-16,ok,56.4519,14
2026-09-16,CRWD,"CrowdStrike Holdings, Inc.",USD,242.49,0.05,4849.8001,3758.095,3795.1999,495.772,2.202,163.1162,187.9047,212.6933,顯著高估,150.9985,48.6635,123.1241,7.53,,2216.505,85.68,243.98,99.0587,0.5742,31.0,2026-10-16,ok,62.8095,14
2026-09-16,CRWV,"CoreWeave, Inc.",USD,80.92,-3.55,,,,,,,,,無法判讀,-41.5272,8.8748,5.3729,,,24.239,60.55,153.2,21.986,0.765,31.0,2026-10-16,ok,14.7548,14
2026-09-16,DELL,Dell Technologies Inc.,USD,543.51,17.2,31.5994,23.8544,24.7166,4.5937,1.686,331.2845,410.296,489.3075,顯著高估,18.9562,-245.7098,14.1081,0.63,0.47,20.502,110.22,568.67,94.5119,0.6172,31.0,2026-10-16,ok,4.1544,14
2026-09-16,GOOG,Alphabet Inc.,USD,341.43,19.91,17.1487,17.8675,17.7619,0.9755,-0.7369,336.3201,355.7416,375.163,均值~低估,22.9814,6.7084,10.1634,1.24,0.25,23.818,236.685,404.47,62.4281,0.3112,31.0,2026-10-16,ok,30.9334,14
2026-09-16,IGV,iShares Expanded Tech-Software ,USD,105.55,3.2158,32.8222,29.9789,29.2025,2.0093,1.4151,89.9452,96.4066,102.8679,顯著高估,,0.2646,,,0.02,,73.93,117.99,71.7658,0.3259,31.0,2026-10-16,ok,47.8198,14
2026-09-16,INTC,Intel Corporation,USD,97.14,-2.09,,,,,,,,,無法判讀,47.5061,5.5959,34.3795,1.36,,31.273,24.45,142.35,61.6539,0.6035,31.0,2026-10-16,ok,10.4274,14
2026-09-16,ISRG,"Intuitive Surgical, Inc.",USD,377.16,8.73,43.2027,45.2868,45.9645,3.3586,-0.6205,366.0328,395.3533,424.6738,均值~低估,31.192,7.3466,36.4581,1.76,,30.719,328.57,603.88,17.6492,0.4099,31.0,2026-10-16,ok,64.9413,14
2026-09-16,LITE,Lumentum Holdings Inc.,USD,838.96,-92.94,,,,,,,,,無法判讀,21.1325,16.0064,100.1527,0.63,,92.213,144.52,1085.68,73.7855,0.6942,31.0,2026-10-16,ok,4.3396,14
2026-09-16,META,"Meta Platforms, Inc.",USD,670.24,26.56,25.2349,22.5831,22.4552,1.249,2.1233,566.6345,599.8068,632.979,顯著高估,19.1718,6.5377,11.3427,0.88,0.32,15.664,520.26,790.8,55.4373,0.3941,31.0,2026-10-16,ok,49.8994,14
2026-09-16,MRVL,"Marvell Technology, Inc.",USD,221.7,3.02,73.4106,75.1619,72.5579,12.9321,-0.1354,187.9342,226.989,266.0438,均值~低估,32.792,10.6566,88.3582,1.16,0.11,67.795,67.36,329.88,58.7917,0.6501,31.0,2026-10-16,ok,16.2344,14
2026-09-16,MSFT,Microsoft Corporation,USD,497.12,17.94,27.7101,24.1931,23.2996,2.7279,1.2893,385.0862,434.025,482.9638,顯著高估,21.0709,8.3458,20.1787,1.61,0.72,19.589,349.2,553.72,72.3254,0.2734,31.0,2026-10-16,ok,8.801,14
2026-09-16,MU,"Micron Technology, Inc.",USD,927.6,44.26,20.958,21.0762,21.1872,2.5355,-0.0466,820.6126,932.8333,1045.0541,均值~低估,5.9436,10.3974,20.3691,0.14,0.06,15.009,154.65,1255.0,70.2458,0.5933,31.0,2026-10-16,ok,21.5035,14
2026-09-16,NBIS,Nebius Group N.V.,USD,207.37,-0.06,,,,,,,,,無法判讀,-66.0181,5.4973,9.4023,0.5,,233.78,73.52,299.86,59.1367,0.8066,31.0,2026-10-16,ok,5.7145,14
2026-09-16,NFLX,"Netflix, Inc.",USD,77.9,3.18,24.4969,24.6836,24.4764,1.8254,-0.1023,72.6893,78.494,84.2987,均值~低估,20.3878,10.7582,27.0968,1.48,,23.221,65.08,124.86,21.4453,0.3538,31.0,2026-10-16,ok,16.1182,14
2026-09-16,NOW,"ServiceNow, Inc.",USD,141.9,1.59,89.2453,71.0104,68.4182,9.9212,1.838,97.1318,112.9066,128.6813,顯著高估,28.3488,11.7215,27.6385,1.03,,52.109,81.24,194.726,53.4515,0.5452,31.0,2026-10-16,ok,51.6276,14
2026-09-16,NVDA,NVIDIA Corporation,USD,212.17,7.91,26.823,26.8254,26.8407,1.2778,-0.0019,202.0816,212.1892,222.2968,均值~低估,13.5877,22.3737,38.1309,0.46,0.47,25.143,164.27,236.54,66.2792,0.3519,31.0,2026-10-16,ok,15.7281,15
2026-09-16,ORCL,Oracle Corporation,USD,140.35,6.39,21.964,25.3256,23.5368,4.8731,-0.6898,130.6917,161.8307,192.9696,均值~低估,12.7662,10.763,8.6126,0.85,1.38,16.706,114.5,329.5,12.0233,0.4971,31.0,2026-10-16,ok,20.0435,14
2026-09-16,PANW,"Palo Alto Networks, Inc.",USD,375.09,0.41,914.8536,771.2496,806.0366,118.9165,1.2076,267.4566,316.2123,364.9681,顯著高估,76.8805,11.1468,67.3893,1.91,,195.756,139.57,398.88,90.8257,0.5263,31.0,2026-10-16,ok,52.0179,14
2026-09-16,PLTR,Palantir Technologies Inc.,USD,172.56,1.18,146.2373,123.1985,115.0551,18.5305,1.2433,123.5083,145.3743,167.2402,顯著高估,74.1884,42.4189,116.758,1.67,,153.002,106.37,207.52,65.4375,0.5022,31.0,2026-10-16,ok,27.9807,14
2026-09-16,QQQ,"Invesco QQQ Trust, Series 1",USD,704.54,24.5347,28.7161,29.1347,29.1618,0.6241,-0.6707,699.4981,714.8112,730.1244,均值~低估,,1.9692,,,0.42,,555.6,748.65,77.151,0.2044,31.0,2026-10-16,ok,37.5682,14
2026-09-16,RKLB,Rocket Lab Corporation,USD,63.55,-0.28,,,,,,,,,無法判讀,1394.8639,10.8856,,,,-234.242,37.57,151.0,22.904,0.6985,31.0,2026-10-16,ok,20.5154,15
2026-09-16,SNDK,Sandisk Corporation,USD,1530.895,73.72,20.7663,21.9088,21.5646,3.5924,-0.318,1350.2857,1615.1142,1879.9427,均值~低估,5.783,14.4956,19.2059,,,17.649,89.56,2354.39,63.6399,0.6871,31.0,2026-10-16,ok,1.6299,14
2026-09-16,SOXX,iShares PHLX SOX Semiconductor ,USD,498.85,13.6039,36.6697,40.2094,39.3832,2.92,-1.2122,507.2809,547.0041,586.7274,顯著低估,,1.1763,,,0.29,,254.83,655.95,60.8347,0.3879,31.0,2026-10-16,ok,0.9913,14
2026-09-16,SPCX,Space Exploration Technologies ,USD,143.49,-1.1,,,,,,,,,無法判讀,82.3165,14.8602,111.5496,,,652.105,104.83,225.64,32.0007,0.5087,31.0,2026-10-16,ok,4.7761,14
2026-09-16,SPOT,Spotify Technology S.A.,USD,558.26,18.47,30.2252,26.692,26.5904,1.889,1.8704,458.1107,493.0009,527.8911,顯著高估,31.2149,11.7176,34.393,1.49,,40.197,405.0,745.0,45.0765,0.4099,31.0,2026-10-16,ok,32.1188,14
2026-09-16,SPY,State Street SPDR S&P 500 ETF T,USD,757.39,30.9505,24.471,24.3,24.2492,0.4276,0.4,738.8609,752.0959,765.3309,高估~均值,,1.7646,,,0.98,,629.28,779.37,85.3555,0.1477,31.0,2026-10-16,ok,24.0616,14
2026-09-16,TRV,"The Travelers Companies, Inc.",USD,377.97,37.2,10.1605,9.16,9.1489,0.9009,1.1106,307.2392,340.7512,374.2633,顯著高估,12.512,2.3805,7.1499,2.36,1.32,7.218,252.26,398.7,85.844,0.2902,31.0,2026-10-16,ok,82.487,14
2026-09-16,TSLA,"Tesla, Inc.",USD,356.58,1.08,330.1667,351.3367,352.9768,36.3455,-0.5825,340.1905,379.4437,418.6969,均值~低估,165.1919,16.2119,75.3722,4.37,,129.334,297.38,498.83,29.3869,0.4262,31.0,2026-10-16,ok,18.3357,14
2026-09-16,TSM,Taiwan Semiconductor Manufactur,USD,413.75,13.5,30.6481,31.2316,31.053,1.255,-0.4649,404.6839,421.627,438.5701,均值~低估,18.8711,84.6706,0.8145,0.82,0.98,4.716,257.98,479.0,70.4778,0.3477,31.0,2026-10-16,ok,13.6342,14
2026-09-16,UBER,"Uber Technologies, Inc.",USD,71.43,4.56,15.6645,16.0839,16.0066,0.639,-0.6563,70.4286,73.3424,76.2563,均值~低估,16.2132,5.3346,13.9966,6.16,,21.244,65.41,101.99,16.4571,0.3667,31.0,2026-10-16,ok,38.5224,14
2026-09-16,VRT,"Vertiv Holdings, LLC",USD,234.61,4.42,53.0792,67.2862,67.991,7.6378,-1.8601,263.6463,297.4051,331.164,顯著低估,25.7181,18.9829,26.9281,0.8,0.11,34.202,132.685,379.935,41.2235,0.5659,31.0,2026-10-16,ok,12.9641,14
2026-09-16,XLI,State Street Industrial Select ,USD,168.85,6.1593,27.4137,28.9282,29.0194,0.8032,-1.8855,173.2308,178.1782,183.1256,顯著低估,,1.7163,,,1.18,,147.14,188.19,52.8867,0.317,31.0,2026-10-16,ok,99.3278,14
2026-09-16,XLV,State Street Health Care Select,USD,167.66,5.5971,29.9547,28.5265,28.8094,1.6253,0.8787,150.569,159.6661,168.7632,高估~均值,,,,,1.49,,133.73,176.6,79.1463,0.2153,31.0,2026-10-16,ok,48.951,13
2026-09-17,000660.KS,SK hynix,KRW,1759000.0,,,,,,,,,,無法判讀,3.7318,,9.8375,0.18,,8.247,0.0,2987000.0,58.8885,,,,no_market,,0
2026-09-17,2330.TW,TAIWAN SEMICONDUCTOR MANUFACTUR,TWD,2380.0,85.2,27.9343,27.8332,27.993,0.8716,0.116,2297.1246,2371.3889,2445.6532,高估~均值,16.7468,9.5948,23.4256,0.71,,18.725,1265.0,2535.0,87.7953,,,,no_market,,0
2026-09-17,AAPL,Apple Inc.,USD,332.41,8.71,38.1642,35.6544,35.6257,1.6019,1.5667,296.5968,310.5496,324.5023,顯著高估,34.688,45.1644,33.0638,2.67,0.33,28.921,236.65,344.57,88.7324,0.2649,30.0,2026-10-16,ok,60.4221,16
2026-09-17,ADBE,Adobe Inc.,USD,250.5,17.91,13.9866,13.6182,13.8674,1.4173,0.26,218.5171,243.9012,269.2854,高估~均值,9.0526,8.4111,9.2147,0.64,,10.552,190.12,370.86,33.4071,0.4177,30.0,2026-10-16,ok,46.5837,15
2026-09-17,AMD,"Advanced Micro Devices, Inc.",USD,512.5,3.93,130.4071,126.2243,126.1196,8.9314,0.4683,460.9612,496.0616,531.1619,高估~均值,32.9144,12.442,83.0003,0.53,,85.156,149.85,584.73,83.3908,0.5205,30.0,2026-10-16,ok,8.7292,15
2026-09-17,AMZN,"Amazon.com, Inc.",USD,245.96,12.42,19.8035,20.4467,20.5266,1.0879,-0.5912,240.4362,253.9484,267.4606,均值~低估,23.7069,4.808,16.4371,1.48,,16.625,196.0,287.2,54.7807,0.3246,30.0,2026-10-16,ok,32.3328,15
2026-09-17,APP,Applovin Corporation,USD,326.56,13.03,25.0622,33.0948,34.1051,7.1237,-1.1276,338.4037,431.2254,524.0472,顯著低估,15.5677,34.6152,22.0514,0.7,,20.57,297.5,745.61,6.485,0.562,30.0,2026-10-16,ok,14.2704,15
2026-09-17,ASML,ASML Holding N.V. - New York Re,USD,1602.22,29.44,54.4232,58.5046,59.0888,3.6838,-1.1079,1613.9247,1722.3768,1830.8288,顯著低估,26.7197,1351.2083,53.5752,1.41,0.57,2517.335,861.18,1999.96,65.0731,0.4725,30.0,2026-10-16,ok,21.6827,15
2026-09-17,AVGO,Broadcom Inc.,USD,339.51,7.84,43.3048,49.9991,49.3839,3.6455,-1.8363,363.4126,391.9931,420.5736,顯著低估,17.515,16.2585,39.8666,0.34,0.77,31.668,289.96,495.0,24.166,0.3645,30.0,2026-10-16,ok,3.8687,16
2026-09-17,BE,Bloom Energy Corporation,USD,270.02,0.78,346.1795,322.1855,325.5513,49.7396,0.4824,212.5078,251.3047,290.1016,高估~均值,54.7851,49.1392,107.7934,0.58,,182.834,61.37,351.28,71.9706,0.8243,30.0,2026-10-16,ok,6.3038,15
2026-09-17,COHR,Coherent Corp.,USD,289.93,4.12,70.3714,81.0055,79.5461,11.9956,-0.8865,284.321,333.7428,383.1646,均值~低估,20.7756,5.2052,714.0584,0.92,,38.64,100.63,440.0,55.7798,0.7157,30.0,2026-10-16,ok,9.0835,15
2026-09-17,CRM,"Salesforce, Inc.",USD,250.54,10.92,22.9432,17.3638,16.4913,2.8819,1.936,158.1414,189.6122,221.0831,顯著高估,15.6381,5.3727,13.0917,0.87,0.69,18.713,146.32,269.11,84.8766,0.4239,30.0,2026-10-16,ok,49.6886,15
2026-09-17,CRWD,"CrowdStrike Holdings, Inc.",USD,241.36,0.05,4827.2,3783.635,3810.1999,490.9051,2.1258,164.6365,189.1817,213.727,顯著高估,150.2949,48.4367,122.5504,7.53,,2284.632,85.68,245.19,97.5989,0.5539,30.0,2026-10-16,ok,57.9634,15
2026-09-17,CRWV,"CoreWeave, Inc.",USD,83.35,-3.55,,,,,,,,,無法判讀,-42.7743,9.1413,5.5342,,,23.939,60.55,153.2,24.6087,0.7553,30.0,2026-10-16,ok,12.985,15
2026-09-17,DELL,Dell Technologies Inc.,USD,563.29,17.17,32.8066,24.1116,24.8154,4.5591,1.9072,335.7158,413.9962,492.2766,顯著高估,19.646,-254.6519,14.6215,0.63,0.46,20.833,110.22,576.75,97.1149,0.6339,30.0,2026-10-16,ok,9.1898,15
2026-09-17,GOOG,Alphabet Inc.,USD,339.36,19.94,17.0191,17.8094,17.7232,0.9545,-0.8281,336.0875,355.12,374.1525,均值~低估,22.842,6.6677,10.1018,1.24,0.26,23.515,236.685,404.47,61.1944,0.3145,30.0,2026-10-16,ok,32.6375,15
2026-09-17,IGV,iShares Expanded Tech-Software ,USD,104.96,3.2158,32.6387,30.0276,29.2228,2.0201,1.2926,90.0672,96.5633,103.0595,顯著高估,,0.2631,,,0.02,,73.93,117.99,70.4267,0.3458,30.0,2026-10-16,ok,54.9133,15
2026-09-17,INTC,Intel Corporation,USD,101.05,-2.09,,,,,,,,,無法判讀,49.0039,5.8212,35.7633,1.36,,31.258,24.45,142.35,64.9703,0.6309,30.0,2026-10-16,ok,15.9941,15
2026-09-17,ISRG,"Intuitive Surgical, Inc.",USD,382.29,8.71,43.8909,45.2999,46.0677,3.2937,-0.4278,365.8742,394.5622,423.2502,均值~低估,31.6162,7.4465,36.9539,1.76,,30.653,328.57,603.88,19.5125,0.4524,30.0,2026-10-16,ok,81.3167,15
2026-09-17,LITE,Lumentum Holdings Inc.,USD,919.4,-92.96,,,,,,,,,無法判讀,23.1587,17.5411,109.7554,0.63,,92.653,144.52,1085.68,82.3324,0.7275,30.0,2026-10-16,ok,10.9246,15
2026-09-17,META,"Meta Platforms, Inc.",USD,673.31,26.54,25.3696,22.6238,22.4721,1.2819,2.142,566.4132,600.4346,634.4559,顯著高估,19.2596,6.5676,11.3947,0.88,0.31,15.772,520.26,790.8,56.572,0.4013,30.0,2026-10-16,ok,52.16,15
2026-09-17,MRVL,"Marvell Technology, Inc.",USD,229.71,3.02,76.0629,75.4184,73.0348,12.7143,0.0507,189.3662,227.7634,266.1607,高估~均值,33.9765,11.0416,91.5506,1.16,0.11,68.681,68.36,329.88,61.697,0.6641,30.0,2026-10-16,ok,18.6728,15
2026-09-17,MSFT,Microsoft Corporation,USD,490.3,17.95,27.3148,24.2227,23.2866,2.7451,1.1264,385.5227,434.7976,484.0724,顯著高估,20.7819,8.2313,19.9019,1.61,0.73,19.272,349.2,553.72,68.9908,0.272,30.0,2026-10-16,ok,8.1643,15
2026-09-17,MU,"Micron Technology, Inc.",USD,926.55,44.25,20.939,21.1513,21.192,2.4407,-0.087,827.9445,935.9436,1043.9426,均值~低估,5.9265,10.3856,20.3461,0.14,0.06,15.068,154.65,1255.0,70.1504,0.601,30.0,2026-10-16,ok,22.744,15
2026-09-17,NBIS,Nebius Group N.V.,USD,209.37,-0.06,,,,,,,,,無法判讀,-66.6548,5.5503,9.4929,0.5,,228.659,73.52,299.86,60.0203,0.7909,30.0,2026-10-16,ok,4.0973,15
2026-09-17,NFLX,"Netflix, Inc.",USD,76.41,3.18,24.0283,24.6423,24.4371,1.797,-0.3417,72.6479,78.3624,84.077,均值~低估,19.9979,10.5524,26.5785,1.48,,22.537,65.08,124.86,18.9528,0.3482,30.0,2026-10-16,ok,13.5877,15
2026-09-17,NOW,"ServiceNow, Inc.",USD,139.82,1.6,87.3875,70.8876,68.4094,9.9319,1.6613,97.5293,113.4202,129.3112,顯著高估,27.9332,11.5496,27.2333,1.03,,51.948,81.24,194.726,51.6187,0.5409,30.0,2026-10-16,ok,50.7765,15
2026-09-17,NVDA,NVIDIA Corporation,USD,213.9,7.91,27.0417,26.8288,26.8616,1.278,0.1666,202.107,212.2159,222.3248,高估~均值,13.6985,22.5562,38.4418,0.46,,25.288,164.27,236.54,68.673,0.3466,30.0,2026-10-16,ok,13.4347,16
2026-09-17,ORCL,Oracle Corporation,USD,143.16,6.39,22.4038,25.2362,23.4272,4.8517,-0.5838,130.2566,161.2592,192.2618,均值~低估,13.0218,10.9785,9.2219,0.85,,16.316,114.5,329.5,13.3302,0.5042,30.0,2026-10-16,ok,21.6207,15
2026-09-17,PANW,"Palo Alto Networks, Inc.",USD,375.65,0.41,916.2195,776.1038,807.9024,115.7412,1.2106,270.7487,318.2026,365.6564,顯著高估,76.9953,11.136,67.4899,1.91,,196.359,139.57,398.88,91.0416,0.5151,30.0,2026-10-16,ok,49.9521,15
2026-09-17,PLTR,Palantir Technologies Inc.,USD,174.34,1.17,149.0085,124.6056,116.0385,18.8538,1.2943,123.7297,145.7886,167.8475,顯著高估,75.0498,42.8564,117.9624,1.67,,152.325,106.37,207.52,67.1972,0.5002,30.0,2026-10-16,ok,27.4073,15
2026-09-17,QQQ,"Invesco QQQ Trust, Series 1",USD,704.72,24.5347,28.7234,29.1391,29.1618,0.6197,-0.6708,699.715,714.9199,730.1248,均值~低估,,1.9697,,,0.42,,555.6,748.65,77.2442,0.2018,30.0,2026-10-16,ok,35.8377,15
2026-09-17,RKLB,Rocket Lab Corporation,USD,63.7,-0.27,,,,,,,,,無法判讀,1398.1564,10.9113,,,,-238.217,37.57,151.0,23.0362,0.696,30.0,2026-10-16,ok,20.0916,16
2026-09-17,SNDK,Sandisk Corporation,USD,1519.97,73.79,20.5986,21.9151,21.5442,3.5696,-0.3688,1353.7113,1617.1143,1880.5173,均值~低估,5.7418,14.3922,19.0688,,,17.404,90.22,2354.39,63.1468,0.6921,30.0,2026-10-16,ok,2.1432,15
2026-09-17,SOXX,iShares PHLX SOX Semiconductor ,USD,502.06,13.6039,36.9056,40.2173,39.3832,2.9099,-1.1381,507.5256,547.1119,586.6981,顯著低估,,1.1838,,,0.29,,254.83,655.95,61.6349,0.4114,30.0,2026-10-16,ok,8.9073,15
2026-09-17,SPCX,Space Exploration Technologies ,USD,150.88,-1.1,,,,,,,,,無法判讀,86.556,15.6255,117.2946,,,631.271,104.83,225.64,38.1177,0.5238,30.0,2026-10-16,ok,7.0162,15
2026-09-17,SPOT,Spotify Technology S.A.,USD,547.43,18.42,29.7193,26.8368,26.7315,1.881,1.5324,459.6859,494.3342,528.9826,顯著高估,30.735,11.4903,33.7258,1.49,,40.347,405.0,745.0,41.8912,0.4119,30.0,2026-10-16,ok,32.7726,15
2026-09-17,SPY,State Street SPDR S&P 500 ETF T,USD,754.05,30.9505,24.3631,24.308,24.2534,0.4218,0.1306,739.2912,752.3456,765.3999,高估~均值,,1.7568,,,0.98,,629.28,779.37,83.1301,0.1452,30.0,2026-10-16,ok,22.5011,15
2026-09-17,TRV,"The Travelers Companies, Inc.",USD,378.92,37.19,10.1888,9.1863,9.1936,0.8995,1.1145,308.1886,341.6399,375.0911,顯著高估,12.5434,2.3865,7.1679,2.36,1.32,7.216,252.26,398.7,86.4928,0.3,30.0,2026-10-16,ok,89.4475,15
2026-09-17,TSLA,"Tesla, Inc.",USD,358.08,1.07,334.6542,354.0625,355.3972,36.6019,-0.5303,339.6828,378.8469,418.011,均值~低估,165.8868,16.2801,75.6893,4.37,,128.456,297.38,498.83,30.1315,0.4337,30.0,2026-10-16,ok,21.1305,15
2026-09-17,TSM,Taiwan Semiconductor Manufactur,USD,417.72,13.49,30.9652,31.2577,31.076,1.255,-0.2331,404.7371,421.6667,438.5962,均值~低估,19.0521,85.483,0.8223,0.82,,4.66,257.98,479.0,72.274,0.3516,30.0,2026-10-16,ok,15.2023,15
2026-09-17,UBER,"Uber Technologies, Inc.",USD,70.97,4.56,15.5636,16.0698,15.9561,0.6364,-0.7955,70.3766,73.2784,76.1803,均值~低估,16.1088,5.3002,13.9064,6.16,,20.916,65.41,101.99,15.1996,0.3836,30.0,2026-10-16,ok,45.6453,15
2026-09-17,VRT,"Vertiv Holdings, LLC",USD,239.41,4.41,54.288,67.1853,68.0397,7.7091,-1.673,262.2904,296.2873,330.2843,顯著低估,26.2443,19.3713,27.479,0.8,0.11,33.802,132.685,379.935,43.1648,0.5808,30.0,2026-10-16,ok,17.5045,15
2026-09-17,XLI,State Street Industrial Select ,USD,168.71,6.1593,27.391,28.9187,29.0194,0.8164,-1.8713,173.0911,178.1194,183.1478,顯著低估,,1.7148,,,1.18,,147.14,188.19,52.5457,0.3156,30.0,2026-10-16,ok,98.6126,15
2026-09-17,XLV,State Street Health Care Select,USD,167.77,5.5971,29.9743,28.5722,28.8407,1.6072,0.8724,150.9267,159.9222,168.9177,高估~均值,,,,,1.49,,133.73,176.6,79.4028,0.2826,30.0,2026-10-16,ok,82.2453,14
2026-09-18,000660.KS,SK hynix,KRW,1745000.0,,,,,,,,,,無法判讀,3.7175,,9.7592,0.19,0.09,8.178,0.0,2987000.0,58.4198,,,,no_market,,0
2026-09-18,2330.TW,TAIWAN SEMICONDUCTOR MANUFACTUR,TWD,2425.0,87.06,27.8544,27.2647,27.4236,0.835,0.7061,2300.9706,2373.6667,2446.3627,高估~均值,17.0049,9.7763,23.8686,0.71,1.18,19.094,1265.0,2535.0,91.3386,,,,no_market,,0
2026-09-18,AAPL,Apple Inc.,USD,337.0,8.71,38.6912,35.7101,35.6487,1.6195,1.8408,296.9293,311.0349,325.1405,顯著高估,35.1459,45.788,33.5203,2.67,0.32,29.014,236.65,344.57,92.9855,0.2529,29.0,2026-10-16,ok,52.4908,17
2026-09-18,ADBE,Adobe Inc.,USD,252.67,17.91,14.1078,13.6179,13.8674,1.4172,0.3456,218.5144,243.8971,269.2798,高估~均值,9.131,8.484,9.2945,0.61,,10.258,190.12,370.86,34.6077,0.418,29.0,2026-10-16,ok,46.6638,16
2026-09-18,AMD,"Advanced Micro Devices, Inc.",USD,545.09,3.9,139.7667,127.4514,127.7821,9.0265,1.3644,461.8572,497.0604,532.2636,顯著高估,35.0074,13.2332,88.2784,0.52,,86.573,149.85,584.73,90.8848,0.5201,29.0,2026-10-16,ok,8.6575,16
2026-09-18,AMZN,"Amazon.com, Inc.",USD,251.19,12.42,20.2246,20.4275,20.4795,1.0762,-0.1885,240.3431,253.7097,267.0762,均值~低估,24.211,4.9103,16.7866,1.44,,16.468,196.0,287.2,60.5154,0.3068,29.0,2026-10-16,ok,25.52,16
2026-09-18,APP,Applovin Corporation,USD,321.6,13.0,24.7385,33.0456,33.7435,7.1883,-1.1556,336.1445,429.5927,523.0408,顯著低估,15.3312,34.0895,21.7165,0.71,,20.267,297.5,745.61,5.3781,0.533,29.0,2026-10-16,ok,9.2082,16
2026-09-18,ASML,ASML Holding N.V. - New York Re,USD,1629.67,29.32,55.5822,58.7584,59.3307,3.684,-0.8621,1614.7798,1722.7951,1830.8104,均值~低估,27.3101,1374.3578,54.4931,1.44,0.57,2534.326,916.03,1999.96,65.8382,0.45,29.0,2026-10-16,ok,13.1648,16
2026-09-18,AVGO,Broadcom Inc.,USD,347.3,7.84,44.2985,49.8819,49.2494,3.6574,-1.5266,362.4001,391.0742,419.7483,顯著低估,17.9169,16.6315,40.7813,0.34,0.77,31.69,289.96,495.0,27.9653,0.3514,29.0,2026-10-16,ok,0.0,17
2026-09-18,BE,Bloom Energy Corporation,USD,280.76,0.78,359.9487,322.4665,325.5513,49.8821,0.7514,212.6158,251.5239,290.4319,高估~均值,56.9642,51.0937,112.0809,0.61,,190.344,61.37,351.28,75.6752,0.7731,29.0,2026-10-16,ok,1.568,16
2026-09-18,COHR,Coherent Corp.,USD,295.98,4.12,71.8398,80.8996,79.426,12.0343,-0.7528,283.7249,333.3063,382.8878,均值~低估,21.2091,5.3138,728.9588,0.92,,41.221,102.14,440.0,57.3729,0.7085,29.0,2026-10-16,ok,7.5727,16
2026-09-18,CRM,"Salesforce, Inc.",USD,242.85,10.92,22.239,17.4259,16.4913,2.9263,1.6448,158.3355,190.2903,222.2452,顯著高估,15.1711,5.2078,12.6899,0.84,0.7,18.386,146.32,269.11,78.6139,0.4119,29.0,2026-10-16,ok,46.4632,16
2026-09-18,CRWD,"CrowdStrike Holdings, Inc.",USD,245.7,0.05,4913.9999,3808.9144,3814.65,489.8704,2.2559,165.9522,190.4457,214.9392,顯著高估,152.9974,49.3076,124.754,7.72,,2273.805,85.68,250.32,97.1939,0.5573,29.0,2026-10-16,ok,58.7638,16
2026-09-18,CRWV,"CoreWeave, Inc.",USD,79.88,-3.55,,,,,,,,,無法判讀,-40.9727,8.7607,5.3038,,,24.293,60.55,153.2,20.8635,0.7683,29.0,2026-10-16,ok,15.3521,16
2026-09-18,DELL,Dell Technologies Inc.,USD,588.4,17.18,34.2491,24.3097,24.8551,4.58,2.1702,338.9553,417.64,496.3247,顯著高估,20.5218,-266.0036,15.2733,0.66,0.45,21.542,110.22,593.9799,98.8466,0.6158,29.0,2026-10-16,ok,3.7201,16
2026-09-18,GOOG,Alphabet Inc.,USD,343.68,19.92,17.253,17.7975,17.7372,0.9305,-0.5852,335.9907,354.527,373.0633,均值~低估,23.1328,6.7526,10.2303,1.21,0.26,23.369,236.685,404.47,63.7691,0.2996,29.0,2026-10-16,ok,24.9372,16
2026-09-18,IGV,iShares Expanded Tech-Software ,USD,105.78,3.2158,32.8937,30.0782,29.2399,2.0343,1.384,90.1838,96.7259,103.2679,顯著高估,,0.2651,,,0.02,,73.93,117.99,72.2878,0.3311,29.0,2026-10-16,ok,49.6475,16
2026-09-18,INTC,Intel Corporation,USD,108.8,-2.09,,,,,,,,,無法判讀,52.7623,6.2676,38.5062,1.36,,32.429,28.73,142.35,70.4717,0.6451,29.0,2026-10-16,ok,18.9017,16
2026-09-18,ISRG,"Intuitive Surgical, Inc.",USD,383.54,8.72,43.9839,45.1632,45.9243,3.2217,-0.366,365.7303,393.8231,421.9159,均值~低估,31.7196,7.4709,37.0748,1.78,,31.087,328.57,603.88,19.9666,0.4536,29.0,2026-10-16,ok,81.7634,16
2026-09-18,LITE,Lumentum Holdings Inc.,USD,893.61,-92.95,,,,,,,,,無法判讀,22.5091,17.0491,106.6766,0.63,,101.665,144.52,1085.68,79.5922,0.7034,29.0,2026-10-16,ok,6.1689,16
2026-09-18,META,"Meta Platforms, Inc.",USD,682.31,26.53,25.7184,22.6627,22.4806,1.3226,2.3104,566.1541,601.2421,636.3301,顯著高估,19.5171,6.6554,11.547,0.89,0.31,15.844,520.26,790.8,59.8987,0.385,29.0,2026-10-16,ok,47.045,16
2026-09-18,MRVL,"Marvell Technology, Inc.",USD,240.76,3.01,79.9867,75.9296,73.7076,12.5996,0.322,190.6233,228.5482,266.4732,高估~均值,35.6109,11.5728,95.9546,1.22,0.1,71.145,70.69,329.88,65.616,0.6599,29.0,2026-10-16,ok,17.9456,16
2026-09-18,MSFT,Microsoft Corporation,USD,497.75,17.94,27.7453,24.2874,23.3462,2.7688,1.2489,386.0434,435.7157,485.3879,顯著高估,21.0976,8.3564,20.2043,1.59,0.8,19.011,349.2,553.72,72.6335,0.2576,29.0,2026-10-16,ok,1.4865,16
2026-09-18,MU,"Micron Technology, Inc.",USD,977.5,44.2,22.1154,21.2332,21.2305,2.4023,0.3672,832.3247,938.5068,1044.6889,高估~均值,6.2448,10.9567,21.4649,0.14,0.06,15.051,154.65,1255.0,74.7808,0.601,29.0,2026-10-16,ok,22.7341,16
2026-09-18,NBIS,Nebius Group N.V.,USD,217.99,-0.06,,,,,,,,,無法判讀,-66.3996,5.7789,9.8838,0.48,,230.784,73.52,299.86,63.8288,0.7747,29.0,2026-10-16,ok,2.43,16
2026-09-18,NFLX,"Netflix, Inc.",USD,75.31,3.18,23.6824,24.5997,24.3789,1.7735,-0.5172,72.5874,78.2271,83.8668,均值~低估,19.71,10.4005,26.1959,1.41,,22.115,65.08,124.86,17.1127,0.3424,29.0,2026-10-16,ok,11.0022,16
2026-09-18,NOW,"ServiceNow, Inc.",USD,138.47,1.59,87.0881,71.6639,69.3994,10.0183,1.5396,98.0166,113.9457,129.8748,顯著高估,27.6635,11.4381,26.9704,1.01,,51.206,81.24,194.726,50.4291,0.5212,29.0,2026-10-16,ok,46.8616,16
2026-09-18,NVDA,NVIDIA Corporation,USD,219.34,7.91,27.7295,26.8346,26.8616,1.2809,0.6986,202.1298,212.2619,222.3939,高估~均值,14.0468,23.1298,39.4195,0.45,0.47,25.496,164.27,236.54,76.2004,0.3175,29.0,2026-10-16,ok,1.0298,17
2026-09-18,ORCL,Oracle Corporation,USD,150.59,6.38,23.6034,25.1967,23.4639,4.8276,-0.33,129.9549,160.7552,191.5556,均值~低估,13.6976,11.5483,9.7006,0.8,1.4,16.563,114.5,329.5,16.786,0.4921,29.0,2026-10-16,ok,18.9286,16
2026-09-18,PANW,"Palo Alto Networks, Inc.",USD,375.06,0.41,914.7805,780.6344,809.4756,113.039,1.1867,273.7141,320.0601,366.4061,顯著高估,76.8712,11.1185,67.3839,1.92,,196.652,139.57,398.88,90.8141,0.5136,29.0,2026-10-16,ok,49.6634,16
2026-09-18,PLTR,Palantir Technologies Inc.,USD,176.24,1.17,150.6325,124.9707,116.0385,19.0372,1.348,123.9421,146.2157,168.4893,顯著高估,75.8677,43.3235,119.2479,1.68,,153.931,106.37,207.52,69.0756,0.4816,29.0,2026-10-16,ok,21.9418,16
2026-09-18,QQQ,"Invesco QQQ Trust, Series 1",USD,716.92,24.5347,29.2207,29.1417,29.1862,0.6196,0.1274,699.7819,714.9831,730.1843,高估~均值,,2.0038,,,0.42,,555.6,748.65,83.5638,0.1738,29.0,2026-10-16,ok,17.1181,16
2026-09-18,RKLB,Rocket Lab Corporation,USD,67.82,-0.27,,,,,,,,,無法判讀,1488.5865,11.617,,,,-238.813,37.57,151.0,26.6684,0.689,29.0,2026-10-16,ok,18.8627,17
2026-09-18,SNDK,Sandisk Corporation,USD,1614.39,73.72,21.8989,21.9437,21.6089,3.5721,-0.0125,1354.3541,1617.6926,1881.0311,均值~低估,6.0984,15.2862,20.2534,,,17.278,93.535,2354.39,67.269,0.6903,29.0,2026-10-16,ok,1.9608,16
2026-09-18,SOXX,iShares PHLX SOX Semiconductor ,USD,519.1,13.6039,38.1582,40.2163,39.3832,2.9106,-0.7071,507.503,547.0986,586.6941,均值~低估,,1.224,,,0.29,,260.44,655.95,65.3991,0.3796,29.0,2026-10-16,ok,0.0,16
2026-09-18,SPCX,Space Exploration Technologies ,USD,154.81,-1.1,,,,,,,,,無法判讀,88.8105,16.0325,120.3498,,,664.309,104.83,225.64,41.3707,0.4968,29.0,2026-10-16,ok,3.0237,16
2026-09-18,SPOT,Spotify Technology S.A.,USD,528.84,18.39,28.7569,26.9477,26.7999,1.8413,0.9826,461.7064,495.5677,529.4289,高估~均值,29.7142,11.1001,32.5805,1.55,,39.517,405.0,745.0,36.4235,0.4118,29.0,2026-10-16,ok,32.7425,16
2026-09-18,SPY,State Street SPDR S&P 500 ETF T,USD,762.6,30.9505,24.6394,24.317,24.2646,0.4201,0.7673,739.6199,752.6231,765.6263,高估~均值,,1.7767,,,0.98,,629.28,779.37,88.8267,0.1244,29.0,2026-10-16,ok,9.3617,16
2026-09-18,TRV,"The Travelers Companies, Inc.",USD,379.49,37.21,10.1986,9.2057,9.2185,0.8965,1.1075,309.1848,342.5449,375.905,顯著高估,12.55,2.3901,7.1787,2.36,1.32,7.233,252.26,398.7,86.882,0.296,29.0,2026-10-16,ok,86.598,16
2026-09-18,TSLA,"Tesla, Inc.",USD,366.2,1.07,342.243,353.4171,354.5047,36.2878,-0.3079,339.3284,378.1563,416.9842,均值~低估,166.6394,16.6492,77.4056,4.28,,129.007,297.38,498.83,34.1623,0.4233,29.0,2026-10-16,ok,17.299,16
2026-09-18,TSM,Taiwan Semiconductor Manufactur,USD,430.26,13.45,31.9896,31.366,31.2089,1.258,0.4957,404.9534,421.8731,438.7928,高估~均值,19.6241,88.0492,0.847,0.79,0.97,4.712,257.98,479.0,77.9477,0.3389,29.0,2026-10-16,ok,10.1304,16
2026-09-18,UBER,"Uber Technologies, Inc.",USD,70.87,4.56,15.5417,16.0587,15.9353,0.6367,-0.812,70.3241,73.2276,76.131,均值~低估,16.0861,5.2928,13.8868,6.02,,20.79,65.41,101.99,14.9262,0.3657,29.0,2026-10-16,ok,38.1095,16
2026-09-18,VRT,"Vertiv Holdings, LLC",USD,241.49,4.43,54.5124,66.635,67.4357,7.711,-1.5721,261.0335,295.1931,329.3528,顯著低估,26.4723,19.5396,27.7177,0.81,0.1,34.492,133.85,379.935,43.741,0.5277,29.0,2026-10-16,ok,1.3155,16
2026-09-18,XLI,State Street Industrial Select ,USD,169.01,6.1593,27.4397,28.9111,29.0194,0.8269,-1.7793,172.9795,178.0729,183.1663,顯著低估,,1.7179,,,1.18,,147.14,188.19,53.2765,0.2506,29.0,2026-10-16,ok,66.9032,16
2026-09-18,XLV,State Street Health Care Select,USD,168.81,5.5971,30.1601,28.6225,28.8755,1.5849,0.9702,151.3327,160.2036,169.0744,高估~均值,,,,,1.49,,133.73,176.6,81.8288,0.243,29.0,2026-10-16,ok,62.6852,15
2026-09-19,000660.KS,SK hynix,KRW,1857000.0,,,,,,,,,,無法判讀,3.9561,,10.3856,0.19,0.09,8.732,333000.0,2987000.0,57.4228,,,,no_market,,0
2026-09-19,2330.TW,TAIWAN SEMICONDUCTOR MANUFACTUR,TWD,2460.0,86.84,28.328,27.3581,27.5219,0.8338,1.1631,2303.3678,2375.7778,2448.1878,顯著高估,17.2503,9.9174,24.2131,0.71,1.15,19.38,1265.0,2535.0,94.0945,,,,no_market,,0
2026-09-19,AAPL,Apple Inc.,USD,336.13,8.73,38.5029,35.6836,35.5962,1.6281,1.7316,297.3042,311.5177,325.7311,顯著高估,35.0579,45.6698,33.4338,2.67,0.32,29.413,240.21,344.57,91.9126,0.2378,28.0,2026-10-16,ok,42.5466,18
2026-09-19,ADBE,Adobe Inc.,USD,248.92,17.91,13.8984,13.6196,13.8959,1.4175,0.1966,218.5408,243.9279,269.315,高估~均值,8.995,8.3581,9.1566,0.61,,10.346,190.12,370.31,32.6322,0.4131,28.0,2026-10-16,ok,45.3665,17
2026-09-19,AMD,"Advanced Micro Devices, Inc.",USD,559.82,3.92,142.8112,127.0875,128.1263,9.076,1.7324,462.6051,498.183,533.7609,顯著高估,35.9534,13.5908,90.6639,0.52,,92.137,154.78,584.73,94.2063,0.5073,28.0,2026-10-16,ok,5.6388,17
2026-09-19,AMZN,"Amazon.com, Inc.",USD,253.71,12.43,20.4111,20.3974,20.4143,1.0673,0.0128,240.2729,253.5399,266.8069,高估~均值,24.4539,4.9595,16.955,1.44,,16.802,196.0,287.2,63.2785,0.3018,28.0,2026-10-16,ok,23.5768,17
2026-09-19,APP,Applovin Corporation,USD,308.06,13.02,23.6605,32.8494,33.1478,7.2328,-1.2705,333.5292,427.6998,521.8704,顯著低估,14.6858,32.6542,20.8022,0.71,,19.961,297.5,745.61,2.3566,0.5445,28.0,2026-10-16,ok,11.216,17
2026-09-19,ASML,ASML Holding N.V. - New York Re,USD,1679.92,29.33,57.2765,58.7816,59.3104,3.6418,-0.4133,1617.2481,1724.063,1830.8779,均值~低估,28.3186,1432.0648,56.1733,1.44,0.56,2577.752,925.87,1999.96,70.2036,0.4844,28.0,2026-10-16,ok,26.2035,17
2026-09-19,AVGO,Broadcom Inc.,USD,357.61,7.85,45.5554,49.7181,49.1274,3.6445,-1.1422,361.6782,390.2873,418.8964,顯著低估,18.4488,17.1253,41.9919,0.34,0.75,32.402,289.96,495.0,32.9936,0.366,28.0,2026-10-16,ok,4.9759,18
2026-09-19,BE,Bloom Energy Corporation,USD,265.63,0.76,349.5132,330.6851,334.1184,51.0322,0.3689,212.5362,251.3207,290.1052,高估~均值,53.8944,48.3403,106.0409,0.61,,197.903,61.37,351.28,70.4563,0.7574,28.0,2026-10-16,ok,0.1156,17
2026-09-19,COHR,Coherent Corp.,USD,317.36,4.11,77.2165,80.9279,79.4477,12.01,-0.309,283.2527,332.6138,381.9749,均值~低估,22.7412,5.6977,781.6148,0.92,,42.054,102.14,440.0,63.7009,0.7043,28.0,2026-10-16,ok,6.6892,17
2026-09-19,CRM,"Salesforce, Inc.",USD,237.92,10.93,21.7676,17.4713,16.5055,2.9566,1.4531,158.6461,190.9618,223.2775,顯著高估,14.8594,5.1021,12.4323,0.84,0.72,17.896,146.32,269.11,74.5989,0.3856,28.0,2026-10-16,ok,39.3543,17
2026-09-19,CRWD,"CrowdStrike Holdings, Inc.",USD,237.65,0.05,4752.9999,3831.6,3816.45,485.7268,1.897,167.2937,191.58,215.8663,顯著高估,147.9846,47.6922,120.6666,7.72,,2315.39,85.68,250.32,92.3044,0.5076,28.0,2026-10-16,ok,46.9178,17
2026-09-19,CRWV,"CoreWeave, Inc.",USD,81.36,-3.55,,,,,,,,,無法判讀,-41.7319,8.923,5.4021,,,23.787,60.55,153.2,22.4609,0.74,28.0,2026-10-16,ok,10.2198,17
2026-09-19,DELL,Dell Technologies Inc.,USD,568.06,17.18,33.0652,24.5173,24.8804,4.5482,1.8794,343.0683,421.2069,499.3454,顯著高估,19.8124,-256.8083,14.7453,0.66,0.43,22.443,110.22,595.51,94.3436,0.6077,28.0,2026-10-16,ok,1.2625,17
2026-09-19,GOOG,Alphabet Inc.,USD,344.41,19.93,17.281,17.765,17.6791,0.9154,-0.5287,335.8124,354.0563,372.3003,均值~低估,23.202,6.7669,10.2521,1.21,0.26,23.674,236.685,404.47,64.2042,0.3185,28.0,2026-10-16,ok,34.6889,17
2026-09-19,IGV,iShares Expanded Tech-Software ,USD,104.35,3.2158,32.449,30.1254,29.2585,2.0396,1.1393,90.3188,96.8777,103.4365,顯著高估,,0.2615,,,0.02,,73.93,117.99,69.0422,0.3264,28.0,2026-10-16,ok,47.9939,17
2026-09-19,INTC,Intel Corporation,USD,108.6,-2.09,,,,,,,,,無法判讀,52.6653,6.2561,38.4354,1.36,,34.75,28.73,142.35,70.2957,0.6235,28.0,2026-10-16,ok,14.503,17
2026-09-19,ISRG,"Intuitive Surgical, Inc.",USD,393.33,8.71,45.1584,45.181,45.7755,3.2093,-0.007,365.5728,393.5261,421.4794,均值~低估,32.5293,7.6616,38.0211,1.78,,31.192,328.57,603.88,23.5226,0.3887,28.0,2026-10-16,ok,56.7829,17
2026-09-19,LITE,Lumentum Holdings Inc.,USD,930.91,-92.94,,,,,,,,,無法判讀,23.4486,17.7607,111.1294,0.63,,98.776,144.52,1085.68,83.5554,0.7122,28.0,2026-10-16,ok,7.8958,17
2026-09-19,META,"Meta Platforms, Inc.",USD,665.75,26.54,25.0848,22.6822,22.4721,1.3466,1.7842,566.246,601.9853,637.7247,顯著高估,19.0434,6.4939,11.2667,0.89,0.31,16.053,520.26,790.8,53.7776,0.3874,28.0,2026-10-16,ok,47.8017,17
2026-09-19,MRVL,"Marvell Technology, Inc.",USD,244.25,3.01,81.1462,76.2006,73.7874,12.444,0.3974,191.9075,229.3639,266.8203,高估~均值,36.1271,11.7405,97.3455,1.22,0.1,74.545,70.69,329.88,66.9625,0.6526,28.0,2026-10-16,ok,16.6622,17
2026-09-19,MSFT,Microsoft Corporation,USD,493.78,17.97,27.478,24.297,23.3765,2.7815,1.1436,386.6328,436.617,486.6012,顯著高估,20.9294,8.2898,20.0431,1.59,0.79,19.296,349.2,553.72,70.6924,0.2591,28.0,2026-10-16,ok,2.1656,17
2026-09-19,MU,"Micron Technology, Inc.",USD,1015.8,44.28,22.9404,21.2501,21.2191,2.3799,0.7102,835.5745,940.9564,1046.3384,高估~均值,6.4895,11.386,22.3059,0.14,0.05,15.894,154.65,1255.0,78.2615,0.5818,28.0,2026-10-16,ok,19.6439,17
2026-09-19,NBIS,Nebius Group N.V.,USD,223.54,-0.07,,,,,,,,,無法判讀,-68.0902,5.926,10.1354,0.48,,239.942,73.52,299.86,66.2808,0.7745,28.0,2026-10-16,ok,2.4174,17
2026-09-19,NFLX,"Netflix, Inc.",USD,71.79,3.18,22.5755,24.552,24.3365,1.7695,-1.117,72.4484,78.0753,83.7022,顯著低估,18.7887,9.9144,24.9715,1.41,,21.804,65.08,124.86,11.2245,0.3267,28.0,2026-10-16,ok,3.9058,17
2026-09-19,NOW,"ServiceNow, Inc.",USD,135.47,1.61,84.1429,71.0772,68.7422,9.8802,1.3224,98.5273,114.4343,130.3414,顯著高估,27.0642,11.1903,26.3861,1.01,,50.724,81.24,194.726,47.7856,0.5043,28.0,2026-10-16,ok,43.4816,17
2026-09-19,NVDA,NVIDIA Corporation,USD,222.27,7.92,28.0644,26.8047,26.8277,1.2827,0.9821,202.1344,212.2933,222.4523,高估~均值,14.173,23.4388,39.9461,0.45,0.46,26.147,164.27,236.54,80.2546,0.3163,28.0,2026-10-16,ok,0.5085,18
2026-09-19,ORCL,Oracle Corporation,USD,147.61,6.39,23.1002,25.0769,23.3169,4.793,-0.4124,129.6142,160.2416,190.8689,均值~低估,13.4225,7.2209,9.5086,0.8,1.33,17.216,114.5,329.5,15.4,0.4747,28.0,2026-10-16,ok,15.0672,17
2026-09-19,PANW,"Palo Alto Networks, Inc.",USD,363.58,0.41,886.7805,784.6973,809.6829,110.1409,0.9268,276.5681,321.7259,366.8836,高估~均值,74.5183,10.7782,65.3214,1.92,,196.343,139.57,398.88,86.3869,0.4971,28.0,2026-10-16,ok,46.6128,17
2026-09-19,PLTR,Palantir Technologies Inc.,USD,177.64,1.16,153.1379,126.4384,117.0388,19.3922,1.3768,124.1735,146.6685,169.1635,顯著高估,76.4704,43.6677,120.1952,1.68,,155.646,106.37,207.52,70.4597,0.4669,28.0,2026-10-16,ok,17.6231,17
2026-09-19,QQQ,"Invesco QQQ Trust, Series 1",USD,721.45,24.5347,29.4053,29.1454,29.1911,0.6202,0.4191,699.8585,715.0738,730.2891,高估~均值,,2.0165,,,0.42,,555.6,748.65,85.9104,0.1799,28.0,2026-10-16,ok,21.2407,17
2026-09-19,RKLB,Rocket Lab Corporation,USD,64.57,-0.27,,,,,,,,,無法判讀,1417.252,11.0603,,,,-255.191,37.57,151.0,23.8032,0.658,28.0,2026-10-16,ok,13.4807,18
2026-09-19,SNDK,Sandisk Corporation,USD,1791.82,73.78,24.286,21.9627,21.6546,3.5764,0.6496,1356.5409,1620.4066,1884.2723,高估~均值,6.7687,16.9662,22.4793,,,18.373,93.535,2354.39,75.1169,0.701,28.0,2026-10-16,ok,3.0396,17
2026-09-19,SOXX,iShares PHLX SOX Semiconductor ,USD,533.07,13.6039,39.1851,40.2166,39.3832,2.9105,-0.3544,507.5077,547.102,586.6963,均值~低估,,1.257,,,0.29,,260.44,655.95,68.9313,0.3707,28.0,2026-10-16,ok,0.0,17
2026-09-19,SPCX,Space Exploration Technologies ,USD,152.71,-1.1,,,,,,,,,無法判讀,87.6058,15.815,118.7173,,,681.879,104.83,225.64,39.6325,0.4915,28.0,2026-10-16,ok,2.2288,17
2026-09-19,SPOT,Spotify Technology S.A.,USD,509.45,18.35,27.7629,27.0609,26.8886,1.7932,0.3915,463.6623,496.5671,529.4719,高估~均值,28.7939,10.6931,31.3859,1.55,,38.092,405.0,740.201,31.1604,0.4062,28.0,2026-10-16,ok,30.8917,17
2026-09-19,SPY,State Street SPDR S&P 500 ETF T,USD,761.69,30.9505,24.61,24.3251,24.2806,0.4187,0.6804,739.9124,752.8719,765.8314,高估~均值,,1.7746,,,0.98,,629.28,779.37,88.2204,0.1424,28.0,2026-10-16,ok,20.7286,17
2026-09-19,TRV,"The Travelers Companies, Inc.",USD,374.62,37.23,10.0623,9.2239,9.4809,0.8911,0.9409,310.2316,343.4059,376.5801,高估~均值,12.3889,2.3594,7.0866,2.36,1.32,7.244,252.26,398.7,83.5564,0.3048,28.0,2026-10-16,ok,92.8407,17
2026-09-19,TSLA,"Tesla, Inc.",USD,364.27,1.06,343.6509,355.905,356.2736,36.0318,-0.3401,339.0657,377.2593,415.453,均值~低估,165.7611,16.5615,76.9977,4.28,,131.989,297.38,498.83,33.2043,0.4114,28.0,2026-10-16,ok,12.9039,17
2026-09-19,TSM,Taiwan Semiconductor Manufactur,USD,434.67,13.42,32.3897,31.4611,31.3126,1.2571,0.7387,405.337,422.2079,439.0788,高估~均值,19.8252,88.9517,0.8557,0.79,0.95,4.876,262.81,479.0,79.4949,0.3387,28.0,2026-10-16,ok,10.0201,17
2026-09-19,UBER,"Uber Technologies, Inc.",USD,70.5,4.56,15.4605,16.0449,15.9309,0.6361,-0.9187,70.2641,73.1648,76.0654,均值~低估,16.0021,5.2651,13.8143,6.02,,20.763,65.41,101.99,13.9147,0.3408,28.0,2026-10-16,ok,27.5801,17
2026-09-19,VRT,"Vertiv Holdings, LLC",USD,249.39,4.42,56.4231,66.4878,66.9672,7.6029,-1.3238,260.2715,293.8761,327.4807,顯著低估,27.3383,20.1788,28.6245,0.81,0.1,34.791,133.85,379.935,46.9513,0.5143,28.0,2026-10-16,ok,0.0,17
2026-09-19,XLI,State Street Industrial Select ,USD,169.75,6.1593,27.5598,28.9016,29.0194,0.8376,-1.6019,172.8552,178.0141,183.173,顯著低估,,1.7254,,,1.18,,147.14,188.19,55.0792,0.3678,28.0,2026-10-16,ok,100.0,17
2026-09-19,XLV,State Street Health Care Select,USD,168.39,5.5971,30.0851,28.6728,28.922,1.5581,0.9064,151.7643,160.4852,169.2062,高估~均值,,,,,1.49,,133.73,176.6,80.8491,0.201,28.0,2026-10-16,ok,41.8876,16
2026-09-20,000660.KS,SK hynix,KRW,1857000.0,,,,,,,,,,無法判讀,3.9561,,10.3856,0.19,0.08,8.732,333000.0,2987000.0,57.4228,,,,no_market,,0
2026-09-20,2330.TW,TAIWAN SEMICONDUCTOR MANUFACTUR,TWD,2460.0,85.61,28.735,27.7512,27.9173,0.8458,1.1631,2303.3678,2375.7778,2448.1878,顯著高估,17.2503,9.9174,24.2131,0.74,1.14,19.38,1270.0,2535.0,94.0711,,,,no_market,,0
2026-09-20,AAPL,Apple Inc.,USD,336.13,8.71,38.5913,35.7655,35.678,1.6319,1.7316,297.3042,311.5177,325.7311,顯著高估,35.0552,45.6698,33.4338,2.7,0.32,29.337,243.42,344.57,91.656,0.242,27.0,2026-10-16,ok,45.3245,19
2026-09-20,ADBE,Adobe Inc.,USD,248.92,17.92,13.8906,13.612,13.8881,1.4167,0.1966,218.5408,243.9279,269.315,高估~均值,8.995,8.3581,9.1566,0.6,,10.194,190.12,368.73,32.9209,0.4204,27.0,2026-10-16,ok,47.2884,18
2026-09-20,AMD,"Advanced Micro Devices, Inc.",USD,559.82,3.92,142.8112,127.0875,128.1263,9.076,1.7324,462.6051,498.183,533.7609,顯著高估,35.9534,13.5908,90.6639,0.57,,94.651,154.78,584.73,94.2063,0.5163,27.0,2026-10-16,ok,7.7469,18
2026-09-20,AMZN,"Amazon.com, Inc.",USD,253.71,12.43,20.4111,20.3974,20.4143,1.0673,0.0128,240.2729,253.5399,266.8069,高估~均值,24.4539,4.9595,16.955,1.51,,16.963,196.0,287.2,63.2785,0.3071,27.0,2026-10-16,ok,25.6371,18
2026-09-20,APP,Applovin Corporation,USD,308.06,13.0,23.6969,32.9,33.1988,7.2439,-1.2705,333.5292,427.6998,521.8704,顯著低估,14.6858,32.6542,20.8022,0.67,,19.124,297.5,745.61,2.3566,0.5541,27.0,2026-10-16,ok,12.9033,18
2026-09-20,ASML,ASML Holding N.V. - New York Re,USD,1679.92,29.06,57.8087,59.3277,59.8615,3.6757,-0.4133,1617.2481,1724.063,1830.8779,均值~低估,28.3036,1431.3035,56.1733,1.52,0.54,2657.248,935.41,1999.96,69.9366,0.4929,27.0,2026-10-16,ok,29.4567,18
2026-09-20,AVGO,Broadcom Inc.,USD,357.61,7.83,45.6718,49.8451,49.2529,3.6538,-1.1422,361.6782,390.2873,418.8964,顯著低估,18.4488,17.1253,41.9919,0.35,0.73,33.344,289.96,495.0,32.9936,0.3725,27.0,2026-10-16,ok,7.1861,19
2026-09-20,BE,Bloom Energy Corporation,USD,265.63,0.77,344.974,326.3905,329.7792,50.3695,0.3689,212.5362,251.3207,290.1052,高估~均值,53.8944,48.3403,106.0409,0.6,,187.254,61.37,351.28,70.4563,0.7709,27.0,2026-10-16,ok,1.3589,18
2026-09-20,COHR,Coherent Corp.,USD,317.36,4.13,76.8426,80.536,79.063,11.9518,-0.309,283.2527,332.6138,381.9749,均值~低估,22.7412,5.6977,781.6148,0.92,,44.995,102.14,440.0,63.7009,0.7167,27.0,2026-10-16,ok,9.3012,18
2026-09-20,CRM,"Salesforce, Inc.",USD,237.92,10.92,21.7875,17.4873,16.5206,2.9593,1.4531,158.6461,190.9618,223.2775,顯著高估,14.8594,5.1021,12.4323,0.79,0.74,17.581,146.32,269.11,74.5989,0.3924,27.0,2026-10-16,ok,41.1974,18
2026-09-20,CRWD,"CrowdStrike Holdings, Inc.",USD,237.65,0.05,4752.9999,3831.6,3816.45,485.7268,1.897,167.2937,191.58,215.8663,顯著高估,147.9846,47.6922,120.6666,7.6,,2238.256,85.68,250.32,92.3044,0.5166,27.0,2026-10-16,ok,49.0716,18
2026-09-20,CRWV,"CoreWeave, Inc.",USD,81.36,-3.55,,,,,,,,,無法判讀,-41.7319,8.923,5.4021,,,24.003,60.55,153.2,22.4609,0.7529,27.0,2026-10-16,ok,12.5647,18
2026-09-20,DELL,Dell Technologies Inc.,USD,568.06,17.21,33.0076,24.4745,24.837,4.5403,1.8794,343.0683,421.2069,499.3454,顯著高估,19.5294,-256.8083,14.7453,0.67,0.44,21.714,110.22,595.51,94.3436,0.6184,27.0,2026-10-16,ok,4.5147,18
2026-09-20,GOOG,Alphabet Inc.,USD,344.41,19.94,17.2723,17.7561,17.6703,0.9149,-0.5287,335.8124,354.0563,372.3003,均值~低估,23.1429,6.7669,10.2521,1.25,0.26,23.726,236.685,404.47,64.2042,0.3241,27.0,2026-10-16,ok,37.608,18
2026-09-20,IGV,iShares Expanded Tech-Software ,USD,104.35,3.2158,32.449,30.1254,29.2585,2.0396,1.1393,90.3188,96.8777,103.4365,顯著高估,,0.2615,,,0.02,,73.93,117.99,69.0422,0.3322,27.0,2026-10-16,ok,50.0392,18
2026-09-20,INTC,Intel Corporation,USD,108.6,-2.09,,,,,,,,,無法判讀,52.6653,6.2561,38.4354,1.36,,34.691,28.73,142.35,70.2957,0.6345,27.0,2026-10-16,ok,16.7396,18
2026-09-20,ISRG,"Intuitive Surgical, Inc.",USD,393.33,8.73,45.055,45.0774,45.6707,3.202,-0.007,365.5728,393.5261,421.4794,均值~低估,32.5293,7.6616,38.0211,1.83,,32.02,328.57,603.88,23.5226,0.3956,27.0,2026-10-16,ok,59.4279,18
2026-09-20,LITE,Lumentum Holdings Inc.,USD,930.91,-93.0,,,,,,,,,無法判讀,23.4486,17.7607,111.1294,0.63,,102.954,144.52,1085.68,83.5554,0.7248,27.0,2026-10-16,ok,10.3882,18
2026-09-20,META,"Meta Platforms, Inc.",USD,665.75,26.56,25.0659,22.6651,22.4552,1.3456,1.7842,566.246,601.9853,637.7247,顯著高估,19.0434,6.4939,11.2667,0.88,0.32,15.668,520.26,785.73,54.8047,0.3942,27.0,2026-10-16,ok,49.9521,18
2026-09-20,MRVL,"Marvell Technology, Inc.",USD,244.25,3.03,80.6106,75.6977,73.3003,12.3618,0.3974,191.9075,229.3639,266.8203,高估~均值,36.1271,11.7405,97.3455,1.3,0.1,75.619,70.69,329.88,66.9625,0.6642,27.0,2026-10-16,ok,18.6942,18
2026-09-20,MSFT,Microsoft Corporation,USD,493.78,17.97,27.478,24.297,23.3765,2.7815,1.1436,386.6328,436.617,486.6012,顯著高估,20.9294,8.2898,20.0431,1.6,0.79,19.144,349.2,553.72,70.6924,0.2636,27.0,2026-10-16,ok,4.2878,18
2026-09-20,MU,"Micron Technology, Inc.",USD,1015.8,44.29,22.9352,21.2453,21.2143,2.3794,0.7102,835.5745,940.9564,1046.3384,高估~均值,6.4895,11.386,22.3059,0.15,0.05,16.528,154.65,1255.0,78.2615,0.5921,27.0,2026-10-16,ok,21.3087,18
2026-09-20,NBIS,Nebius Group N.V.,USD,223.54,-0.07,,,,,,,,,無法判讀,-68.0902,5.926,10.1354,0.51,,245.838,73.52,299.86,66.2808,0.7883,27.0,2026-10-16,ok,3.8278,18
2026-09-20,NFLX,"Netflix, Inc.",USD,71.79,3.18,22.5755,24.552,24.3365,1.7695,-1.117,72.4484,78.0753,83.7022,顯著低估,18.799,9.9144,24.9715,1.23,,20.809,65.08,124.86,11.2245,0.3325,27.0,2026-10-16,ok,6.5463,18
2026-09-20,NOW,"ServiceNow, Inc.",USD,135.47,1.6,84.6688,71.5215,69.1719,9.9419,1.3224,98.5273,114.4343,130.3414,顯著高估,27.0642,11.1903,26.3861,0.98,,49.654,81.24,194.726,47.7856,0.5065,27.0,2026-10-16,ok,43.9193,18
2026-09-20,NVDA,NVIDIA Corporation,USD,222.27,7.91,28.0999,26.8386,26.8616,1.2843,0.9821,202.1344,212.2933,222.4523,高估~均值,14.173,23.4388,39.9461,0.47,0.45,26.498,164.27,236.54,80.2546,0.3219,27.0,2026-10-16,ok,2.9061,19
2026-09-20,ORCL,Oracle Corporation,USD,147.61,6.38,23.1364,25.1162,23.3534,4.8005,-0.4124,129.6142,160.2416,190.8689,均值~低估,13.4225,7.2209,9.5086,0.83,1.35,16.954,114.5,329.5,15.4,0.4832,27.0,2026-10-16,ok,16.9435,18
2026-09-20,PANW,"Palo Alto Networks, Inc.",USD,363.58,0.4,908.95,804.3147,829.925,112.8944,0.9268,276.5681,321.7259,366.8836,高估~均值,74.5183,10.7782,65.3214,1.86,,190.323,139.57,398.88,86.3869,0.5059,27.0,2026-10-16,ok,48.2428,18
2026-09-20,PLTR,Palantir Technologies Inc.,USD,177.64,1.17,151.8291,125.3577,116.0385,19.2265,1.3768,124.1735,146.6685,169.1635,顯著高估,76.4704,43.6677,120.1952,1.71,,156.91,106.37,207.52,70.4597,0.4752,27.0,2026-10-16,ok,20.0602,18
2026-09-20,QQQ,"Invesco QQQ Trust, Series 1",USD,721.45,24.5347,29.4053,29.1454,29.1911,0.6202,0.4191,699.8585,715.0738,730.2891,高估~均值,,2.0165,,,0.42,,555.6,748.65,85.9104,0.1831,27.0,2026-10-16,ok,23.358,18
2026-09-20,RKLB,Rocket Lab Corporation,USD,64.57,-0.27,,,,,,,,,無法判讀,1417.252,11.0603,,,,-242.272,37.57,151.0,23.8032,0.6697,27.0,2026-10-16,ok,15.5148,19
2026-09-20,SNDK,Sandisk Corporation,USD,1791.82,73.82,24.2728,21.9508,21.6428,3.5744,0.6496,1356.5409,1620.4066,1884.2723,高估~均值,6.7687,16.9662,22.4793,,,20.432,93.535,2354.39,75.1169,0.7135,27.0,2026-10-16,ok,4.2915,18
2026-09-20,SOXX,iShares PHLX SOX Semiconductor ,USD,533.07,13.6039,39.1851,40.2166,39.3832,2.9105,-0.3544,507.5077,547.102,586.6963,均值~低估,,1.257,,,0.29,,260.44,655.95,68.9313,0.3772,27.0,2026-10-16,ok,2.0929,18
2026-09-20,SPCX,Space Exploration Technologies ,USD,152.71,-1.1,,,,,,,,,無法判讀,87.6058,15.815,118.7173,,,672.491,104.83,225.64,39.6325,0.5001,27.0,2026-10-16,ok,3.5115,18
2026-09-20,SPOT,Spotify Technology S.A.,USD,509.45,18.24,27.9304,27.2241,27.0507,1.804,0.3915,463.6623,496.5671,529.4719,高估~均值,28.7786,10.6931,31.3859,1.44,,36.607,405.0,740.201,31.1604,0.4134,27.0,2026-10-16,ok,33.2655,18
2026-09-20,SPY,State Street SPDR S&P 500 ETF T,USD,761.69,30.9505,24.61,24.3251,24.2806,0.4187,0.6804,739.9124,752.8719,765.8314,高估~均值,,1.7746,,,0.98,,629.28,779.37,88.2204,0.145,27.0,2026-10-16,ok,22.318,18
2026-09-20,TRV,"The Travelers Companies, Inc.",USD,374.62,37.2,10.0704,9.2313,9.4886,0.8918,0.9409,310.2316,343.4059,376.5801,高估~均值,12.3889,2.3594,7.0866,2.36,1.33,7.155,252.26,398.7,83.5564,0.3102,27.0,2026-10-16,ok,96.7124,18
2026-09-20,TSLA,"Tesla, Inc.",USD,364.27,1.09,334.1927,346.1095,346.4679,35.0401,-0.3401,339.0657,377.2593,415.453,均值~低估,165.7611,16.5615,76.9977,4.35,,131.28,297.38,498.83,33.2043,0.4187,27.0,2026-10-16,ok,15.586,18
2026-09-20,TSM,Taiwan Semiconductor Manufactur,USD,434.67,13.39,32.4623,31.5316,31.3827,1.26,0.7387,405.337,422.2079,439.0788,高估~均值,19.8252,88.9517,0.8557,0.83,0.94,4.934,265.45,479.0,79.2414,0.3447,27.0,2026-10-16,ok,12.4336,18
2026-09-20,UBER,"Uber Technologies, Inc.",USD,70.5,4.56,15.4605,16.0449,15.9309,0.6361,-0.9187,70.2641,73.1648,76.0654,均值~低估,16.0021,5.2651,13.8143,6.01,,20.661,65.41,101.99,13.9147,0.3469,27.0,2026-10-16,ok,30.1608,18
2026-09-20,VRT,"Vertiv Holdings, LLC",USD,249.39,4.41,56.551,66.6386,67.119,7.6201,-1.3238,260.2715,293.8761,327.4807,顯著低估,27.3383,20.1788,28.6245,0.84,0.1,35.926,133.85,379.935,46.9513,0.5234,27.0,2026-10-16,ok,2.6939,18
2026-09-20,XLI,State Street Industrial Select ,USD,169.75,6.1593,27.5598,28.9016,29.0194,0.8376,-1.6019,172.8552,178.0141,183.173,顯著低估,,1.7254,,,1.18,,147.14,188.19,55.0792,0.3744,27.0,2026-10-16,ok,100.0,18
2026-09-20,XLV,State Street Health Care Select,USD,168.39,5.5971,30.0851,28.6728,28.922,1.5581,0.9064,151.7643,160.4852,169.2062,高估~均值,,,,,1.49,,133.73,176.6,80.8491,0.2046,27.0,2026-10-16,ok,43.6685,17
2026-09-21,000660.KS,SK hynix,KRW,1857000.0,,,,,,,,,,無法判讀,3.9561,,10.3856,0.2,0.08,8.732,0.0,2987000.0,62.1694,,,,no_market,,0
2026-09-21,2330.TW,TAIWAN SEMICONDUCTOR MANUFACTUR,TWD,2460.0,85.61,28.735,27.7765,27.9173,0.8407,1.1401,2305.9703,2377.9444,2449.9186,顯著高估,17.2503,9.9174,24.2131,0.74,1.14,19.38,1270.0,2705.0,82.9268,,,,no_market,,0
2026-09-21,AAPL,Apple Inc.,USD,336.13,8.71,38.5913,35.7655,35.678,1.6319,1.7316,297.3042,311.5177,325.7311,顯著高估,35.0552,45.6698,33.4338,2.7,0.32,29.337,243.42,344.57,91.656,0.2528,33.0,2026-10-23,ok,52.4103,20
2026-09-21,ADBE,Adobe Inc.,USD,248.92,17.92,13.8906,13.612,13.8881,1.4167,0.1966,218.5408,243.9279,269.315,高估~均值,8.995,8.3581,9.1566,0.6,,10.194,190.12,368.73,32.9209,0.4343,33.0,2026-10-23,ok,50.9399,19
2026-09-21,AMD,"Advanced Micro Devices, Inc.",USD,559.82,3.92,142.8112,127.0875,128.1263,9.076,1.7324,462.6051,498.183,533.7609,顯著高估,35.9534,13.5908,90.6639,0.57,,94.651,154.78,584.73,94.2063,0.5259,33.0,2026-10-23,ok,10.0056,19
2026-09-21,AMZN,"Amazon.com, Inc.",USD,253.71,12.43,20.4111,20.3974,20.4143,1.0673,0.0128,240.2729,253.5399,266.8069,高估~均值,24.4539,4.9595,16.955,1.51,,16.963,196.0,287.2,63.2785,0.3208,33.0,2026-10-23,ok,30.8813,19
2026-09-21,APP,Applovin Corporation,USD,308.06,13.0,23.6969,32.9,33.1988,7.2439,-1.2705,333.5292,427.6998,521.8704,顯著低估,14.6858,32.6542,20.8022,0.67,,19.124,297.5,745.61,2.3566,0.5896,33.0,2026-10-23,ok,19.1083,19
2026-09-21,ASML,ASML Holding N.V. - New York Re,USD,1679.92,29.06,57.8087,59.3277,59.8615,3.6757,-0.4133,1617.2481,1724.063,1830.8779,均值~低估,28.3036,1431.3035,56.1733,1.52,0.54,2657.248,935.41,1999.96,69.9366,0.4934,33.0,2026-10-23,ok,29.6333,19
2026-09-21,AVGO,Broadcom Inc.,USD,357.61,7.83,45.6718,49.8451,49.2529,3.6538,-1.1422,361.6782,390.2873,418.8964,顯著低估,18.4488,17.1253,41.9919,0.35,0.73,33.344,289.96,495.0,32.9936,0.3713,33.0,2026-10-23,ok,6.7814,20
2026-09-21,BE,Bloom Energy Corporation,USD,265.63,0.77,344.974,326.3905,329.7792,50.3695,0.3689,212.5362,251.3207,290.1052,高估~均值,53.8944,48.3403,106.0409,0.6,,187.254,61.37,351.28,70.4563,0.8024,33.0,2026-10-23,ok,4.2807,19
2026-09-21,COHR,Coherent Corp.,USD,317.36,4.13,76.8426,80.536,79.063,11.9518,-0.309,283.2527,332.6138,381.9749,均值~低估,22.7412,5.6977,781.6148,0.92,,44.995,102.14,440.0,63.7009,0.7564,33.0,2026-10-23,ok,17.6107,19
2026-09-21,CRM,"Salesforce, Inc.",USD,237.92,10.92,21.7875,17.4873,16.5206,2.9593,1.4531,158.6461,190.9618,223.2775,顯著高估,14.8594,5.1021,12.4323,0.79,0.74,17.581,146.32,269.11,74.5989,0.4355,33.0,2026-10-23,ok,52.8152,19
2026-09-21,CRWD,"CrowdStrike Holdings, Inc.",USD,237.65,0.05,4752.9999,3831.6,3816.45,485.7268,1.897,167.2937,191.58,215.8663,顯著高估,147.9846,47.6922,120.6666,7.6,,2238.256,85.68,250.32,92.3044,0.5386,33.0,2026-10-23,ok,54.3252,19
2026-09-21,CRWV,"CoreWeave, Inc.",USD,81.36,-3.55,,,,,,,,,無法判讀,-41.7319,8.923,5.4021,,,24.003,60.55,153.2,22.4609,0.7598,33.0,2026-10-23,ok,13.8036,19
2026-09-21,DELL,Dell Technologies Inc.,USD,568.06,17.21,33.0076,24.4745,24.837,4.5403,1.8794,343.0683,421.2069,499.3454,顯著高估,19.5294,-256.8083,14.7453,0.67,0.44,21.714,110.22,595.51,94.3436,0.6228,33.0,2026-10-23,ok,5.8451,19
2026-09-21,GOOG,Alphabet Inc.,USD,344.41,19.94,17.2723,17.7561,17.6703,0.9149,-0.5287,335.8124,354.0563,372.3003,均值~低估,23.1429,6.7669,10.2521,1.25,0.26,23.726,236.685,404.47,64.2042,0.324,33.0,2026-10-23,ok,37.5291,19
2026-09-21,IGV,iShares Expanded Tech-Software ,USD,104.35,3.2158,32.449,30.1254,29.2585,2.0396,1.1393,90.3188,96.8777,103.4365,顯著高估,,0.2615,,,0.02,,73.93,117.99,69.0422,0.423,33.0,2026-10-23,ok,82.4169,19
2026-09-21,INTC,Intel Corporation,USD,108.6,-2.09,,,,,,,,,無法判讀,52.6653,6.2561,38.4354,1.36,,34.691,28.73,142.35,70.2957,0.7184,33.0,2026-10-23,ok,33.8124,19
2026-09-21,ISRG,"Intuitive Surgical, Inc.",USD,393.33,8.73,45.055,45.0774,45.6707,3.202,-0.007,365.5728,393.5261,421.4794,均值~低估,32.5293,7.6616,38.0211,1.83,,32.02,328.57,603.88,23.5226,0.5199,33.0,2026-10-23,ok,100.0,19
2026-09-21,LITE,Lumentum Holdings Inc.,USD,930.91,-93.0,,,,,,,,,無法判讀,23.4464,17.7607,111.1294,0.63,,102.954,144.52,1085.68,83.5554,0.7318,33.0,2026-10-23,ok,11.7805,19
2026-09-21,META,"Meta Platforms, Inc.",USD,665.75,26.56,25.0659,22.6651,22.4552,1.3456,1.7842,566.246,601.9853,637.7247,顯著高估,19.0434,6.4939,11.2667,0.88,0.32,15.668,520.26,785.73,54.8047,0.4035,33.0,2026-10-23,ok,52.8592,19
2026-09-21,MRVL,"Marvell Technology, Inc.",USD,244.25,3.03,80.6106,75.6977,73.3003,12.3618,0.3974,191.9075,229.3639,266.8203,高估~均值,36.1271,11.7405,97.3455,1.3,0.1,75.619,70.69,329.88,66.9625,0.6599,33.0,2026-10-23,ok,17.9349,19
2026-09-21,MSFT,Microsoft Corporation,USD,493.78,17.97,27.478,24.297,23.3765,2.7815,1.1436,386.6328,436.617,486.6012,顯著高估,20.9294,8.2898,20.0431,1.6,0.79,19.144,349.2,553.72,70.6924,0.2842,33.0,2026-10-23,ok,13.8094,19
2026-09-21,MU,"Micron Technology, Inc.",USD,1015.8,44.29,22.9352,21.2453,21.2143,2.3794,0.7102,835.5745,940.9564,1046.3384,高估~均值,6.4895,11.386,22.3059,0.15,0.05,16.528,154.65,1255.0,78.2615,0.6012,33.0,2026-10-23,ok,22.7662,19
2026-09-21,NBIS,Nebius Group N.V.,USD,223.54,-0.07,,,,,,,,,無法判讀,-68.0902,5.926,10.1354,0.51,,245.838,73.52,299.86,66.2808,0.8057,33.0,2026-10-23,ok,5.6205,19
2026-09-21,NFLX,"Netflix, Inc.",USD,71.79,3.18,22.5755,24.552,24.3365,1.7695,-1.117,72.4484,78.0753,83.7022,顯著低估,18.799,9.9144,24.9715,1.23,,20.809,65.08,124.86,11.2245,0.4519,33.0,2026-10-23,ok,60.3469,19
2026-09-21,NOW,"ServiceNow, Inc.",USD,135.47,1.6,84.6688,71.5215,69.1719,9.9419,1.3224,98.5273,114.4343,130.3414,顯著高估,27.0642,11.1903,26.3861,0.98,,49.654,81.24,194.726,47.7856,0.5494,33.0,2026-10-23,ok,52.4787,19
2026-09-21,NVDA,NVIDIA Corporation,USD,222.27,7.91,28.0999,26.8386,26.8616,1.2843,0.9821,202.1344,212.2933,222.4523,高估~均值,14.173,23.4388,39.9461,0.47,0.45,26.498,164.27,236.54,80.2546,0.337,33.0,2026-10-23,ok,9.3432,20
2026-09-21,ORCL,Oracle Corporation,USD,147.61,6.38,23.1364,25.1162,23.3534,4.8005,-0.4124,129.6142,160.2416,190.8689,均值~低估,13.4225,7.2209,9.5086,0.83,1.35,16.954,114.5,329.5,15.4,0.4974,33.0,2026-10-23,ok,20.1251,19
2026-09-21,PANW,"Palo Alto Networks, Inc.",USD,363.58,0.4,908.95,804.3147,829.925,112.8944,0.9268,276.5681,321.7259,366.8836,高估~均值,74.5183,10.7782,65.3214,1.86,,190.323,139.57,398.88,86.3869,0.527,33.0,2026-10-23,ok,52.1594,19
2026-09-21,PLTR,Palantir Technologies Inc.,USD,177.64,1.17,151.8291,125.3577,116.0385,19.2265,1.3768,124.1735,146.6685,169.1635,顯著高估,76.4704,43.6677,120.1952,1.71,,156.91,106.37,207.52,70.4597,0.4921,33.0,2026-10-23,ok,25.006,19
2026-09-21,QQQ,"Invesco QQQ Trust, Series 1",USD,721.45,24.5347,29.4053,29.1454,29.1911,0.6202,0.4191,699.8585,715.0738,730.2891,高估~均值,,2.0165,,,0.42,,555.6,748.65,85.9104,0.1927,33.0,2026-10-23,ok,29.7607,19
2026-09-21,RKLB,Rocket Lab Corporation,USD,64.57,-0.27,,,,,,,,,無法判讀,1417.252,11.0603,,,,-242.272,37.57,151.0,23.8032,0.6587,33.0,2026-10-23,ok,13.6078,20
2026-09-21,SNDK,Sandisk Corporation,USD,1791.82,73.82,24.2728,21.9508,21.6428,3.5744,0.6496,1356.5409,1620.4066,1884.2723,高估~均值,6.7687,16.9662,22.4793,,,20.432,93.535,2354.39,75.1169,0.729,33.0,2026-10-23,ok,5.8559,19
2026-09-21,SOXX,iShares PHLX SOX Semiconductor ,USD,533.07,13.6039,39.1851,40.2166,39.3832,2.9105,-0.3544,507.5077,547.102,586.6963,均值~低估,,1.257,,,0.29,,260.44,655.95,68.9313,0.4271,33.0,2026-10-23,ok,18.0651,19
2026-09-21,SPCX,Space Exploration Technologies ,USD,152.71,-1.1,,,,,,,,,無法判讀,87.6058,15.815,118.7173,,,672.491,104.83,225.64,39.6325,0.5034,33.0,2026-10-23,ok,3.9902,19
2026-09-21,SPOT,Spotify Technology S.A.,USD,509.45,18.24,27.9304,27.2241,27.0507,1.804,0.3915,463.6623,496.5671,529.4719,高估~均值,28.7786,10.6931,31.3859,1.44,,36.607,405.0,740.201,31.1604,0.4591,33.0,2026-10-23,ok,48.323,19
2026-09-21,SPY,State Street SPDR S&P 500 ETF T,USD,761.69,30.9505,24.61,24.3251,24.2806,0.4187,0.6804,739.9124,752.8719,765.8314,高估~均值,,1.7746,,,0.98,,629.28,779.37,88.2204,0.1515,33.0,2026-10-23,ok,26.441,19
2026-09-21,TRV,"The Travelers Companies, Inc.",USD,374.62,37.2,10.0704,9.2313,9.4886,0.8918,0.9409,310.2316,343.4059,376.5801,高估~均值,12.3889,2.3594,7.0866,2.36,1.33,7.155,252.26,398.7,83.5564,0.3159,26.0,2026-10-16,ok,100.0,19
2026-09-21,TSLA,"Tesla, Inc.",USD,364.27,1.09,334.1927,346.1095,346.4679,35.0401,-0.3401,339.0657,377.2593,415.453,均值~低估,165.7611,16.5615,76.9977,4.35,,131.28,297.38,498.83,33.2043,0.4635,33.0,2026-10-23,ok,32.1294,19
2026-09-21,TSM,Taiwan Semiconductor Manufactur,USD,434.67,13.39,32.4623,31.5316,31.3827,1.26,0.7387,405.337,422.2079,439.0788,高估~均值,19.8252,88.9517,0.8557,0.83,0.94,4.934,265.45,479.0,79.2414,0.3536,33.0,2026-10-23,ok,16.0231,19
2026-09-21,UBER,"Uber Technologies, Inc.",USD,70.5,4.56,15.4605,16.0449,15.9309,0.6361,-0.9187,70.2641,73.1648,76.0654,均值~低估,16.0021,5.2651,13.8143,6.01,,20.661,65.41,101.99,13.9147,0.3884,33.0,2026-10-23,ok,47.7099,19
2026-09-21,VRT,"Vertiv Holdings, LLC",USD,249.39,4.41,56.551,66.6386,67.119,7.6201,-1.3238,260.2715,293.8761,327.4807,顯著低估,27.3383,20.1788,28.6245,0.84,0.1,35.926,133.85,379.935,46.9513,0.5558,33.0,2026-10-23,ok,12.3081,19
2026-09-21,XLI,State Street Industrial Select ,USD,169.75,6.1593,27.5598,28.9016,29.0194,0.8376,-1.6019,172.8552,178.0141,183.173,顯著低估,,1.7254,,,1.18,,147.14,188.19,55.0792,0.3228,33.0,2026-10-23,ok,80.1996,19
2026-09-21,XLV,State Street Health Care Select,USD,168.39,5.5971,30.0851,28.6728,28.922,1.5581,0.9064,151.7643,160.4852,169.2062,高估~均值,,,,,1.49,,133.73,176.6,80.8491,0.1856,33.0,2026-10-23,ok,34.2809,18
2026-09-22,000660.KS,SK hynix,KRW,1868000.0,,,,,,,,,,無法判讀,3.9795,,10.4471,0.2,0.08,8.787,0.0,2987000.0,62.5377,,,,no_market,,0
2026-09-22,2330.TW,TAIWAN SEMICONDUCTOR MANUFACTUR,TWD,2480.0,86.3,28.737,27.557,27.6941,0.8373,1.4093,2305.906,2378.1667,2450.4273,顯著高估,17.3906,9.998,24.4099,0.74,1.14,19.544,1270.0,2535.0,95.6522,,,,no_market,,0
2026-09-22,AAPL,Apple Inc.,USD,338.98,8.71,38.9185,35.8219,35.6975,1.6523,1.8741,297.6172,312.0086,326.4,顯著高估,35.3524,46.0571,33.7173,2.7,0.32,29.337,243.42,344.57,94.4736,0.2481,32.0,2026-10-23,ok,49.3103,21
2026-09-22,ADBE,Adobe Inc.,USD,249.52,17.92,13.9241,13.6174,13.8979,1.4169,0.2164,218.6327,244.0244,269.4162,高估~均值,9.0166,8.3782,9.1786,0.6,,10.194,190.12,368.73,33.2568,0.4121,32.0,2026-10-23,ok,45.0943,20
2026-09-22,AMD,"Advanced Micro Devices, Inc.",USD,615.52,3.92,157.0204,127.5615,128.4656,9.5076,3.0985,462.7715,500.0411,537.3107,顯著高估,39.5307,14.9431,99.6846,0.57,,94.651,154.78,616.68,99.7489,0.5577,32.0,2026-10-23,ok,17.4771,20
2026-09-22,AMZN,"Amazon.com, Inc.",USD,258.45,12.43,20.7924,20.3908,20.4143,1.063,0.3778,240.2451,253.458,266.6709,高估~均值,24.8786,5.0522,17.2718,1.51,,16.963,196.0,287.2,68.4759,0.3187,32.0,2026-10-23,ok,30.0619,20
2026-09-22,APP,Applovin Corporation,USD,330.17,13.0,25.3977,32.7628,32.8188,7.268,-1.0134,331.4324,425.9162,520.4,顯著低估,15.7368,34.9979,22.2952,0.67,,19.124,297.5,745.61,7.2906,0.5617,32.0,2026-10-23,ok,14.2223,20
2026-09-22,ASML,ASML Holding N.V. - New York Re,USD,1711.32,29.06,58.8892,59.4005,59.8615,3.5998,-0.142,1621.5688,1726.1783,1830.7878,均值~低估,28.8263,1458.0564,57.2233,1.52,0.54,2657.248,935.41,1999.96,72.8862,0.506,32.0,2026-10-23,ok,34.4059,20
2026-09-22,AVGO,Broadcom Inc.,USD,362.66,7.83,46.3167,49.7648,49.1456,3.6509,-0.9444,361.0713,389.658,418.2447,均值~低估,18.7093,17.3671,42.5849,0.35,0.73,33.344,289.96,495.0,35.4565,0.4045,32.0,2026-10-23,ok,18.0607,21
2026-09-22,BE,Bloom Energy Corporation,USD,272.89,0.77,354.4026,326.2779,329.7792,50.2946,0.5592,212.5072,251.234,289.9608,高估~均值,55.3674,49.6615,108.9392,0.6,,187.254,61.37,351.28,72.9606,0.7989,32.0,2026-10-23,ok,3.9529,20
2026-09-22,COHR,Coherent Corp.,USD,321.52,4.13,77.8499,80.3948,78.8111,11.9071,-0.2137,282.8543,332.0306,381.2068,均值~低估,23.0393,5.7724,791.8603,0.92,,44.995,102.14,440.0,64.9322,0.7483,32.0,2026-10-23,ok,15.9206,20
2026-09-22,CRM,"Salesforce, Inc.",USD,236.42,10.92,21.6502,17.5536,16.5847,2.9852,1.3723,159.0868,191.6852,224.2836,顯著高估,-124.4316,5.0699,12.3539,0.79,0.74,17.581,146.32,269.11,73.3773,0.4416,32.0,2026-10-23,ok,54.4608,20
2026-09-22,CRWD,"CrowdStrike Holdings, Inc.",USD,249.35,0.05,4987.0001,3856.6678,3819.8,486.4995,2.3234,168.5084,192.8334,217.1584,顯著高估,155.2702,50.0401,126.6073,7.6,,2238.256,85.68,250.32,99.4108,0.5364,32.0,2026-10-23,ok,53.7867,20
2026-09-22,CRWV,"CoreWeave, Inc.",USD,85.43,-3.55,,,,,,,,,無法判讀,-43.8195,9.3694,5.6723,,,24.003,60.55,153.2,26.8538,0.741,32.0,2026-10-23,ok,10.3968,20
2026-09-22,DELL,Dell Technologies Inc.,USD,575.31,17.21,33.4288,24.6917,24.8925,4.4952,1.9436,347.5811,424.9443,502.3075,顯著高估,19.7585,-260.0859,14.9335,0.67,0.44,21.714,110.22,595.51,95.8375,0.6157,32.0,2026-10-23,ok,3.6924,20
2026-09-22,GOOG,Alphabet Inc.,USD,350.87,19.94,17.5963,17.7377,17.6191,0.9011,-0.157,335.7217,353.6902,371.6587,均值~低估,23.577,6.8939,10.4444,1.25,0.26,23.726,236.685,404.47,68.0544,0.3262,32.0,2026-10-23,ok,38.6968,20
2026-09-22,IGV,iShares Expanded Tech-Software ,USD,107.13,3.2158,33.3135,30.1865,29.3409,2.0519,1.524,90.4758,97.0742,103.6726,顯著高估,,0.2685,,,0.02,,73.93,117.99,75.3518,0.3259,32.0,2026-10-23,ok,47.8198,20
2026-09-22,INTC,Intel Corporation,USD,121.78,-2.09,,,,,,,,,無法判讀,59.0569,7.0154,43.1,1.36,,34.691,28.73,142.35,81.8958,0.7627,32.0,2026-10-23,ok,42.8334,20
2026-09-22,ISRG,"Intuitive Surgical, Inc.",USD,401.65,8.73,46.008,45.039,45.6707,3.1692,0.3058,365.5228,393.1903,420.8579,高估~均值,33.2174,7.8236,38.8254,1.83,,32.02,328.57,603.88,26.5446,0.526,32.0,2026-10-23,ok,100.0,20
2026-09-22,LITE,Lumentum Holdings Inc.,USD,954.49,-93.0,,,,,,,,,無法判讀,24.0403,18.2106,113.9443,0.63,,102.954,144.52,1085.68,86.0608,0.7372,32.0,2026-10-23,ok,12.8293,20
2026-09-22,META,"Meta Platforms, Inc.",USD,741.245,26.56,27.9083,22.7229,22.4552,1.4547,3.5646,564.8846,603.5214,642.1582,顯著高估,21.2029,7.2302,12.5443,0.88,0.32,15.668,520.26,785.73,83.2429,0.461,32.0,2026-10-23,ok,70.8956,20
2026-09-22,MRVL,"Marvell Technology, Inc.",USD,257.38,3.03,84.9439,76.0382,73.3696,12.1864,0.7308,193.471,230.3959,267.3208,高估~均值,38.0692,12.3717,102.5785,1.3,0.1,75.619,70.69,329.88,72.0282,0.6964,32.0,2026-10-23,ok,24.341,20
2026-09-22,MSFT,Microsoft Corporation,USD,501.61,17.97,27.9137,24.355,23.4552,2.8021,1.27,387.3066,437.6597,488.0128,顯著高估,21.2613,8.4212,20.3609,1.6,0.79,19.144,349.2,553.72,74.5208,0.2744,32.0,2026-10-23,ok,9.282,20
2026-09-22,MU,"Micron Technology, Inc.",USD,1043.96,44.29,23.571,21.3149,21.3317,2.3544,0.9582,839.7633,944.0384,1048.3136,高估~均值,6.5688,11.7016,22.9243,0.15,0.05,16.528,154.65,1255.0,80.8206,0.6212,32.0,2026-10-23,ok,26.0019,20
2026-09-22,NBIS,Nebius Group N.V.,USD,232.8,-0.07,,,,,,,,,無法判讀,-70.9107,6.1715,10.5553,0.51,,245.838,73.52,299.86,70.372,0.8455,32.0,2026-10-23,ok,9.7012,20
2026-09-22,NFLX,"Netflix, Inc.",USD,73.36,3.18,23.0692,24.502,24.2673,1.7467,-0.8203,72.3618,77.9164,83.4711,均值~低估,19.2101,10.1312,25.5176,1.23,,20.809,65.08,124.86,13.8508,0.4636,32.0,2026-10-23,ok,65.6279,20
2026-09-22,NOW,"ServiceNow, Inc.",USD,137.68,1.6,86.05,71.8595,69.3625,9.9125,1.4316,99.1152,114.9752,130.8353,顯著高估,27.5057,11.3729,26.8165,0.98,,49.654,81.24,194.726,49.733,0.5728,32.0,2026-10-23,ok,57.1231,20
2026-09-22,NVDA,NVIDIA Corporation,USD,227.38,7.91,28.7459,26.8479,26.8616,1.2951,1.4655,202.1223,212.3667,222.611,顯著高估,14.4988,23.9776,40.8644,0.47,0.45,26.498,164.27,236.54,87.3253,0.3322,32.0,2026-10-23,ok,7.2844,21
2026-09-22,ORCL,Oracle Corporation,USD,148.56,6.38,23.2853,25.0496,23.3096,4.7836,-0.3688,129.2968,159.8163,190.3359,均值~低估,13.5089,7.2674,9.5698,0.83,1.35,16.954,114.5,329.5,15.8419,0.4973,32.0,2026-10-23,ok,20.0979,20
2026-09-22,PANW,"Palo Alto Networks, Inc.",USD,371.76,0.4,929.4,808.6525,831.575,110.05,1.0972,279.441,323.461,367.481,顯著高估,76.1949,11.0207,66.7911,1.86,,190.323,139.57,398.88,89.5415,0.5126,32.0,2026-10-23,ok,49.4767,20
2026-09-22,PLTR,Palantir Technologies Inc.,USD,183.09,1.17,156.4872,125.8049,116.2393,19.4784,1.5752,124.402,147.1917,169.9815,顯著高估,78.8165,45.0074,123.8828,1.71,,156.91,106.37,207.52,75.8478,0.4816,32.0,2026-10-23,ok,21.9418,20
2026-09-22,QQQ,"Invesco QQQ Trust, Series 1",USD,741.47,24.5347,30.2213,29.1609,29.1972,0.6295,1.6846,700.0107,715.4541,730.8975,顯著高估,,2.0725,,,0.42,,555.6,748.65,96.2808,0.1917,32.0,2026-10-23,ok,29.0685,20
2026-09-22,RKLB,Rocket Lab Corporation,USD,69.89,-0.27,,,,,,,,,無法判讀,1534.0211,11.9716,,,,-242.272,37.57,151.0,28.4933,0.6751,32.0,2026-10-23,ok,16.4472,21
2026-09-22,SNDK,Sandisk Corporation,USD,1766.64,73.82,23.9317,21.9981,21.6736,3.5721,0.5413,1360.2085,1623.9024,1887.5963,高估~均值,6.6736,16.7278,22.1635,,,20.432,93.535,2354.39,74.0032,0.7267,32.0,2026-10-23,ok,5.6266,20
2026-09-22,SOXX,iShares PHLX SOX Semiconductor ,USD,559.34,13.6039,41.1162,40.252,39.588,2.9018,0.2978,508.1086,547.5837,587.0588,高估~均值,,1.3189,,,0.29,,260.44,655.95,75.5733,0.4267,32.0,2026-10-23,ok,17.938,20
2026-09-22,SPCX,Space Exploration Technologies ,USD,151.85,-1.1,,,,,,,,,無法判讀,87.1124,15.726,118.0487,,,672.491,104.83,225.64,38.9206,0.5001,32.0,2026-10-23,ok,3.5115,20
2026-09-22,SPOT,Spotify Technology S.A.,USD,516.77,18.24,28.3317,27.2753,27.0704,1.7686,0.5973,465.2412,497.5007,529.7601,高估~均值,29.183,10.8467,31.8369,1.44,,36.607,405.0,740.201,33.3442,0.4351,32.0,2026-10-23,ok,40.3969,20
2026-09-22,SPY,State Street SPDR S&P 500 ETF T,USD,773.5,30.9505,24.9915,24.3377,24.2895,0.4215,1.5513,740.2202,753.2643,766.3085,顯著高估,,1.8021,,,0.98,,629.28,779.37,96.089,0.1364,32.0,2026-10-23,ok,16.8947,20
2026-09-22,TRV,"The Travelers Companies, Inc.",USD,371.13,37.2,9.9766,9.2531,9.7554,0.8857,0.8169,311.267,344.2156,377.1641,高估~均值,12.2735,2.3374,7.0205,2.36,1.33,7.155,252.26,398.7,81.1732,0.2998,25.0,2026-10-16,ok,88.6005,20
2026-09-22,TSLA,"Tesla, Inc.",USD,375.3,1.09,344.3119,345.5167,344.9083,34.6067,-0.0348,338.8919,376.6132,414.3346,均值~低估,170.8052,17.063,79.3291,4.35,,131.28,297.38,498.83,38.6796,0.4636,32.0,2026-10-23,ok,32.1745,20
2026-09-22,TSM,Taiwan Semiconductor Manufactur,USD,445.14,13.39,33.2442,31.5713,31.4212,1.257,1.3309,405.9091,422.7397,439.5702,顯著高估,20.3028,91.0943,0.8763,0.83,0.94,4.934,265.45,479.0,84.1442,0.3491,32.0,2026-10-23,ok,14.1977,20
2026-09-22,UBER,"Uber Technologies, Inc.",USD,70.84,4.56,15.5351,16.0315,15.92,0.6339,-0.783,70.2128,73.1034,75.9941,均值~低估,16.0792,5.2905,13.8809,6.01,,20.661,65.41,101.99,14.8442,0.3621,32.0,2026-10-23,ok,36.5611,20
2026-09-22,VRT,"Vertiv Holdings, LLC",USD,250.86,4.41,56.8844,66.3456,66.661,7.4798,-1.2649,259.5982,292.5842,325.5703,顯著低估,27.4995,20.2978,28.7932,0.84,0.1,35.926,133.85,379.935,47.5486,0.5872,32.0,2026-10-23,ok,21.6145,20
2026-09-22,XLI,State Street Industrial Select ,USD,169.98,6.1593,27.5972,28.8937,29.0194,0.8465,-1.5315,172.7515,177.9656,183.1796,顯著低估,,1.7278,,,1.18,,147.14,188.19,55.6395,0.2629,32.0,2026-10-23,ok,57.2415,20
2026-09-22,XLV,State Street Health Care Select,USD,169.01,5.5971,30.1959,28.7188,28.9488,1.541,0.9585,152.1171,160.7426,169.368,高估~均值,,,,,1.49,,133.73,176.6,82.2953,0.2316,32.0,2026-10-23,ok,57.0104,19
2026-09-23,000660.KS,SK hynix,KRW,1840000.0,,,,,,,,,,無法判讀,3.894,,10.2905,0.2,0.08,8.648,0.0,2987000.0,61.6003,,,,no_market,,0
2026-09-23,2330.TW,TAIWAN SEMICONDUCTOR MANUFACTUR,TWD,2460.0,84.87,28.9855,28.0501,28.1902,0.8395,1.1143,2309.3629,2380.6111,2451.8593,顯著高估,17.2503,9.9174,24.2131,0.74,1.13,19.38,1295.0,2535.0,93.9516,,,,no_market,,0
2026-09-23,AAPL,Apple Inc.,USD,339.75,8.71,39.0069,35.874,35.7193,1.678,1.867,297.8473,312.4628,327.0782,顯著高估,35.4327,46.1617,33.7939,2.72,0.32,29.585,243.42,345.34,94.5153,0.2447,31.0,2026-10-23,ok,47.1161,22
2026-09-23,ADBE,Adobe Inc.,USD,238.25,17.92,13.2952,13.6188,13.8979,1.4166,-0.2284,218.6636,244.0487,269.4338,均值~低估,8.6094,7.9998,8.7641,0.6,,10.219,190.12,368.73,26.947,0.4644,31.0,2026-10-23,ok,58.8194,21
2026-09-23,AMD,"Advanced Micro Devices, Inc.",USD,623.77,3.94,158.3173,127.4167,127.8541,9.9071,3.119,462.988,502.0219,541.0558,顯著高估,40.0605,15.1434,101.0207,0.63,,104.161,154.78,624.52,99.8403,0.5339,31.0,2026-10-23,ok,11.8842,21
2026-09-23,AMZN,"Amazon.com, Inc.",USD,254.98,12.43,20.5133,20.3773,20.4143,1.0534,0.1291,240.1955,253.2897,266.3838,高估~均值,24.5445,4.9844,17.0399,1.53,,17.266,196.0,287.2,64.6711,0.3208,31.0,2026-10-23,ok,30.8813,21
2026-09-23,APP,Applovin Corporation,USD,328.73,13.01,25.2675,32.631,32.6341,7.3012,-1.0085,329.5411,424.5296,519.518,顯著低估,15.6681,34.8452,22.1044,0.72,,20.49,297.5,745.61,6.9693,0.5424,31.0,2026-10-23,ok,10.8422,21
2026-09-23,ASML,ASML Holding N.V. - New York Re,USD,1747.9,29.09,60.0859,59.4028,59.8336,3.5576,0.192,1624.5369,1728.0263,1831.5158,高估~均值,29.4425,1488.8987,58.4464,1.54,0.53,2706.924,935.41,1999.96,76.3224,0.4919,31.0,2026-10-23,ok,29.0689,21
2026-09-23,AVGO,Broadcom Inc.,USD,364.54,7.83,46.5568,49.6906,48.9955,3.6475,-0.8592,360.5174,389.0774,417.6375,均值~低估,18.8063,17.4571,42.8057,0.36,0.72,33.805,289.96,495.0,36.3734,0.3838,31.0,2026-10-23,ok,11.015,22
2026-09-23,BE,Bloom Energy Corporation,USD,276.53,0.77,359.1299,326.087,329.7792,50.1349,0.6591,212.4832,251.087,289.6908,高估~均值,56.106,50.3239,110.3923,0.62,,192.364,61.37,351.28,74.2161,0.7692,31.0,2026-10-23,ok,1.2007,21
2026-09-23,COHR,Coherent Corp.,USD,310.39,4.12,75.3374,80.3383,78.841,11.8031,-0.4237,282.365,330.9937,379.6223,均值~低估,22.2417,5.5725,764.4487,0.92,,45.567,102.14,440.0,61.638,0.7261,31.0,2026-10-23,ok,11.2601,21
2026-09-23,CRM,"Salesforce, Inc.",USD,233.28,10.92,21.3626,17.6222,16.669,3.0011,1.2463,159.6623,192.4346,225.2068,顯著高估,-122.7789,5.0026,12.1898,0.79,0.74,17.486,146.32,269.11,70.8201,0.4193,31.0,2026-10-23,ok,48.4379,21
2026-09-23,CRWD,"CrowdStrike Holdings, Inc.",USD,250.06,0.05,5001.2,3880.9828,3822.6999,488.4263,2.2935,169.6278,194.0491,218.4705,顯著高估,155.7123,50.1826,126.9678,7.98,,2350.364,85.68,250.7999,99.5519,0.5353,31.0,2026-10-23,ok,53.5393,21
2026-09-23,CRWV,"CoreWeave, Inc.",USD,86.76,-3.55,,,,,,,,,無法判讀,-44.7014,9.5152,5.7606,,,24.595,60.55,153.2,28.2893,0.7293,31.0,2026-10-23,ok,8.2731,21
2026-09-23,DELL,Dell Technologies Inc.,USD,548.92,17.2,31.914,24.9031,25.014,4.4193,1.5864,352.3223,428.3338,504.3452,顯著高估,18.8521,-246.1524,14.2485,0.68,0.44,21.974,110.22,595.51,90.3996,0.6196,31.0,2026-10-23,ok,4.8843,21
2026-09-23,GOOG,Alphabet Inc.,USD,347.41,19.93,17.4315,17.7178,17.6154,0.8689,-0.3295,335.7998,353.1166,370.4333,均值~低估,23.3445,6.8259,10.3414,1.25,0.25,24.182,236.685,404.47,65.9922,0.3329,31.0,2026-10-23,ok,42.1525,21
2026-09-23,IGV,iShares Expanded Tech-Software ,USD,106.75,3.2158,33.1953,30.2492,29.4435,2.0567,1.4325,90.662,97.2759,103.8897,顯著高估,,0.2676,,,0.02,,73.93,117.99,74.4893,0.3347,31.0,2026-10-23,ok,50.9531,21
2026-09-23,INTC,Intel Corporation,USD,123.86,-2.09,,,,,,,,,無法判讀,60.0656,7.1352,43.8362,1.36,,38.638,28.82,142.35,83.7136,0.7506,31.0,2026-10-23,ok,40.3731,21
2026-09-23,ISRG,"Intuitive Surgical, Inc.",USD,402.09,8.73,46.0584,45.0006,45.6707,3.1352,0.3374,365.4851,392.855,420.2249,高估~均值,33.2537,7.8322,38.8679,1.87,,32.723,328.57,603.88,26.7044,0.4529,31.0,2026-10-23,ok,74.3083,21
2026-09-23,LITE,Lumentum Holdings Inc.,USD,945.67,-92.97,,,,,,,,,無法判讀,23.8181,18.0423,112.8914,0.63,,105.596,144.52,1085.68,85.1237,0.7318,31.0,2026-10-23,ok,11.7745,21
2026-09-23,META,"Meta Platforms, Inc.",USD,736.595,26.54,27.7541,22.7903,22.4721,1.5481,3.2065,563.7683,604.8544,645.9405,顯著高估,21.1424,7.1849,12.4656,0.98,0.28,17.422,520.26,770.6,86.4165,0.4507,31.0,2026-10-23,ok,67.6724,21
2026-09-23,MRVL,"Marvell Technology, Inc.",USD,262.36,3.03,86.5875,76.3478,73.5957,12.0953,0.8466,194.685,231.3338,267.9826,高估~均值,38.8058,12.4135,104.5632,1.37,0.09,79.658,70.69,329.88,73.9496,0.681,31.0,2026-10-23,ok,21.6353,21
2026-09-23,MSFT,Microsoft Corporation,USD,498.0,17.97,27.7129,24.4124,23.5242,2.8175,1.1714,388.0603,438.6907,489.3211,顯著高估,21.0341,8.3606,20.2144,1.63,0.78,19.444,349.2,553.72,72.7557,0.2686,31.0,2026-10-23,ok,6.5797,21
2026-09-23,MU,"Micron Technology, Inc.",USD,1096.16,44.26,24.7664,21.4028,21.4424,2.359,1.4259,842.8803,947.2888,1051.6972,顯著高估,6.8973,12.2867,24.0705,0.15,0.05,16.994,154.65,1255.0,85.5646,0.6434,31.0,2026-10-23,ok,29.5928,21
2026-09-23,NBIS,Nebius Group N.V.,USD,236.12,-0.07,,,,,,,,,無法判讀,-71.922,6.2595,9.8977,0.54,,255.676,73.52,299.86,71.8388,0.8091,31.0,2026-10-23,ok,5.9653,21
2026-09-23,NFLX,"Netflix, Inc.",USD,72.16,3.18,22.6918,24.4482,24.1714,1.7268,-1.0172,72.2542,77.7453,83.2364,顯著低估,18.9236,9.9655,25.1002,1.25,,21.253,65.08,124.86,11.8434,0.4548,31.0,2026-10-23,ok,61.6672,21
2026-09-23,NOW,"ServiceNow, Inc.",USD,137.0,1.6,85.625,72.2064,69.5281,9.8409,1.3636,99.7848,115.5302,131.2757,顯著高估,27.3698,11.3167,26.6841,0.99,,50.442,81.24,194.726,49.1338,0.5723,31.0,2026-10-23,ok,57.0259,21
2026-09-23,NVDA,NVIDIA Corporation,USD,228.87,7.91,28.9343,26.8521,26.8616,1.3014,1.5999,202.1063,212.4004,222.6946,顯著高估,14.5939,24.1348,41.1322,0.48,0.44,27.11,164.27,236.54,89.387,0.3268,31.0,2026-10-23,ok,4.991,22
2026-09-23,ORCL,Oracle Corporation,USD,149.2,6.37,23.4223,25.0182,23.3462,4.7679,-0.3347,128.9941,159.3657,189.7372,均值~低估,13.5671,11.4417,9.611,0.83,1.35,17.037,114.5,325.0,16.4846,0.4944,31.0,2026-10-23,ok,19.4453,21
2026-09-23,PANW,"Palo Alto Networks, Inc.",USD,374.57,0.41,913.5854,792.907,815.0732,105.2342,1.1468,281.9459,325.0919,368.2379,顯著高估,76.7708,11.104,67.2959,1.9,,194.613,139.57,398.88,90.6251,0.5169,31.0,2026-10-23,ok,50.2803,21
2026-09-23,PLTR,Palantir Technologies Inc.,USD,184.99,1.17,158.1111,126.3266,116.6966,19.7091,1.6127,124.7425,147.8022,170.8618,顯著高估,79.6344,45.4744,125.1684,1.76,,161.828,106.37,207.52,77.7261,0.4742,31.0,2026-10-23,ok,19.7735,21
2026-09-23,QQQ,"Invesco QQQ Trust, Series 1",USD,747.46,24.5347,30.4654,29.1757,29.1997,0.6443,2.0017,700.0108,715.818,731.6252,顯著高估,,2.0892,,,0.42,,555.6,748.65,99.3836,0.1904,31.0,2026-10-23,ok,28.2338,21
2026-09-23,RKLB,Rocket Lab Corporation,USD,71.98,-0.27,,,,,,,,,無法判讀,1579.8948,12.3296,,,,-263.42,37.57,151.0,30.3359,0.7168,31.0,2026-10-23,ok,23.6938,22
2026-09-23,SNDK,Sandisk Corporation,USD,1887.04,73.85,25.5523,22.0554,21.7397,3.581,0.9765,1364.332,1628.7892,1893.2463,高估~均值,7.1618,17.8678,23.6739,,,20.14,93.535,2354.39,79.3286,0.7752,31.0,2026-10-23,ok,10.5173,21
2026-09-23,SOXX,iShares PHLX SOX Semiconductor ,USD,572.78,13.6039,42.1042,40.2883,39.7416,2.9043,0.6252,508.5687,548.078,587.5873,高估~均值,,1.3506,,,0.29,,260.44,655.95,78.9715,0.4176,31.0,2026-10-23,ok,15.0349,21
2026-09-23,SPCX,Space Exploration Technologies ,USD,154.72,-1.09,,,,,,,,,無法判讀,88.7589,16.0232,118.3279,,,668.646,104.83,225.64,41.2963,0.4945,31.0,2026-10-23,ok,2.6805,21
2026-09-23,SPOT,Spotify Technology S.A.,USD,501.3,18.24,27.4836,27.3181,27.1017,1.7253,0.0959,466.8127,498.2829,529.7531,高估~均值,28.31,10.522,30.8892,1.46,,37.168,405.0,740.0,28.7463,0.4449,31.0,2026-10-23,ok,43.6458,21
2026-09-23,SPY,State Street SPDR S&P 500 ETF T,USD,773.38,30.9505,24.9877,24.3489,24.3273,0.4252,1.5021,740.448,753.6096,766.7711,顯著高估,,1.8018,,,0.98,,629.28,779.37,96.0091,0.1379,31.0,2026-10-23,ok,17.8772,21
2026-09-23,TRV,"The Travelers Companies, Inc.",USD,362.01,37.22,9.7262,9.2681,9.7501,0.8753,0.5233,312.3806,344.9599,377.5392,高估~均值,11.9662,2.28,6.848,2.36,1.35,7.092,252.26,398.7,74.9454,0.3149,24.0,2026-10-16,ok,99.3269,21
2026-09-23,TSLA,"Tesla, Inc.",USD,378.9,1.09,347.6147,344.8402,344.9083,33.9505,0.0817,338.8698,375.8758,412.8818,高估~均值,172.4436,17.2266,80.0901,4.49,,135.331,297.38,498.83,40.4666,0.4609,31.0,2026-10-23,ok,31.1828,21
2026-09-23,TSM,Taiwan Semiconductor Manufactur,USD,452.0,13.44,33.631,31.497,31.3348,1.2597,1.694,406.3894,423.3197,440.25,顯著高估,20.6156,92.5627,0.8898,0.84,0.91,5.071,266.82,479.0,87.275,0.3687,31.0,2026-10-23,ok,22.0751,21
2026-09-23,UBER,"Uber Technologies, Inc.",USD,69.89,4.56,15.3268,16.0197,15.9013,0.6371,-1.0877,70.1447,73.05,75.9553,顯著低估,15.8429,5.2196,13.6948,6.04,,20.754,65.41,101.295,12.4843,0.3552,31.0,2026-10-23,ok,33.6706,21
2026-09-23,VRT,"Vertiv Holdings, LLC",USD,253.46,4.41,57.4739,66.052,66.4705,7.2995,-1.1752,259.0984,291.2894,323.4805,顯著低估,27.7845,20.5081,29.0916,0.85,0.1,36.138,133.85,379.935,48.6052,0.5804,31.0,2026-10-23,ok,19.6047,21
2026-09-23,XLI,State Street Industrial Select ,USD,170.27,6.1593,27.6443,28.8876,29.0194,0.8535,-1.4567,172.6711,177.9283,183.1855,顯著低估,,1.7307,,,1.18,,147.14,188.19,56.3459,0.3168,31.0,2026-10-23,ok,77.9062,21
2026-09-23,XLV,State Street Health Care Select,USD,169.89,5.5971,30.3531,28.7648,28.9676,1.5271,1.0401,152.4527,161.0001,169.5475,顯著高估,,1.335,,,1.49,,133.73,176.6,84.348,0.2918,31.0,2026-10-23,ok,86.7731,20
2026-09-24,000660.KS,SK hynix,KRW,1862000.0,,,,,,,,,,無法判讀,3.9405,,10.4136,0.2,0.08,8.757,333000.0,2987000.0,57.6112,,,,no_market,,0
2026-09-24,2330.TW,TAIWAN SEMICONDUCTOR MANUFACTUR,TWD,2500.0,87.0,28.7356,27.401,27.5287,0.8029,1.6623,2314.0384,2383.8889,2453.7394,顯著高估,17.5308,10.0786,24.6068,0.73,1.14,19.708,1295.0,2535.0,97.1774,,,,no_market,,0
2026-09-24,AAPL,Apple Inc.,USD,337.02,8.73,38.6048,35.8412,35.6546,1.691,1.6343,298.132,312.894,327.656,顯著高估,35.2565,45.7908,33.5223,2.73,0.32,29.652,243.42,345.34,91.8367,0.251,30.0,2026-10-23,ok,51.283,23
2026-09-24,ADBE,Adobe Inc.,USD,240.69,17.92,13.4314,13.6211,13.8979,1.4161,-0.134,218.713,244.0896,269.4662,均值~低估,8.6976,8.0817,8.8538,0.58,,9.762,190.12,363.7,29.1335,0.4136,30.0,2026-10-23,ok,45.4946,22
2026-09-24,AMD,"Advanced Micro Devices, Inc.",USD,614.61,3.93,156.3893,128.2072,128.2557,10.2791,2.7417,463.4572,503.8542,544.2512,顯著高估,39.4722,14.921,99.5373,0.64,,105.569,154.78,624.6899,97.8549,0.5236,30.0,2026-10-23,ok,9.4749,22
2026-09-24,AMZN,"Amazon.com, Inc.",USD,249.27,12.42,20.07,20.3776,20.4207,1.048,-0.2935,240.0742,253.0902,266.1063,均值~低估,23.9949,4.8727,16.6583,1.51,,17.044,196.0,287.2,58.4101,0.3157,30.0,2026-10-23,ok,28.9147,22
2026-09-24,APP,Applovin Corporation,USD,315.25,13.02,24.2127,32.5945,32.6091,7.3081,-1.1469,329.2281,424.3798,519.5314,顯著低估,15.0256,33.4164,21.2877,0.71,,20.401,297.5,745.61,3.9611,0.5731,30.0,2026-10-23,ok,16.2247,22
2026-09-24,ASML,ASML Holding N.V. - New York Re,USD,1744.61,29.19,59.7674,59.198,59.6286,3.5452,0.1606,1624.5068,1727.9898,1831.4727,高估~均值,29.4225,1487.885,58.3364,1.58,0.52,2764.794,935.41,1999.96,76.0133,0.519,30.0,2026-10-23,ok,39.3494,22
2026-09-24,AVGO,Broadcom Inc.,USD,354.99,7.83,45.3372,49.5703,48.8691,3.6099,-1.1726,359.8698,388.1352,416.4007,顯著低估,18.3136,16.9998,41.6843,0.36,0.71,33.977,289.96,495.0,31.7158,0.3698,30.0,2026-10-23,ok,6.2418,23
2026-09-24,BE,Bloom Energy Corporation,USD,275.19,0.77,357.3896,325.6798,329.7792,49.7239,0.6377,212.4861,250.7734,289.0608,高估~均值,55.8341,50.0801,109.8573,0.62,,194.926,61.37,351.28,73.7539,0.7551,30.0,2026-10-23,ok,0.0,22
2026-09-24,COHR,Coherent Corp.,USD,300.6,4.13,72.7845,79.863,78.4782,11.6433,-0.608,281.7477,329.8343,377.921,均值~低估,21.5402,5.3968,740.3372,0.92,,44.036,102.14,440.0,58.7403,0.7432,30.0,2026-10-23,ok,14.8579,22
2026-09-24,CRM,"Salesforce, Inc.",USD,237.58,10.78,22.039,17.8555,16.8854,3.046,1.3734,159.6468,192.4823,225.3179,顯著高估,14.8442,5.0948,12.4145,0.78,0.75,17.285,146.32,269.11,74.322,0.4387,30.0,2026-10-23,ok,53.6873,22
2026-09-24,CRWD,"CrowdStrike Holdings, Inc.",USD,262.49,0.03,8749.6663,6472.9083,6371.1665,825.8078,2.757,169.413,194.1872,218.9615,顯著高估,163.4525,52.6771,133.2791,8.0,,2357.168,85.68,263.19,99.6057,0.562,30.0,2026-10-23,ok,59.8844,22
2026-09-24,CRWV,"CoreWeave, Inc.",USD,86.9,-3.55,,,,,,,,,無法判讀,-45.4412,9.5306,5.7699,,,24.789,60.55,153.2,28.4404,0.7258,30.0,2026-10-23,ok,7.6536,22
2026-09-24,DELL,Dell Technologies Inc.,USD,549.83,17.18,32.0041,25.1274,25.1289,4.3427,1.5835,357.0805,431.6887,506.2968,顯著高估,18.8834,-246.5606,14.2721,0.64,0.46,21.027,110.22,595.51,90.5871,0.5972,30.0,2026-10-23,ok,0.0,22
2026-09-24,GOOG,Alphabet Inc.,USD,334.98,19.94,16.7994,17.6743,17.5913,0.8411,-1.0402,335.6543,352.4256,369.1968,顯著低估,22.5093,6.5817,9.9714,1.24,0.25,23.938,236.685,404.47,58.5839,0.3239,30.0,2026-10-23,ok,37.466,22
2026-09-24,IGV,iShares Expanded Tech-Software ,USD,108.1,3.2158,33.6151,30.3095,29.6099,2.075,1.593,90.7971,97.4699,104.1427,顯著高估,,0.2709,,,0.02,,73.93,117.76,77.9603,0.3544,30.0,2026-10-23,ok,57.9596,22
2026-09-24,INTC,Intel Corporation,USD,122.6,-2.09,,,,,,,,,無法判讀,59.4545,7.0626,43.3902,1.36,,39.261,29.23,142.35,82.5407,0.7366,30.0,2026-10-23,ok,37.5152,22
2026-09-24,ISRG,"Intuitive Surgical, Inc.",USD,398.3,8.73,45.6243,44.9957,45.5911,3.1338,0.2006,365.4545,392.8129,420.1713,高估~均值,32.9403,7.7584,38.5015,1.87,,32.76,328.57,603.88,25.3278,0.4666,30.0,2026-10-23,ok,79.1426,22
2026-09-24,LITE,Lumentum Holdings Inc.,USD,937.0,-92.96,,,,,,,,,無法判讀,27.1434,17.8769,111.8564,0.63,,104.608,144.52,1085.68,84.2025,0.7314,30.0,2026-10-23,ok,11.6931,22
2026-09-24,META,"Meta Platforms, Inc.",USD,744.1,26.52,28.0581,22.8601,22.4891,1.6444,3.1609,562.64,606.2508,649.8615,顯著高估,21.3578,7.2581,12.5927,0.97,0.29,17.314,520.26,763.9,91.8733,0.4589,30.0,2026-10-23,ok,70.2443,22
2026-09-24,MRVL,"Marvell Technology, Inc.",USD,260.9,3.02,86.3907,76.8887,74.3311,12.0554,0.7882,195.7968,232.204,268.6112,高估~均值,38.6104,12.5409,103.9813,1.39,0.09,81.19,70.69,329.88,73.3863,0.6804,30.0,2026-10-23,ok,21.539,22
2026-09-24,MSFT,Microsoft Corporation,USD,500.59,17.83,28.0757,24.6609,23.8511,2.8575,1.195,388.7542,439.7036,490.6529,顯著高估,21.1435,8.4041,20.3195,1.62,0.79,19.306,349.2,553.72,74.0221,0.2786,30.0,2026-10-23,ok,11.2203,22
2026-09-24,MU,"Micron Technology, Inc.",USD,1071.88,44.28,24.2069,21.4674,21.4443,2.3399,1.1708,846.9664,950.5762,1054.186,顯著高估,6.7362,12.0146,23.5374,0.16,0.05,17.859,154.65,1255.0,83.358,0.6394,30.0,2026-10-23,ok,28.954,22
2026-09-24,NBIS,Nebius Group N.V.,USD,226.61,-0.07,,,,,,,,,無法判讀,-64.5317,6.0074,10.2746,0.55,,259.203,73.52,299.86,67.6372,0.7992,30.0,2026-10-23,ok,4.9498,22
2026-09-24,NFLX,"Netflix, Inc.",USD,71.36,3.18,22.4403,24.3938,24.0849,1.7117,-1.1413,72.1289,77.5722,83.0156,顯著低估,18.7138,9.855,24.8219,1.23,,20.914,65.08,124.86,10.5052,0.4617,30.0,2026-10-23,ok,64.7478,22
2026-09-24,NOW,"ServiceNow, Inc.",USD,140.78,1.59,88.5409,73.0119,70.3491,9.899,1.5688,100.3495,116.0889,131.8282,顯著高估,28.125,11.6289,27.4203,0.99,,50.2,81.24,194.726,52.4646,0.5735,30.0,2026-10-23,ok,57.269,22
2026-09-24,NVDA,NVIDIA Corporation,USD,225.51,7.91,28.5095,26.8378,26.8616,1.2753,1.3108,202.1988,212.2868,222.3747,顯著高估,14.3796,23.7804,40.5284,0.49,0.44,27.288,164.27,236.54,84.7378,0.3243,30.0,2026-10-23,ok,3.9486,23
2026-09-24,ORCL,Oracle Corporation,USD,144.56,6.39,22.6228,24.8511,23.2465,4.7203,-0.472,128.6354,158.7984,188.9615,均值~低估,13.1452,7.0717,9.3121,0.83,1.34,17.094,114.5,322.54,14.4491,0.4856,30.0,2026-10-23,ok,17.4874,22
2026-09-24,PANW,"Palo Alto Networks, Inc.",USD,393.3,0.41,959.2683,793.4146,815.0732,105.9306,1.5657,281.8684,325.3,368.7316,顯著高估,80.6096,11.6592,70.661,1.91,,196.086,139.57,398.88,97.8481,0.5338,30.0,2026-10-23,ok,53.4215,22
2026-09-24,PLTR,Palantir Technologies Inc.,USD,191.79,1.17,163.9231,126.878,116.8718,20.0598,1.8467,124.9773,148.4473,171.9173,顯著高估,82.5617,47.146,129.7694,1.78,,163.543,106.37,207.52,84.4488,0.5085,30.0,2026-10-23,ok,29.8443,22
2026-09-24,QQQ,"Invesco QQQ Trust, Series 1",USD,741.21,24.5347,30.2107,29.1854,29.1997,0.6533,1.5694,700.0286,716.056,732.0834,顯著高估,,2.0717,,,0.42,,555.6,748.65,96.1461,0.1932,30.0,2026-10-23,ok,30.0559,22
2026-09-24,RKLB,Rocket Lab Corporation,USD,70.31,-0.27,,,,,,,,,無法判讀,1543.2396,12.0435,,,,-271.728,37.57,151.0,28.8636,0.6899,30.0,2026-10-23,ok,19.0322,23
2026-09-24,SNDK,Sandisk Corporation,USD,1816.57,73.78,24.6214,22.1416,21.8536,3.5765,0.6934,1369.7348,1633.6097,1897.4846,高估~均值,6.8944,17.2006,22.7899,,,21.537,93.535,2354.39,76.2117,0.7283,30.0,2026-10-23,ok,5.7858,22
2026-09-24,SOXX,iShares PHLX SOX Semiconductor ,USD,565.72,13.6039,41.5852,40.3175,39.8313,2.904,0.4365,508.9693,548.4746,587.9798,高估~均值,,1.334,,,0.29,,260.44,655.95,77.1864,0.4222,30.0,2026-10-23,ok,16.5011,22
2026-09-24,SPCX,Space Exploration Technologies ,USD,148.36,-1.09,,,,,,,,,無法判讀,85.1103,15.3645,115.3356,,,681.477,104.83,225.64,36.0318,0.5123,30.0,2026-10-23,ok,5.318,22
2026-09-24,SPOT,Spotify Technology S.A.,USD,510.4,18.25,27.9671,27.3087,27.0868,1.7257,0.3815,466.8894,498.384,529.8786,高估~均值,28.8586,10.713,31.4445,1.42,,35.982,405.0,740.0,31.4627,0.4445,30.0,2026-10-23,ok,43.505,22
2026-09-24,SPY,State Street SPDR S&P 500 ETF T,USD,767.81,30.9505,24.8077,24.3559,24.3662,0.4276,1.0566,740.5948,753.8278,767.0608,顯著高估,,1.7888,,,0.98,,629.28,779.37,92.298,0.1369,30.0,2026-10-23,ok,17.2415,22
2026-09-24,TRV,"The Travelers Companies, Inc.",USD,360.39,37.21,9.6853,9.2701,9.7528,0.8753,0.4743,312.3717,344.9419,377.5121,高估~均值,11.9038,2.2698,6.8174,2.36,1.38,6.926,252.26,398.7,73.8391,0.3095,23.0,2026-10-16,ok,95.4853,22
2026-09-24,TSLA,"Tesla, Inc.",USD,380.12,1.1,345.5636,341.0671,341.7727,33.0048,0.1362,338.8685,375.1738,411.479,高估~均值,172.9988,17.2821,80.348,4.53,,136.653,297.38,498.83,41.0722,0.4561,30.0,2026-10-23,ok,29.3909,22
2026-09-24,TSM,Taiwan Semiconductor Manufactur,USD,446.57,13.42,33.2765,31.5678,31.4005,1.2739,1.3413,406.5448,423.6402,440.7356,顯著高估,20.368,91.3869,0.8791,0.86,0.9,5.161,266.82,479.0,84.7158,0.3543,30.0,2026-10-23,ok,16.2804,22
2026-09-24,UBER,"Uber Technologies, Inc.",USD,69.42,4.56,15.2237,16.0069,15.886,0.6414,-1.2211,70.0666,72.9914,75.9163,顯著低估,15.7364,5.1845,13.6027,5.96,,20.495,65.41,101.295,11.1746,0.6018,30.0,2026-10-23,ok,100.0,22
2026-09-24,VRT,"Vertiv Holdings, LLC",USD,248.78,4.46,55.7803,65.2999,65.7253,7.2324,-1.3162,258.9809,291.2374,323.494,顯著低估,27.2714,20.1295,28.5545,0.85,0.1,36.511,133.85,379.935,46.7034,0.5663,30.0,2026-10-23,ok,15.4223,22
2026-09-24,XLI,State Street Industrial Select ,USD,170.1,6.1593,27.6167,28.8873,29.0194,0.854,-1.4879,172.6664,177.9264,183.1864,顯著低估,,1.729,,,1.18,,147.14,188.19,55.9318,0.2327,30.0,2026-10-23,ok,45.6571,22
2026-09-24,XLV,State Street Health Care Select,USD,168.8,5.5971,30.1584,28.7626,28.9676,1.525,0.9152,152.4525,160.988,169.5235,高估~均值,,,,,1.49,,133.73,176.6,81.8055,0.2597,30.0,2026-10-23,ok,70.9258,21
2026-09-25,000660.KS,SK hynix,KRW,1862000.0,,,,,,,,,,無法判讀,3.9393,,10.4136,0.2,0.08,8.757,333000.0,2987000.0,57.6112,,,,no_market,,0
2026-09-25,2330.TW,TAIWAN SEMICONDUCTOR MANUFACTUR,TWD,2475.0,84.65,29.238,28.1998,28.3225,0.794,1.3076,2319.8995,2387.1111,2454.3227,顯著高估,17.3555,9.9778,24.3607,0.75,1.12,19.503,1295.0,2535.0,95.1613,,,,no_market,,0
2026-09-25,AAPL,Apple Inc.,USD,335.92,8.73,38.4788,35.8867,35.7022,1.7064,1.5191,298.3938,313.2906,328.1873,顯著高估,35.0333,45.6413,33.4129,2.71,0.32,29.415,243.42,345.34,90.7575,0.2459,29.0,2026-10-23,ok,47.8609,24
2026-09-25,ADBE,Adobe Inc.,USD,238.93,17.91,13.3406,13.6233,13.9056,1.4171,-0.1995,218.6136,243.9932,269.3728,均值~低估,8.634,7.9413,8.7891,0.58,,9.562,190.12,363.7,28.1196,0.4138,29.0,2026-10-23,ok,45.5427,23
2026-09-25,AMD,"Advanced Micro Devices, Inc.",USD,629.26,3.93,160.1171,128.7872,128.4911,10.5893,2.9586,464.5177,506.1338,547.7498,顯著高估,40.4131,15.2766,101.9098,0.64,,104.005,154.78,630.79,99.6786,0.5284,29.0,2026-10-23,ok,10.6007,23
2026-09-25,AMZN,"Amazon.com, Inc.",USD,249.38,12.44,20.0466,20.3317,20.3352,1.0425,-0.2735,239.9581,252.9262,265.8944,均值~低估,24.0055,4.8749,16.6657,1.48,,16.679,196.0,287.2,58.5307,0.3102,29.0,2026-10-23,ok,26.8077,23
2026-09-25,APP,Applovin Corporation,USD,312.47,13.02,23.9992,32.4471,32.4209,7.3466,-1.1499,326.8089,422.461,518.1131,顯著低估,14.8931,33.1217,21.1,0.68,,19.568,297.5,745.61,3.3407,0.5593,29.0,2026-10-23,ok,13.8111,23
2026-09-25,ASML,ASML Holding N.V. - New York Re,USD,1722.5,29.13,59.1315,59.3726,59.7515,3.5135,-0.0686,1627.1737,1729.523,1831.8723,均值~低估,29.092,1471.1716,57.5971,1.58,0.52,2759.589,935.41,1999.96,73.9364,0.5122,29.0,2026-10-23,ok,36.7503,23
2026-09-25,AVGO,Broadcom Inc.,USD,350.36,7.83,44.7458,49.4641,48.7957,3.6097,-1.3071,359.04,387.3038,415.5676,顯著低估,18.0748,16.7781,41.1406,0.35,0.73,33.104,289.96,495.0,29.4577,0.3626,29.0,2026-10-23,ok,3.8241,24
2026-09-25,BE,Bloom Energy Corporation,USD,266.65,0.77,346.2987,325.5456,329.7792,49.6509,0.418,212.4389,250.6701,288.9013,高估~均值,54.1014,48.5259,106.4481,0.62,,193.983,61.37,351.28,70.8082,0.7469,29.0,2026-10-23,ok,0.0,23
2026-09-25,COHR,Coherent Corp.,USD,290.61,4.12,70.5364,79.8092,78.307,11.6339,-0.797,280.8821,328.8139,376.7457,均值~低估,20.8243,5.2174,715.7332,0.92,,42.689,102.14,440.0,55.7835,0.7194,29.0,2026-10-23,ok,9.8517,23
2026-09-25,CRM,"Salesforce, Inc.",USD,238.22,10.93,21.7951,17.6823,16.769,3.0263,1.359,160.1902,193.2672,226.3442,顯著高估,14.8841,5.1085,12.4479,0.79,0.74,17.56,146.32,269.11,74.8432,0.4305,29.0,2026-10-23,ok,51.4823,23
2026-09-25,CRWD,"CrowdStrike Holdings, Inc.",USD,259.67,0.03,8655.6671,6515.3833,6384.9998,838.7176,2.5519,170.3,195.4615,220.623,顯著高估,161.6965,52.1112,131.8473,8.4,,2476.271,85.68,263.86,97.6484,0.5385,29.0,2026-10-23,ok,54.2961,23
2026-09-25,CRWV,"CoreWeave, Inc.",USD,90.13,-3.55,,,,,,,,,無法判讀,-49.4587,9.8848,5.9844,,,24.809,60.55,153.2,31.9266,0.723,29.0,2026-10-23,ok,7.1448,23
2026-09-25,DELL,Dell Technologies Inc.,USD,536.02,17.21,31.1458,25.2734,25.1354,4.2196,1.3917,362.3364,434.9557,507.5749,顯著高估,18.4091,-240.3677,13.9136,0.65,0.46,21.06,110.22,595.51,87.7414,0.6104,29.0,2026-10-23,ok,3.9083,23
2026-09-25,GOOG,Alphabet Inc.,USD,339.01,19.93,17.01,17.6529,17.5477,0.8155,-0.7883,335.5697,351.8221,368.0745,均值~低估,22.7536,6.6608,10.0913,1.2,0.26,23.06,236.685,404.47,60.9858,0.3191,29.0,2026-10-23,ok,35.0044,23
2026-09-25,IGV,iShares Expanded Tech-Software ,USD,107.15,3.2158,33.3197,30.3626,29.7483,2.0903,1.4146,90.9186,97.6407,104.3627,顯著高估,,0.2686,,,0.02,,73.93,117.76,75.7928,0.3491,29.0,2026-10-23,ok,56.0883,23
2026-09-25,INTC,Intel Corporation,USD,127.39,-2.08,,,,,,,,,無法判讀,61.7774,7.3386,45.0855,1.36,,38.884,31.21,142.35,86.5395,0.7542,29.0,2026-10-23,ok,41.0938,23
2026-09-25,ISRG,"Intuitive Surgical, Inc.",USD,399.52,8.72,45.8165,45.011,45.6433,3.1089,0.2591,365.3862,392.4958,419.6053,高估~均值,33.0412,7.7821,38.6195,1.85,,32.44,328.57,603.88,25.7709,0.5416,29.0,2026-10-23,ok,100.0,23
2026-09-25,LITE,Lumentum Holdings Inc.,USD,929.04,-92.95,,,,,,,,,無法判讀,26.9128,17.725,110.9062,0.63,,103.636,144.52,1085.68,83.3567,0.7121,29.0,2026-10-23,ok,7.8837,23
2026-09-25,META,"Meta Platforms, Inc.",USD,777.59,26.56,29.2767,22.894,22.4552,1.7771,3.5917,560.8673,608.0659,655.2644,顯著高估,22.2628,7.5848,13.1594,0.98,0.28,17.488,520.26,779.8192,99.1412,0.4442,29.0,2026-10-23,ok,65.6322,23
2026-09-25,MRVL,"Marvell Technology, Inc.",USD,258.95,3.03,85.4621,76.9359,74.6485,11.8917,0.717,197.0838,233.1158,269.1477,高估~均值,38.3218,12.4471,103.2042,1.39,0.09,80.741,70.69,329.88,72.634,0.6595,29.0,2026-10-23,ok,17.8814,23
2026-09-25,MSFT,Microsoft Corporation,USD,497.93,17.97,27.709,24.5158,23.771,2.8537,1.119,389.268,440.5481,491.8282,顯著高估,21.0311,8.3594,20.2116,1.63,0.78,19.405,349.2,553.72,72.7215,0.2631,29.0,2026-10-23,ok,4.0331,23
2026-09-25,MU,"Micron Technology, Inc.",USD,1080.53,44.27,24.4077,21.5616,21.526,2.2964,1.2394,852.8668,954.5303,1056.1939,顯著高估,6.7906,12.1115,23.7273,0.16,0.05,17.457,154.65,1255.0,84.1441,0.6151,29.0,2026-10-23,ok,25.0277,23
2026-09-25,NBIS,Nebius Group N.V.,USD,243.48,-0.07,,,,,,,,,無法判讀,-69.673,6.4546,11.0395,0.51,,249.1,73.52,299.86,75.0906,0.8199,29.0,2026-10-23,ok,7.0748,23
2026-09-25,NFLX,"Netflix, Inc.",USD,71.72,3.18,22.5535,24.3403,24.0094,1.6929,-1.0555,72.0187,77.4022,82.7858,顯著低估,18.8083,9.9047,24.9471,1.22,,20.688,65.08,124.86,11.1074,0.4734,29.0,2026-10-23,ok,70.0288,23
2026-09-25,NOW,"ServiceNow, Inc.",USD,137.78,1.6,86.1125,72.8522,70.825,9.839,1.3477,100.8211,116.5634,132.3058,顯著高估,27.5257,11.3811,26.836,1.01,,51.549,81.24,192.966,50.6059,0.5624,29.0,2026-10-23,ok,55.0562,23
2026-09-25,NVDA,NVIDIA Corporation,USD,224.58,7.92,28.3561,26.8028,26.8277,1.2724,1.2207,202.2011,212.2786,222.356,顯著高估,14.3203,23.6824,40.3612,0.49,0.44,26.886,164.27,236.54,83.4509,0.3213,29.0,2026-10-23,ok,2.6455,24
2026-09-25,ORCL,Oracle Corporation,USD,139.54,6.38,21.8715,24.797,23.2202,4.7035,-0.622,128.1964,158.205,188.2136,均值~低估,12.6887,6.8261,8.9888,0.81,1.38,16.686,114.5,322.54,12.0361,0.4869,29.0,2026-10-23,ok,17.7865,23
2026-09-25,PANW,"Palo Alto Networks, Inc.",USD,389.92,0.39,999.7949,838.4248,859.4615,110.1408,1.4651,284.0307,326.9857,369.9406,顯著高估,79.9169,11.559,70.0537,2.01,,205.907,139.57,398.88,96.5447,0.5378,29.0,2026-10-23,ok,54.1573,23
2026-09-25,PLTR,Palantir Technologies Inc.,USD,192.59,1.17,164.6068,127.4345,117.1068,20.405,1.8217,125.2246,149.0984,172.9722,顯著高估,82.9061,47.3427,130.3107,1.85,,169.68,106.37,207.52,85.2397,0.4888,29.0,2026-10-23,ok,24.0384,23
2026-09-25,QQQ,"Invesco QQQ Trust, Series 1",USD,741.1,24.5347,30.2062,29.2,29.2074,0.6613,1.5216,700.1892,716.4134,732.6377,顯著高估,,2.0714,,,0.42,,555.6,748.65,96.0891,0.1871,29.0,2026-10-23,ok,26.025,23
2026-09-25,RKLB,Rocket Lab Corporation,USD,73.61,-0.27,,,,,,,,,無法判讀,1615.6718,12.6088,,,,-265.089,37.57,151.0,31.7729,0.6903,29.0,2026-10-23,ok,19.0958,24
2026-09-25,SNDK,Sandisk Corporation,USD,1753.62,73.75,23.7779,22.2028,21.8942,3.567,0.4416,1374.3897,1637.4543,1900.5188,高估~均值,6.6555,16.6045,22.0001,,,20.72,93.535,2354.39,73.4273,0.7098,29.0,2026-10-23,ok,3.9276,23
2026-09-25,SOXX,iShares PHLX SOX Semiconductor ,USD,566.07,13.6039,41.6109,40.3645,39.896,2.8901,0.4313,509.7974,549.114,588.4306,高估~均值,,1.3348,,,0.29,,260.44,655.95,77.2749,0.4372,29.0,2026-10-23,ok,21.2908,23
2026-09-25,SPCX,Space Exploration Technologies ,USD,148.03,-1.09,,,,,,,,,無法判讀,84.921,15.3304,115.079,,,653.043,104.83,225.64,35.7586,0.469,29.0,2026-10-23,ok,0.0,23
2026-09-25,SPOT,Spotify Technology S.A.,USD,511.38,18.22,28.067,27.4018,27.1937,1.6866,0.3944,468.5302,499.26,529.9898,高估~均值,28.9646,10.7336,31.5048,1.42,,36.68,405.0,740.0,31.7552,0.5141,29.0,2026-10-23,ok,66.4583,23
2026-09-25,SPY,State Street SPDR S&P 500 ETF T,USD,767.18,30.9505,24.7873,24.366,24.3751,0.4269,0.9869,740.9253,754.139,767.3528,高估~均值,,1.7874,,,0.98,,629.28,779.37,91.8782,0.1361,29.0,2026-10-23,ok,16.702,23
2026-09-25,TRV,"The Travelers Companies, Inc.",USD,362.39,37.19,9.7443,9.2943,9.7603,0.8668,0.5191,313.4164,345.6541,377.8918,高估~均值,11.9698,2.2824,6.8552,2.36,1.39,6.897,252.26,398.7,75.2049,0.3392,22.0,2026-10-16,ok,100.0,23
2026-09-25,TSLA,"Tesla, Inc.",USD,377.94,1.06,356.5472,353.4732,354.6698,33.9232,0.0906,338.7229,374.6816,410.6402,高估~均值,172.0067,17.183,79.8872,4.54,,137.101,297.38,498.83,39.9901,0.4539,29.0,2026-10-23,ok,28.5908,23
2026-09-25,TSM,Taiwan Semiconductor Manufactur,USD,451.15,13.44,33.5677,31.5595,31.3854,1.2808,1.5679,406.9468,424.1602,441.3736,顯著高估,20.5769,92.2774,0.8881,0.85,0.91,5.09,266.82,479.0,86.8744,0.3634,29.0,2026-10-23,ok,19.9435,23
2026-09-25,UBER,"Uber Technologies, Inc.",USD,69.22,4.56,15.1798,15.9926,15.8629,0.6454,-1.2594,69.9833,72.9262,75.8692,顯著低估,15.6837,5.1695,13.5635,5.92,,20.366,65.41,101.295,10.6172,0.3718,29.0,2026-10-23,ok,29.5011,23
2026-09-25,VRT,"Vertiv Holdings, LLC",USD,245.3,4.46,55.0,64.9737,65.4821,7.0222,-1.4203,258.4635,289.7827,321.1018,顯著低估,26.89,19.8479,28.155,0.84,0.1,35.839,133.85,379.935,45.2892,0.5578,29.0,2026-10-23,ok,12.9056,23
2026-09-25,XLI,State Street Industrial Select ,USD,168.83,6.1593,27.4105,28.8771,29.0194,0.8662,-1.6932,172.5283,177.8633,183.1983,顯著低估,,1.7161,,,1.18,,147.14,188.19,52.838,0.3151,29.0,2026-10-23,ok,77.2509,23
2026-09-25,XLV,State Street Health Care Select,USD,169.87,5.5971,30.3495,28.8088,28.9801,1.5092,1.0209,152.7989,161.2462,169.6935,顯著高估,,,,,1.49,,133.73,176.6,84.3014,0.307,29.0,2026-10-23,ok,94.2892,22
2026-09-26,000660.KS,SK hynix,KRW,1862000.0,,,,,,,,,,無法判讀,3.9393,,10.4136,0.2,0.08,8.757,333000.0,2987000.0,57.6112,,,,no_market,,0
2026-09-26,2330.TW,TAIWAN SEMICONDUCTOR MANUFACTUR,TWD,2475.0,85.39,28.9847,27.9554,28.0771,0.7871,1.3076,2319.8995,2387.1111,2454.3227,顯著高估,17.3555,9.9778,24.3607,0.74,1.13,19.503,1295.0,2535.0,95.1613,,,,no_market,,0
2026-09-26,AAPL,Apple Inc.,USD,341.07,8.73,39.0687,35.9417,35.7658,1.7284,1.8092,298.6822,313.7709,328.8596,顯著高估,35.5824,46.341,33.9252,2.7,0.32,29.319,243.42,345.34,95.8104,0.2234,28.0,2026-10-23,ok,33.0451,25
2026-09-26,ADBE,Adobe Inc.,USD,235.47,17.92,13.1401,13.6032,13.8881,1.4154,-0.3272,218.4045,243.7691,269.1337,均值~低估,8.5089,7.8263,8.6618,0.58,,9.492,190.12,363.7,26.1263,0.4109,28.0,2026-10-23,ok,44.79,24
2026-09-26,AMD,"Advanced Micro Devices, Inc.",USD,630.63,3.93,160.4657,129.3799,128.7201,10.8527,2.8643,465.8121,508.4631,551.1141,顯著高估,40.5011,15.3099,102.1317,0.64,,106.507,157.05,638.95,98.2735,0.5106,28.0,2026-10-23,ok,6.406,24
2026-09-26,AMZN,"Amazon.com, Inc.",USD,249.67,12.42,20.1023,20.3508,20.3015,1.0394,-0.2392,239.8476,252.7574,265.6672,均值~低估,24.0214,4.8806,16.6851,1.48,,16.686,196.0,287.2,58.8487,0.2977,28.0,2026-10-23,ok,22.0317,24
2026-09-26,APP,Applovin Corporation,USD,310.75,13.0,23.9038,32.1945,32.1546,7.3976,-1.1207,322.3603,418.5288,514.6973,顯著低估,14.8112,32.9394,20.8954,0.68,,19.396,297.5,745.61,2.9569,0.5513,28.0,2026-10-23,ok,12.4014,24
2026-09-26,ASML,ASML Holding N.V. - New York Re,USD,1743.94,29.11,59.9086,59.6109,59.9124,3.2811,0.0907,1639.7626,1735.2746,1830.7865,高估~均值,29.4541,1498.1339,58.314,1.56,0.53,2724.611,935.41,1999.96,75.9504,0.5027,28.0,2026-10-23,ok,33.1411,24
2026-09-26,AVGO,Broadcom Inc.,USD,352.81,7.85,44.9439,49.242,48.6618,3.6011,-1.1935,358.281,386.5493,414.8176,顯著低估,18.2036,16.8954,41.4283,0.35,0.74,32.681,289.96,495.0,30.6526,0.3498,28.0,2026-10-23,ok,0.0,25
2026-09-26,BE,Bloom Energy Corporation,USD,288.7,0.77,374.9351,325.9784,329.7792,49.912,0.9809,212.5711,251.0033,289.4355,高估~均值,58.5752,52.5387,115.2506,0.6,,187.972,66.62,351.28,78.0159,0.7743,28.0,2026-10-23,ok,2.5148,24
2026-09-26,COHR,Coherent Corp.,USD,295.83,4.13,71.6295,79.4357,77.3462,11.6024,-0.6728,280.1516,328.0694,375.9873,均值~低估,21.1984,5.3111,728.5893,0.92,,41.315,104.78,440.0,56.9924,0.7292,28.0,2026-10-23,ok,11.9131,24
2026-09-26,CRM,"Salesforce, Inc.",USD,234.02,10.93,21.4108,17.7985,16.9995,3.0654,1.1784,161.0323,194.5373,228.0423,顯著高估,14.6201,5.0184,12.2285,0.8,0.74,17.6,146.32,269.11,71.4228,0.4053,28.0,2026-10-23,ok,44.6696,24
2026-09-26,CRWD,"CrowdStrike Holdings, Inc.",USD,252.13,0.03,8404.3335,6589.0731,6423.7083,852.6539,2.129,172.0926,197.6722,223.2518,顯著高估,157.0013,50.598,128.0188,8.31,,2449.25,85.68,263.87,93.4115,0.5277,28.0,2026-10-23,ok,51.7202,24
2026-09-26,CRWV,"CoreWeave, Inc.",USD,87.59,-3.55,,,,,,,,,無法判讀,-48.0648,9.6063,5.8157,,,25.279,60.55,153.2,29.1851,0.6799,28.0,2026-10-23,ok,0.0,24
2026-09-26,DELL,Dell Technologies Inc.,USD,562.89,17.21,32.7071,25.4832,25.1961,4.1122,1.7567,367.7941,438.5652,509.3363,顯著高估,19.3319,-252.417,14.6111,0.63,0.47,20.564,110.22,595.51,93.2782,0.5872,28.0,2026-10-23,ok,0.0,24
2026-09-26,GOOG,Alphabet Inc.,USD,341.08,19.93,17.1139,17.6239,17.4659,0.7869,-0.6481,335.5614,351.244,366.9266,均值~低估,22.8925,6.7015,10.153,1.21,0.26,23.345,236.685,404.47,62.2195,0.307,28.0,2026-10-23,ok,28.7243,24
2026-09-26,IGV,iShares Expanded Tech-Software ,USD,106.01,3.2158,32.9652,30.408,29.7794,2.1021,1.2165,91.0268,97.7867,104.5466,顯著高估,,0.2657,,,0.02,,73.93,117.76,73.1919,0.4402,28.0,2026-10-23,ok,88.553,24
2026-09-26,INTC,Intel Corporation,USD,123.0,-2.09,,,,,,,,,無法判讀,59.6485,7.0857,43.5318,1.36,,40.319,32.89,142.35,82.3223,0.7269,28.0,2026-10-23,ok,35.552,24
2026-09-26,ISRG,"Intuitive Surgical, Inc.",USD,405.18,8.72,46.4656,44.9425,45.6433,3.0405,0.501,365.3855,391.8983,418.4112,高估~均值,33.5093,7.8924,39.1666,1.86,,32.543,328.57,603.88,27.8268,0.5363,28.0,2026-10-23,ok,98.2419,24
2026-09-26,LITE,Lumentum Holdings Inc.,USD,941.65,-93.0,,,,,,,,,無法判讀,27.2781,17.9656,112.4115,0.63,,102.745,147.81,1085.68,84.6429,0.6975,28.0,2026-10-23,ok,4.9875,24
2026-09-26,META,"Meta Platforms, Inc.",USD,751.66,26.52,28.3431,22.9874,22.4891,1.869,2.8655,560.0603,609.6264,659.1926,顯著高估,21.4965,7.3318,12.7206,1.03,0.27,18.266,520.26,779.82,89.1509,0.3959,28.0,2026-10-23,ok,50.4741,24
2026-09-26,MRVL,"Marvell Technology, Inc.",USD,261.935,3.03,86.4472,77.277,75.2888,11.7162,0.7827,198.649,234.1492,269.6494,高估~均值,38.7636,12.3934,104.3938,1.38,0.09,80.141,70.69,329.88,73.7856,0.6429,28.0,2026-10-23,ok,14.9618,24
2026-09-26,MSFT,Microsoft Corporation,USD,516.17,17.97,28.724,24.573,23.8005,2.886,1.4383,389.7161,441.5773,493.4385,顯著高估,21.8015,8.6657,20.9519,1.62,0.79,19.303,349.2,553.72,81.6399,0.277,28.0,2026-10-23,ok,10.4846,24
2026-09-26,MU,"Micron Technology, Inc.",USD,1082.28,44.19,24.4915,21.7014,21.6592,2.2243,1.2544,860.6903,958.983,1057.2757,顯著高估,6.7858,12.1311,23.7657,0.16,0.05,17.6,155.18,1255.0,84.2956,0.6086,28.0,2026-10-23,ok,23.9697,24
2026-09-26,NBIS,Nebius Group N.V.,USD,237.33,-0.07,,,,,,,,,無法判讀,-67.9132,6.2916,9.9485,0.55,,267.022,73.52,299.86,72.3734,0.7531,28.0,2026-10-23,ok,0.2172,24
2026-09-26,NFLX,"Netflix, Inc.",USD,71.145,3.18,22.3726,24.2757,23.9733,1.6549,-1.1499,71.9341,77.1966,82.4591,顯著低估,18.6575,9.8253,24.7471,1.23,,20.789,65.08,124.86,10.1455,0.4541,28.0,2026-10-23,ok,61.3371,24
2026-09-26,NOW,"ServiceNow, Inc.",USD,135.62,1.6,84.7625,73.0758,71.3688,9.8788,1.183,101.1152,116.9212,132.7273,顯著高估,27.0941,11.2027,26.4153,0.99,,50.478,81.24,192.966,48.6726,0.5498,28.0,2026-10-23,ok,52.5516,24
2026-09-26,NVDA,NVIDIA Corporation,USD,225.07,7.91,28.4539,26.8406,26.8616,1.2784,1.2619,202.1967,212.3091,222.4215,顯著高估,14.3515,23.734,40.4493,0.48,0.45,26.774,164.27,236.54,84.129,0.3129,28.0,2026-10-23,ok,0.0,25
2026-09-26,ORCL,Oracle Corporation,USD,137.1,6.38,21.489,24.7108,23.1481,4.6921,-0.6866,127.7192,157.6549,187.5906,均值~低估,12.4668,10.5138,8.8316,0.78,1.43,16.245,114.5,322.54,10.8633,0.4773,28.0,2026-10-23,ok,15.6383,24
2026-09-26,PANW,"Palo Alto Networks, Inc.",USD,374.74,0.39,960.8718,845.8017,864.1282,106.8756,1.0767,288.1812,329.8627,371.5441,顯著高估,76.8056,11.109,67.3264,1.99,,204.135,139.57,398.88,90.6907,0.526,28.0,2026-10-23,ok,51.9669,24
2026-09-26,PLTR,Palantir Technologies Inc.,USD,189.67,1.17,162.1111,127.9524,117.3355,20.6882,1.6511,125.4991,149.7043,173.9095,顯著高估,81.6491,46.6249,128.335,1.85,,170.402,106.37,207.52,82.3529,0.4647,28.0,2026-10-23,ok,16.978,24
2026-09-26,QQQ,"Invesco QQQ Trust, Series 1",USD,744.5,24.5347,30.3448,29.2175,29.2174,0.6705,1.6811,700.3909,716.8426,733.2942,顯著高估,,2.0809,,,0.42,,555.6,748.65,97.8503,0.1896,28.0,2026-10-23,ok,27.674,24
2026-09-26,RKLB,Rocket Lab Corporation,USD,73.95,-0.27,,,,,,,,,無法判讀,1623.1343,12.667,,,,-278.208,37.57,151.0,32.0726,0.6982,28.0,2026-10-23,ok,20.473,25
2026-09-26,SNDK,Sandisk Corporation,USD,1777.8,73.83,24.0796,22.2457,21.8929,3.5413,0.5179,1380.9425,1642.3964,1903.8503,高估~均值,6.7472,16.8335,22.3035,,,19.989,94.39,2354.39,74.4872,0.7005,28.0,2026-10-23,ok,2.9811,24
2026-09-26,SOXX,iShares PHLX SOX Semiconductor ,USD,572.68,13.6039,42.0968,40.4272,40.0577,2.8654,0.5827,510.9874,549.9674,588.9475,高估~均值,,1.3504,,,0.29,,260.44,655.95,78.9462,0.4302,28.0,2026-10-23,ok,19.0524,24
2026-09-26,SPCX,Space Exploration Technologies ,USD,148.68,-1.05,,,,,,,,,無法判讀,85.2939,15.3977,113.7086,,,651.568,104.83,225.64,36.2967,0.4579,28.0,2026-10-23,ok,0.0,24
2026-09-26,SPOT,Spotify Technology S.A.,USD,510.01,18.21,28.0071,27.4957,27.31,1.6168,0.3163,471.2547,500.6973,530.14,高估~均值,29.0547,10.9235,31.4259,1.45,,36.755,405.0,740.0,31.3463,0.5252,28.0,2026-10-23,ok,70.1095,24
2026-09-26,SPY,State Street SPDR S&P 500 ETF T,USD,771.35,30.9505,24.9221,24.3777,24.3843,0.4275,1.2732,741.2697,754.5023,767.735,顯著高估,,1.7971,,,0.98,,629.28,779.37,94.6565,0.1329,28.0,2026-10-23,ok,14.6791,24
2026-09-26,TRV,"The Travelers Companies, Inc.",USD,363.04,37.22,9.7539,9.3224,9.7611,0.8507,0.5072,315.3165,346.9797,378.6428,高估~均值,11.9913,2.2865,6.8675,2.36,1.38,6.933,252.26,398.7,75.6487,0.294,21.0,2026-10-16,ok,72.5643,24
2026-09-26,TSLA,"Tesla, Inc.",USD,372.11,1.1,338.2818,340.237,341.2864,32.5108,-0.0601,338.4988,374.2607,410.0225,均值~低估,171.2512,16.9179,78.6549,4.52,,136.3,297.38,498.83,37.0961,0.4503,28.0,2026-10-23,ok,27.2385,24
2026-09-26,TSM,Taiwan Semiconductor Manufactur,USD,450.61,13.49,33.4033,31.4876,31.3117,1.2729,1.505,407.5964,424.7676,441.9387,顯著高估,20.5522,92.1669,0.887,0.85,0.9,5.15,266.82,479.0,86.6199,0.3446,28.0,2026-10-23,ok,12.3968,24
2026-09-26,UBER,"Uber Technologies, Inc.",USD,69.62,4.56,15.2675,15.9793,15.8399,0.6479,-1.0986,69.9112,72.8656,75.8199,顯著低估,15.7744,5.1994,13.6419,5.9,,20.312,65.41,101.295,11.7319,0.3396,28.0,2026-10-23,ok,19.6218,24
2026-09-26,VRT,"Vertiv Holdings, LLC",USD,253.28,4.43,57.1738,64.9022,65.5971,6.785,-1.139,257.4593,287.5168,317.5743,顯著低估,27.7647,20.4936,29.071,0.83,0.1,35.339,137.08,379.935,47.8475,0.5453,28.0,2026-10-23,ok,9.1939,24
2026-09-26,XLI,State Street Industrial Select ,USD,170.43,6.1593,27.6703,28.8745,29.0194,0.8697,-1.3847,172.4907,177.8472,183.2038,顯著低估,,1.7323,,,1.18,,147.14,188.19,56.7357,0.2969,28.0,2026-10-23,ok,70.2769,24
2026-09-26,XLV,State Street Health Care Select,USD,170.7,5.5971,30.4978,28.9076,29.0194,1.4652,1.0854,153.5984,161.7992,170.0,顯著高估,,1.3414,,,1.49,,134.64,176.6,85.939,0.2654,28.0,2026-10-23,ok,73.733,23
2026-09-27,000660.KS,SK hynix,KRW,1862000.0,,,,,,,,,,無法判讀,3.9393,,10.4136,0.2,0.08,8.757,339000.0,2987000.0,57.5151,,,,no_market,,0
2026-09-27,2330.TW,TAIWAN SEMICONDUCTOR MANUFACTUR,TWD,2475.0,85.39,28.9847,27.9554,28.0771,0.7871,1.3076,2319.8995,2387.1111,2454.3227,顯著高估,17.3124,9.9778,24.3607,0.74,1.13,19.503,1300.0,2535.0,95.1417,,,,no_market,,0
2026-09-27,AAPL,Apple Inc.,USD,341.07,8.73,39.0687,35.9417,35.7658,1.7284,1.8092,298.6822,313.7709,328.8596,顯著高估,35.5824,46.341,33.9252,2.7,0.32,29.767,243.42,345.34,95.8104,0.2274,27.0,2026-10-23,ok,35.6621,26
2026-09-27,ADBE,Adobe Inc.,USD,235.47,17.92,13.1401,13.6032,13.8881,1.4154,-0.3272,218.4045,243.7691,269.1337,均值~低估,8.5089,7.8263,8.6618,0.58,,9.357,190.12,363.7,26.1263,0.4182,27.0,2026-10-23,ok,46.6958,25
2026-09-27,AMD,"Advanced Micro Devices, Inc.",USD,630.63,3.91,161.2864,130.0417,129.3785,10.9082,2.8643,465.8121,508.4631,551.1141,顯著高估,40.4813,15.3099,102.1317,0.64,,106.741,159.33,639.0,98.2551,0.5196,27.0,2026-10-23,ok,8.5285,25
2026-09-27,AMZN,"Amazon.com, Inc.",USD,249.67,12.43,20.0861,20.3345,20.2852,1.0386,-0.2392,239.8476,252.7574,265.6672,均值~低估,24.0214,4.8806,16.6851,1.48,,16.705,196.0,287.2,58.8487,0.303,27.0,2026-10-23,ok,24.0685,25
2026-09-27,APP,Applovin Corporation,USD,310.75,13.02,23.8671,32.1451,32.1052,7.3862,-1.1207,322.3603,418.5288,514.6973,顯著低估,14.8112,32.9394,20.9838,0.68,,19.29,297.5,745.61,2.9569,0.561,27.0,2026-10-23,ok,14.1102,25
2026-09-27,ASML,ASML Holding N.V. - New York Re,USD,1743.94,28.95,60.2397,59.9404,60.2435,3.2992,0.0907,1639.7626,1735.2746,1830.7865,高估~均值,29.4541,1499.0164,58.314,1.56,0.52,2758.529,935.41,1999.96,75.9504,0.5116,27.0,2026-10-23,ok,36.5159,25
2026-09-27,AVGO,Broadcom Inc.,USD,352.81,7.74,45.5827,49.9418,49.3534,3.6522,-1.1935,358.281,386.5493,414.8176,顯著低估,18.2012,16.8954,41.4283,0.35,0.74,32.905,289.96,495.0,30.6526,0.356,27.0,2026-10-23,ok,2.105,26
2026-09-27,BE,Bloom Energy Corporation,USD,288.7,0.75,384.9333,334.6711,338.5733,51.2429,0.9809,212.5711,251.0033,289.4355,高估~均值,58.5752,52.5387,115.2506,0.6,,203.491,70.89,351.28,77.6811,0.788,27.0,2026-10-23,ok,3.7699,25
2026-09-27,COHR,Coherent Corp.,USD,295.83,4.11,71.9781,79.8222,77.7226,11.6588,-0.6728,280.1516,328.0694,375.9873,均值~低估,21.1984,5.3111,728.5893,0.92,,42.033,105.02,440.0,56.9616,0.7421,27.0,2026-10-23,ok,14.6274,25
2026-09-27,CRM,"Salesforce, Inc.",USD,234.02,10.93,21.4108,17.7985,16.9995,3.0654,1.1784,161.0323,194.5373,228.0423,顯著高估,14.6201,5.0184,12.2285,0.8,0.75,17.332,146.32,269.11,71.4228,0.4125,27.0,2026-10-23,ok,46.6113,25
2026-09-27,CRWD,"CrowdStrike Holdings, Inc.",USD,252.13,0.03,8404.3335,6589.0731,6423.7083,852.6539,2.129,172.0926,197.6722,223.2518,顯著高估,157.0013,50.598,128.0188,8.31,,2377.002,85.68,263.87,93.4115,0.5371,27.0,2026-10-23,ok,53.9468,25
2026-09-27,CRWV,"CoreWeave, Inc.",USD,87.59,-3.55,,,,,,,,,無法判讀,-48.0648,9.6063,5.8157,,,24.91,60.55,153.2,29.1851,0.6919,27.0,2026-10-23,ok,2.1598,25
2026-09-27,DELL,Dell Technologies Inc.,USD,562.89,17.17,32.7833,25.5425,25.2548,4.1218,1.7567,367.7941,438.5652,509.3363,顯著高估,19.3319,-252.417,14.6111,0.63,0.45,21.528,110.22,595.51,93.2782,0.5976,27.0,2026-10-23,ok,2.9916,25
2026-09-27,GOOG,Alphabet Inc.,USD,341.08,19.92,17.1225,17.6327,17.4746,0.7873,-0.6481,335.5614,351.244,366.9266,均值~低估,22.8925,6.7015,10.153,1.22,0.26,23.491,236.685,404.47,62.2195,0.3124,27.0,2026-10-23,ok,31.533,25
2026-09-27,IGV,iShares Expanded Tech-Software ,USD,106.01,3.2158,32.9652,30.408,29.7794,2.1021,1.2165,91.0268,97.7867,104.5466,顯著高估,,0.2657,,,0.02,,73.93,117.76,73.1919,0.448,27.0,2026-10-23,ok,91.3382,25
2026-09-27,INTC,Intel Corporation,USD,123.0,-2.09,,,,,,,,,無法判讀,59.6485,7.0857,43.5318,1.36,,39.004,32.89,142.35,82.3223,0.7397,27.0,2026-10-23,ok,38.1614,25
2026-09-27,ISRG,"Intuitive Surgical, Inc.",USD,405.18,8.71,46.5189,44.9941,45.6958,3.044,0.501,365.3855,391.8983,418.4112,高估~均值,33.5093,7.8924,39.1666,1.86,,33.021,328.57,603.88,27.8268,0.5458,27.0,2026-10-23,ok,100.0,25
2026-09-27,LITE,Lumentum Holdings Inc.,USD,941.65,-92.94,,,,,,,,,無法判讀,27.2781,17.9656,112.4115,0.63,,104.157,147.81,1085.68,84.6429,0.7098,27.0,2026-10-23,ok,7.4226,25
2026-09-27,META,"Meta Platforms, Inc.",USD,751.66,26.53,28.3325,22.9788,22.4806,1.8683,2.8655,560.0603,609.6264,659.1926,顯著高估,21.4965,7.3318,12.7206,1.03,0.28,17.664,520.26,779.82,89.1509,0.4029,27.0,2026-10-23,ok,52.6772,25
2026-09-27,MRVL,"Marvell Technology, Inc.",USD,261.935,3.01,87.0233,77.7904,75.789,11.7941,0.7828,198.649,234.1492,269.6495,高估~均值,38.7636,12.5906,104.3938,1.38,0.09,81.06,70.69,329.88,73.7856,0.6543,27.0,2026-10-23,ok,16.9617,25
2026-09-27,MSFT,Microsoft Corporation,USD,516.17,17.96,28.74,24.5867,23.8138,2.8876,1.4383,389.7161,441.5773,493.4385,顯著高估,21.8015,8.6657,20.9519,1.62,0.76,20.0,349.2,553.72,81.6399,0.2819,27.0,2026-10-23,ok,12.7483,25
2026-09-27,MU,"Micron Technology, Inc.",USD,1082.28,44.27,24.4473,21.6621,21.6201,2.2203,1.2544,860.6903,958.983,1057.2757,顯著高估,6.7858,12.1311,23.7657,0.16,0.05,17.629,159.97,1255.0,84.2269,0.6194,27.0,2026-10-23,ok,7.557,25
2026-09-27,NBIS,Nebius Group N.V.,USD,237.33,-0.07,,,,,,,,,無法判讀,-67.9132,6.2916,10.7607,0.55,,260.489,73.52,299.86,72.3734,0.7664,27.0,2026-10-23,ok,1.5837,25
2026-09-27,NFLX,"Netflix, Inc.",USD,71.145,3.18,22.3742,24.2757,23.9733,1.6549,-1.149,71.9342,77.1967,82.4591,顯著低估,18.6575,9.8253,24.7471,1.23,,20.627,65.08,124.86,10.1455,0.4622,27.0,2026-10-23,ok,64.9678,25
2026-09-27,NOW,"ServiceNow, Inc.",USD,135.62,1.6,84.7625,73.0758,71.3688,9.8788,1.183,101.1152,116.9212,132.7273,顯著高估,27.0941,11.2027,26.4153,0.99,,49.707,81.24,192.966,48.6726,0.5596,27.0,2026-10-23,ok,54.497,25
2026-09-27,NVDA,NVIDIA Corporation,USD,225.07,7.9,28.4899,26.8746,26.8956,1.28,1.2619,202.1967,212.3091,222.4215,顯著高估,14.3515,23.734,40.4493,0.48,0.44,26.833,164.27,236.54,84.129,0.3184,27.0,2026-10-23,ok,2.3123,26
2026-09-27,ORCL,Oracle Corporation,USD,137.1,6.38,21.489,24.7108,23.1481,4.6921,-0.6866,127.7192,157.6549,187.5906,均值~低估,12.4668,6.7068,8.8316,0.78,1.46,16.031,114.5,322.54,10.8633,0.4857,27.0,2026-10-23,ok,17.5146,25
2026-09-27,PANW,"Palo Alto Networks, Inc.",USD,374.74,0.41,914.0,804.5431,821.9756,101.6621,1.0767,288.1812,329.8627,371.5441,顯著高估,76.8056,11.109,67.3264,1.99,,196.175,139.57,398.88,90.6907,0.5353,27.0,2026-10-23,ok,53.6988,25
2026-09-27,PLTR,Palantir Technologies Inc.,USD,189.67,1.17,162.1111,127.9524,117.3355,20.6882,1.6511,125.4991,149.7043,173.9095,顯著高估,81.6491,46.6249,128.335,1.85,,167.767,106.37,207.52,82.3529,0.4729,27.0,2026-10-23,ok,19.3792,25
2026-09-27,QQQ,"Invesco QQQ Trust, Series 1",USD,744.5,24.5347,30.3448,29.2175,29.2174,0.6705,1.6811,700.3909,716.8426,733.2942,顯著高估,,2.0809,,,0.42,,555.6,748.65,97.8503,0.1929,27.0,2026-10-23,ok,29.9134,25
2026-09-27,RKLB,Rocket Lab Corporation,USD,73.95,-0.29,,,,,,,,,無法判讀,1623.1343,12.667,,,,-279.559,37.57,151.0,32.0726,0.7107,27.0,2026-10-23,ok,22.6343,26
2026-09-27,SNDK,Sandisk Corporation,USD,1777.8,73.78,24.096,22.2607,21.9077,3.5437,0.5179,1380.9425,1642.3964,1903.8503,高估~均值,6.7472,16.8335,22.3035,,,20.27,103.348,2354.39,74.3856,0.7128,27.0,2026-10-23,ok,4.2307,25
2026-09-27,SOXX,iShares PHLX SOX Semiconductor ,USD,572.68,13.6039,42.0968,40.4272,40.0577,2.8654,0.5827,510.9874,549.9674,588.9475,高估~均值,,1.3504,,,0.29,,260.44,655.95,78.9462,0.4378,27.0,2026-10-23,ok,21.4961,25
2026-09-27,SPCX,Space Exploration Technologies ,USD,148.68,-1.1,,,,,,,,,無法判讀,85.2939,15.3977,115.5843,,,654.474,104.83,225.64,36.2967,0.4659,27.0,2026-10-23,ok,1.1593,25
2026-09-27,SPOT,Spotify Technology S.A.,USD,510.01,18.11,28.1618,27.6476,27.4608,1.6258,0.3163,471.2547,500.6973,530.14,高估~均值,29.03,10.7048,31.4204,1.45,,36.65,405.0,740.0,31.3463,0.5345,27.0,2026-10-23,ok,73.1673,25
2026-09-27,SPY,State Street SPDR S&P 500 ETF T,USD,771.35,30.9505,24.9221,24.3777,24.3843,0.4275,1.2732,741.2697,754.5023,767.735,顯著高估,,1.7971,,,0.98,,629.28,779.37,94.6565,0.1352,27.0,2026-10-23,ok,16.1722,25
2026-09-27,TRV,"The Travelers Companies, Inc.",USD,363.04,37.21,9.7565,9.3249,9.7638,0.8509,0.5072,315.3165,346.9797,378.6428,高估~均值,11.9913,2.2865,6.8675,2.36,1.38,6.945,252.26,398.7,75.6487,0.3009,20.0,2026-10-16,ok,76.7519,25
2026-09-27,TSLA,"Tesla, Inc.",USD,372.11,1.08,344.5463,346.5377,347.6065,33.1128,-0.0601,338.4988,374.2607,410.0225,均值~低估,171.2512,16.9179,78.6549,4.52,,134.159,297.38,498.83,37.0961,0.4582,27.0,2026-10-23,ok,30.1798,25
2026-09-27,TSM,Taiwan Semiconductor Manufactur,USD,450.61,13.43,33.5525,31.6283,31.4516,1.2786,1.505,407.5964,424.7676,441.9387,顯著高估,20.5522,92.1669,0.887,0.85,0.9,5.143,266.82,479.0,86.6199,0.3507,27.0,2026-10-23,ok,14.847,25
2026-09-27,UBER,"Uber Technologies, Inc.",USD,69.62,4.56,15.2675,15.9793,15.8399,0.6479,-1.0986,69.9112,72.8656,75.8199,顯著低估,15.7744,5.1994,13.6419,5.9,,20.421,65.41,101.295,11.7319,0.3457,27.0,2026-10-23,ok,21.4928,25
2026-09-27,VRT,"Vertiv Holdings, LLC",USD,253.28,4.43,57.1738,64.9022,65.5971,6.785,-1.139,257.4593,287.5168,317.5743,顯著低估,27.7647,20.4936,29.071,0.83,0.1,36.486,141.4,379.935,46.903,0.555,27.0,2026-10-23,ok,12.0727,25
2026-09-27,XLI,State Street Industrial Select ,USD,170.43,6.1593,27.6703,28.8745,29.0194,0.8697,-1.3847,172.4907,177.8472,183.2038,顯著低估,,1.7323,,,1.18,,147.14,188.19,56.7357,0.3021,27.0,2026-10-23,ok,72.2895,25
2026-09-27,XLV,State Street Health Care Select,USD,170.7,5.5971,30.4978,28.9076,29.0194,1.4652,1.0854,153.5984,161.7992,170.0,顯著高估,,,,,1.49,,134.74,176.6,85.9054,0.2701,27.0,2026-10-23,ok,76.0875,24
2026-09-28,000660.KS,SK hynix,KRW,1862000.0,,,,,,,,,,無法判讀,3.9393,,10.4136,0.2,0.08,8.757,0.0,2987000.0,62.3368,,,,no_market,,0
2026-09-28,2330.TW,TAIWAN SEMICONDUCTOR MANUFACTUR,TWD,2475.0,85.39,28.9847,27.9554,28.0771,0.7871,1.3076,2319.8995,2387.1111,2454.3227,顯著高估,17.3124,9.9778,24.3607,0.74,1.13,19.503,1300.0,2535.0,95.1417,,,,no_market,,0
2026-09-28,AAPL,Apple Inc.,USD,341.07,8.73,39.0687,35.9417,35.7658,1.7284,1.8092,298.6822,313.7709,328.8596,顯著高估,35.5824,46.341,33.9252,2.74,0.32,29.767,243.42,345.34,95.8104,0.2764,33.0,2026-10-30,ok,67.991,27
2026-09-28,ADBE,Adobe Inc.,USD,235.47,17.92,13.1401,13.6032,13.8881,1.4154,-0.3272,218.4045,243.7691,269.1337,均值~低估,8.5089,7.8263,8.6618,0.57,,9.357,190.12,363.7,26.1263,0.5037,33.0,2026-10-30,ok,69.1333,26
2026-09-28,AMD,"Advanced Micro Devices, Inc.",USD,630.63,3.91,161.2864,130.0417,129.3785,10.9082,2.8643,465.8121,508.4631,551.1141,顯著高估,40.4813,15.3099,102.1317,0.64,,106.741,159.33,639.0,98.2551,0.5503,33.0,2026-10-30,ok,15.7347,26
2026-09-28,AMZN,"Amazon.com, Inc.",USD,249.67,12.43,20.0861,20.3345,20.2852,1.0386,-0.2392,239.8476,252.7574,265.6672,均值~低估,23.8348,4.8806,16.6851,1.48,,16.705,196.0,287.2,58.8487,0.4133,33.0,2026-10-30,ok,66.3502,26
2026-09-28,APP,Applovin Corporation,USD,310.75,13.02,23.8671,32.1451,32.1052,7.3862,-1.1207,322.3603,418.5288,514.6973,顯著低估,14.8112,32.9394,20.8954,0.67,,19.29,297.5,745.61,2.9569,0.5955,33.0,2026-10-30,ok,20.1335,26
2026-09-28,ASML,ASML Holding N.V. - New York Re,USD,1743.94,28.95,60.2397,59.9404,60.2435,3.2992,0.0907,1639.7626,1735.2746,1830.7865,高估~均值,29.5999,1496.8582,58.314,1.59,0.52,2758.529,935.41,1999.96,75.9504,0.5223,33.0,2026-10-30,ok,40.591,26
2026-09-28,AVGO,Broadcom Inc.,USD,352.81,7.85,44.9439,49.242,48.6618,3.6011,-1.1935,358.281,386.5493,414.8176,顯著低估,18.2036,16.8954,41.4283,0.35,0.74,32.905,289.96,495.0,30.6526,0.3708,33.0,2026-10-30,ok,7.1001,27
2026-09-28,BE,Bloom Energy Corporation,USD,288.7,0.77,374.9351,325.9784,329.7792,49.912,0.9809,212.5711,251.0033,289.4355,高估~均值,58.5752,52.5387,115.2506,0.65,,203.491,70.89,351.28,77.6811,0.8738,33.0,2026-10-30,ok,11.6535,26
2026-09-28,COHR,Coherent Corp.,USD,295.83,4.11,71.9781,79.8222,77.7226,11.6588,-0.6728,280.1516,328.0694,375.9873,均值~低估,21.1984,5.3111,728.5893,0.92,,42.033,105.02,440.0,56.9616,0.7686,33.0,2026-10-30,ok,20.1714,26
2026-09-28,CRM,"Salesforce, Inc.",USD,234.02,10.93,21.4108,17.7985,16.9995,3.0654,1.1784,161.0323,194.5373,228.0423,顯著高估,14.6201,5.0184,12.2285,0.78,0.75,17.332,146.32,269.11,71.4228,0.4287,33.0,2026-10-30,ok,50.9886,26
2026-09-28,CRWD,"CrowdStrike Holdings, Inc.",USD,252.13,0.03,8404.3335,6589.0731,6423.7083,852.6539,2.129,172.0926,197.6722,223.2518,顯著高估,157.0013,50.598,128.0188,8.07,,2377.002,85.68,263.87,93.4115,0.5482,33.0,2026-10-30,ok,56.5954,26
2026-09-28,CRWV,"CoreWeave, Inc.",USD,87.59,-3.55,,,,,,,,,無法判讀,-48.0648,9.6063,5.8157,,,24.91,60.55,153.2,29.1851,0.7009,33.0,2026-10-30,ok,3.7859,26
2026-09-28,DELL,Dell Technologies Inc.,USD,562.89,17.17,32.7833,25.5425,25.2548,4.1218,1.7567,367.7941,438.5652,509.3363,顯著高估,19.3319,-252.417,14.6111,0.66,0.45,21.528,110.22,595.51,93.2782,0.6202,33.0,2026-10-30,ok,9.5071,26
2026-09-28,GOOG,Alphabet Inc.,USD,341.08,19.92,17.1225,17.6327,17.4746,0.7873,-0.6481,335.5614,351.244,366.9266,均值~低估,22.5869,6.7015,10.153,1.22,0.26,23.491,236.685,404.47,62.2195,0.4019,33.0,2026-10-30,ok,77.7981,26
2026-09-28,IGV,iShares Expanded Tech-Software ,USD,106.01,3.2158,32.9652,30.408,29.7794,2.1021,1.2165,91.0268,97.7867,104.5466,顯著高估,,0.2657,,,0.02,,73.93,117.76,73.1919,0.4104,33.0,2026-10-30,ok,77.9345,26
2026-09-28,INTC,Intel Corporation,USD,123.0,-2.09,,,,,,,,,無法判讀,59.6485,7.0857,43.5318,1.36,,39.004,32.89,142.35,82.3223,0.7662,33.0,2026-10-30,ok,43.5541,26
2026-09-28,ISRG,"Intuitive Surgical, Inc.",USD,405.18,8.72,46.4656,44.9425,45.6433,3.0405,0.501,365.3855,391.8983,418.4112,高估~均值,33.5093,7.8924,39.1666,1.89,,33.021,328.57,603.88,27.8268,0.5157,33.0,2026-10-30,ok,90.1019,26
2026-09-28,LITE,Lumentum Holdings Inc.,USD,941.65,-92.94,,,,,,,,,無法判讀,27.2781,17.9656,112.4115,0.63,,104.157,147.81,1085.68,84.6429,0.7323,33.0,2026-10-30,ok,11.877,26
2026-09-28,META,"Meta Platforms, Inc.",USD,751.66,26.53,28.3325,22.9788,22.4806,1.8683,2.8655,560.0603,609.6264,659.1926,顯著高估,21.4965,7.3318,12.7206,0.99,0.28,17.664,520.26,779.82,89.1509,0.4879,33.0,2026-10-30,ok,79.3439,26
2026-09-28,MRVL,"Marvell Technology, Inc.",USD,261.935,3.01,87.0233,77.7904,75.789,11.7941,0.7828,198.649,234.1492,269.6495,高估~均值,38.7636,12.3934,104.3938,1.39,0.09,81.06,70.69,329.88,73.7856,0.661,33.0,2026-10-30,ok,18.1274,26
2026-09-28,MSFT,Microsoft Corporation,USD,516.17,17.96,28.74,24.5867,23.8138,2.8876,1.4383,389.7161,441.5773,493.4385,顯著高估,21.8015,8.6657,20.9519,1.68,0.76,20.0,349.2,553.72,81.6399,0.3547,33.0,2026-10-30,ok,46.5055,26
2026-09-28,MU,"Micron Technology, Inc.",USD,1082.28,44.27,24.4473,21.6621,21.6201,2.2203,1.2544,860.6903,958.983,1057.2757,顯著高估,6.7858,12.1311,23.7657,0.16,0.05,17.629,159.97,1255.0,84.2269,0.6323,33.0,2026-10-30,ok,10.1471,26
2026-09-28,NBIS,Nebius Group N.V.,USD,237.33,-0.07,,,,,,,,,無法判讀,-67.9132,6.2916,9.9485,0.54,,260.489,73.52,299.86,72.3734,0.7883,33.0,2026-10-30,ok,3.8341,26
2026-09-28,NFLX,"Netflix, Inc.",USD,71.145,3.18,22.3742,24.2757,23.9733,1.6549,-1.149,71.9342,77.1967,82.4591,顯著低估,18.6575,9.8253,24.7471,1.22,,20.627,65.08,124.86,10.1455,0.4482,33.0,2026-10-30,ok,58.6966,26
2026-09-28,NOW,"ServiceNow, Inc.",USD,135.62,1.6,84.7625,73.0758,71.3688,9.8788,1.183,101.1152,116.9212,132.7273,顯著高估,27.0941,11.2027,26.4153,0.98,,49.707,81.24,192.966,48.6726,0.6171,33.0,2026-10-30,ok,65.9501,26
2026-09-28,NVDA,NVIDIA Corporation,USD,225.07,7.9,28.4899,26.8746,26.8956,1.28,1.2619,202.1967,212.3091,222.4215,顯著高估,14.3515,23.734,40.4493,0.47,0.44,26.833,164.27,236.54,84.129,0.3328,33.0,2026-10-30,ok,8.4054,27
2026-09-28,ORCL,Oracle Corporation,USD,137.1,6.38,21.489,24.7108,23.1481,4.6921,-0.6866,127.7192,157.6549,187.5906,均值~低估,12.4668,10.5138,8.8316,0.77,1.46,16.031,114.5,322.54,10.8633,0.5278,33.0,2026-10-30,ok,26.8961,26
2026-09-28,PANW,"Palo Alto Networks, Inc.",USD,374.74,0.41,914.0,804.5431,821.9756,101.6621,1.0767,288.1812,329.8627,371.5441,顯著高估,76.8056,11.109,67.3264,1.91,,196.175,139.57,398.88,90.6907,0.5413,33.0,2026-10-30,ok,54.7968,26
2026-09-28,PLTR,Palantir Technologies Inc.,USD,189.67,1.17,162.1111,127.9524,117.3355,20.6882,1.6511,125.4991,149.7043,173.9095,顯著高估,81.6491,46.6249,128.335,1.83,,167.767,106.37,207.52,82.3529,0.4899,33.0,2026-10-30,ok,24.3609,26
2026-09-28,QQQ,"Invesco QQQ Trust, Series 1",USD,744.5,24.5347,30.3448,29.2175,29.2174,0.6705,1.6811,700.3909,716.8426,733.2942,顯著高估,,2.0809,,,0.42,,555.6,748.65,97.8503,0.2086,33.0,2026-10-30,ok,40.3776,26
2026-09-28,RKLB,Rocket Lab Corporation,USD,73.95,-0.27,,,,,,,,,無法判讀,1623.1343,12.667,,,,-279.559,37.57,151.0,32.0726,0.7146,33.0,2026-10-30,ok,23.3124,27
2026-09-28,SNDK,Sandisk Corporation,USD,1777.8,73.78,24.096,22.2607,21.9077,3.5437,0.5179,1380.9425,1642.3964,1903.8503,高估~均值,6.7472,16.8335,22.3035,,,20.27,103.348,2354.39,74.3856,0.7465,33.0,2026-10-30,ok,7.6241,26
2026-09-28,SOXX,iShares PHLX SOX Semiconductor ,USD,572.68,13.6039,42.0968,40.4272,40.0577,2.8654,0.5827,510.9874,549.9674,588.9475,高估~均值,,1.3504,,,0.29,,260.44,655.95,78.9462,0.4748,33.0,2026-10-30,ok,33.3433,26
2026-09-28,SPCX,Space Exploration Technologies ,USD,148.68,-1.1,,,,,,,,,無法判讀,85.2939,15.3977,113.7086,,,654.474,104.83,225.64,36.2967,0.4893,33.0,2026-10-30,ok,4.5179,26
2026-09-28,SPOT,Spotify Technology S.A.,USD,510.01,18.11,28.1618,27.6476,27.4608,1.6258,0.3163,471.2547,500.6973,530.14,高估~均值,29.03,10.9235,31.4259,1.44,,36.65,405.0,740.0,31.3463,0.5464,33.0,2026-10-30,ok,77.1001,26
2026-09-28,SPY,State Street SPDR S&P 500 ETF T,USD,771.35,30.9505,24.9221,24.3777,24.3843,0.4275,1.2732,741.2697,754.5023,767.735,顯著高估,,1.7971,,,0.98,,629.28,779.37,94.6565,0.1477,33.0,2026-10-30,ok,24.0712,26
2026-09-28,TRV,"The Travelers Companies, Inc.",USD,363.04,37.21,9.7565,9.3249,9.7638,0.8509,0.5072,315.3165,346.9797,378.6428,高估~均值,11.9913,2.2865,6.8675,2.36,1.38,6.945,252.26,398.7,75.6487,0.3084,19.0,2026-10-16,ok,81.2729,26
2026-09-28,TSLA,"Tesla, Inc.",USD,372.11,1.08,344.5463,346.5377,347.6065,33.1128,-0.0601,338.4988,374.2607,410.0225,均值~低估,171.2512,16.9179,78.6549,4.45,,134.159,297.38,498.83,37.0961,0.4636,33.0,2026-10-30,ok,32.1519,26
2026-09-28,TSM,Taiwan Semiconductor Manufactur,USD,450.61,13.43,33.5525,31.6283,31.4516,1.2786,1.505,407.5964,424.7676,441.9387,顯著高估,20.5522,92.5337,0.887,0.86,0.9,5.143,266.82,479.0,86.6199,0.3547,33.0,2026-10-30,ok,16.4764,26
2026-09-28,UBER,"Uber Technologies, Inc.",USD,69.62,4.56,15.2675,15.9793,15.8399,0.6479,-1.0986,69.9112,72.8656,75.8199,顯著低估,15.7744,5.1994,13.6419,5.94,,20.421,65.41,101.295,11.7319,0.3655,33.0,2026-10-30,ok,27.5551,26
2026-09-28,VRT,"Vertiv Holdings, LLC",USD,253.28,4.42,57.3032,65.049,65.7455,6.8003,-1.139,257.4593,287.5168,317.5743,顯著低估,27.7647,20.4936,29.071,0.85,0.1,36.486,141.4,379.935,46.903,0.6473,33.0,2026-10-30,ok,39.4486,26
2026-09-28,XLI,State Street Industrial Select ,USD,170.43,6.1593,27.6703,28.8745,29.0194,0.8697,-1.3847,172.4907,177.8472,183.2038,顯著低估,,1.7323,,,1.18,,147.14,188.19,56.7357,0.3008,33.0,2026-10-30,ok,71.7746,26
2026-09-28,XLV,State Street Health Care Select,USD,170.7,5.5971,30.4978,28.9076,29.0194,1.4652,1.0854,153.5984,161.7992,170.0,顯著高估,,1.3414,,,1.49,,134.74,176.6,85.9054,0.3197,33.0,2026-10-30,ok,100.0,25
2026-09-29,000660.KS,SK hynix,KRW,1768000.0,,,,,,,,,,無法判讀,3.7404,,9.8879,0.2,0.08,8.292,0.0,2987000.0,59.1898,,,,no_market,,0
2026-09-29,2330.TW,TAIWAN SEMICONDUCTOR MANUFACTUR,TWD,2475.0,85.39,28.9847,27.9554,28.0771,0.7871,1.3076,2319.8995,2387.1111,2454.3227,顯著高估,17.3129,9.9778,24.3607,0.74,1.13,19.503,1300.0,2535.0,95.1417,,,,no_market,,0
2026-09-29,AAPL,Apple Inc.,USD,338.4,8.73,38.7629,35.9919,35.7915,1.7441,1.5888,298.9831,314.209,329.4349,顯著高估,35.3039,45.9783,33.6596,2.74,0.32,29.767,243.42,345.34,93.1907,0.281,32.0,2026-10-30,ok,71.0508,28
2026-09-29,ADBE,Adobe Inc.,USD,231.01,17.92,12.8912,13.5883,13.8597,1.4158,-0.4924,218.1313,243.5027,268.874,均值~低估,8.3478,7.6781,8.4977,0.57,,9.357,190.12,363.7,23.5569,0.4393,32.0,2026-10-30,ok,52.2371,27
2026-09-29,AMD,"Advanced Micro Devices, Inc.",USD,607.87,3.91,155.4655,130.5925,129.5767,10.9267,2.2763,467.8933,510.6167,553.3401,顯著高估,39.0203,14.7573,98.4457,0.64,,106.741,159.33,639.0,93.5101,0.5301,32.0,2026-10-30,ok,10.9879,27
2026-09-29,AMZN,"Amazon.com, Inc.",USD,246.15,12.43,19.8029,20.3227,20.2365,1.0385,-0.5005,239.7018,252.6109,265.52,均值~低估,23.4988,4.8118,16.4498,1.48,,16.705,196.0,287.2,54.989,0.4115,32.0,2026-10-30,ok,65.6712,27
2026-09-29,APP,Applovin Corporation,USD,308.24,13.02,23.6743,32.0011,31.8944,7.424,-1.1216,319.9945,416.6548,513.3151,顯著低估,14.6915,32.6733,20.7266,0.67,,19.29,297.5,745.61,2.3967,0.5756,32.0,2026-10-30,ok,16.6626,27
2026-09-29,ASML,ASML Holding N.V. - New York Re,USD,1771.41,28.95,61.1886,60.0601,60.2551,3.1413,0.3592,1647.8004,1738.7409,1829.6814,高估~均值,30.0688,1520.5697,59.2326,1.59,0.52,2758.529,935.41,1999.96,78.5308,0.5282,32.0,2026-10-30,ok,42.8485,27
2026-09-29,AVGO,Broadcom Inc.,USD,349.57,7.85,44.5312,49.1549,48.5879,3.6193,-1.2775,357.4541,385.866,414.2779,顯著低估,18.0364,16.7403,41.0478,0.35,0.74,32.905,289.96,495.0,29.0724,0.3723,32.0,2026-10-30,ok,7.6058,28
2026-09-29,BE,Bloom Energy Corporation,USD,262.87,0.78,337.0128,321.8209,325.5513,49.2784,0.3083,212.5832,251.0203,289.4575,高估~均值,53.3344,47.838,104.9391,0.65,,203.491,70.89,351.28,68.4689,0.8313,32.0,2026-10-30,ok,7.7481,27
2026-09-29,COHR,Coherent Corp.,USD,282.45,4.11,68.7226,79.6298,77.1995,11.6979,-0.9324,279.2002,327.2786,375.3569,均值~低估,20.2396,5.0709,695.6362,0.92,,42.033,105.02,440.0,52.9673,0.7144,32.0,2026-10-30,ok,8.8146,27
2026-09-29,CRM,"Salesforce, Inc.",USD,227.27,10.93,20.7932,17.8471,17.0503,3.0779,0.9572,161.4272,195.069,228.7108,高估~均值,14.1984,4.8737,11.8758,0.78,0.75,17.332,146.32,269.11,65.9256,0.4642,32.0,2026-10-30,ok,60.5494,27
2026-09-29,CRWD,"CrowdStrike Holdings, Inc.",USD,259.25,0.03,8641.6667,6627.9731,6452.7499,865.5954,2.3264,172.8713,198.8392,224.8071,顯著高估,161.4349,52.0269,131.634,8.07,,2377.002,85.68,263.87,97.4073,0.5641,32.0,2026-10-30,ok,60.3937,27
2026-09-29,CRWV,"CoreWeave, Inc.",USD,85.07,-3.55,,,,,,,,,無法判讀,-46.682,9.3299,5.6484,,,24.91,60.55,153.2,26.4652,0.7283,32.0,2026-10-30,ok,8.7082,27
2026-09-29,DELL,Dell Technologies Inc.,USD,543.43,17.17,31.65,25.742,25.3011,3.974,1.4867,373.7556,441.9893,510.223,顯著高估,18.6636,-243.6906,14.106,0.66,0.45,21.528,110.22,595.51,89.2683,0.5994,32.0,2026-10-30,ok,3.5198,27
2026-09-29,GOOG,Alphabet Inc.,USD,339.16,19.92,17.0261,17.6072,17.4096,0.7689,-0.7558,335.4192,350.7358,366.0523,均值~低估,22.5033,6.6638,10.0958,1.22,0.26,23.491,236.685,404.47,61.0752,0.3749,32.0,2026-10-30,ok,63.8807,27
2026-09-29,IGV,iShares Expanded Tech-Software ,USD,105.43,3.2158,32.7848,30.4546,30.0499,2.1078,1.1055,91.158,97.9364,104.7149,顯著高估,,0.2642,,,0.02,,73.93,117.76,71.8686,0.3823,32.0,2026-10-30,ok,67.9253,27
2026-09-29,INTC,Intel Corporation,USD,116.03,-2.09,,,,,,,,,無法判讀,56.2684,6.6841,41.065,1.36,,39.004,32.89,142.35,75.9547,0.7405,32.0,2026-10-30,ok,38.3105,27
2026-09-29,ISRG,"Intuitive Surgical, Inc.",USD,414.79,8.71,47.6223,44.9599,45.6958,2.9961,0.8886,365.5047,391.6007,417.6966,高估~均值,34.3041,8.0796,40.0956,1.89,,33.021,328.57,603.88,31.3174,0.4888,32.0,2026-10-30,ok,81.2725,27
2026-09-29,LITE,Lumentum Holdings Inc.,USD,921.32,-92.94,,,,,,,,,無法判讀,26.5399,17.5777,109.9846,0.63,,104.157,147.81,1085.68,82.4752,0.6997,32.0,2026-10-30,ok,5.4366,27
2026-09-29,META,"Meta Platforms, Inc.",USD,715.62,26.53,26.974,23.0261,22.4806,1.9149,2.0617,560.0796,610.8821,661.6846,顯著高估,20.5476,6.9803,12.1107,0.99,0.28,17.664,520.26,779.82,75.2658,0.467,32.0,2026-10-30,ok,72.7826,27
2026-09-29,MRVL,"Marvell Technology, Inc.",USD,251.9,3.01,83.6877,78.0696,76.2458,11.6301,0.4831,199.9831,234.9896,269.996,高估~均值,37.213,11.9186,100.3944,1.39,0.09,81.06,70.69,329.88,69.914,0.6491,32.0,2026-10-30,ok,16.0526,27
2026-09-29,MSFT,Microsoft Corporation,USD,509.22,17.96,28.353,24.6435,24.2027,2.911,1.2743,390.3155,442.5973,494.8791,顯著高估,21.508,8.549,20.6698,1.68,0.76,20.0,349.2,553.72,78.2417,0.3623,32.0,2026-10-30,ok,50.0142,27
2026-09-29,MU,"Micron Technology, Inc.",USD,1053.98,44.27,23.808,21.7513,21.65,2.1413,0.9605,868.135,962.9301,1057.7253,高估~均值,6.5426,11.8139,23.1443,0.16,0.05,17.629,159.97,1255.0,81.6425,0.6112,32.0,2026-10-30,ok,5.9151,27
2026-09-29,NBIS,Nebius Group N.V.,USD,231.88,-0.07,,,,,,,,,無法判讀,-66.3536,6.1471,9.72,0.54,,260.489,73.52,299.86,69.9655,0.7686,32.0,2026-10-30,ok,1.8094,27
2026-09-29,NFLX,"Netflix, Inc.",USD,69.23,3.18,21.7704,24.2055,23.9324,1.625,-1.4985,71.8059,76.9733,82.1407,顯著低估,18.1553,9.5608,24.081,1.22,,20.627,65.08,124.86,6.9421,0.4627,32.0,2026-10-30,ok,65.1879,27
2026-09-29,NOW,"ServiceNow, Inc.",USD,131.45,1.6,82.1562,73.2815,71.8594,9.8729,0.8989,101.4537,117.2503,133.047,高估~均值,26.2611,10.8583,25.6031,0.98,,49.707,81.24,192.966,44.9403,0.5994,32.0,2026-10-30,ok,62.4242,27
2026-09-29,NVDA,NVIDIA Corporation,USD,228.86,7.9,28.9696,26.8862,26.8956,1.2943,1.6097,202.1755,212.4008,222.626,顯著高估,14.5932,24.1337,41.1304,0.47,0.44,26.833,164.27,236.54,89.3732,0.3274,32.0,2026-10-30,ok,6.1334,28
2026-09-29,ORCL,Oracle Corporation,USD,132.6,6.38,20.7837,24.6257,23.0901,4.6931,-0.8186,127.1698,157.112,187.0542,均值~低估,12.0576,10.1687,8.5417,0.77,1.46,16.031,114.5,322.54,8.7002,0.5277,32.0,2026-10-30,ok,26.8689,27
2026-09-29,PANW,"Palo Alto Networks, Inc.",USD,392.09,0.41,956.3171,808.6612,823.5976,100.1931,1.4737,290.4719,331.5511,372.6303,顯著高估,80.3616,11.6233,70.4436,1.91,,196.175,139.57,398.88,97.3815,0.514,32.0,2026-10-30,ok,49.7483,27
2026-09-29,PLTR,Palantir Technologies Inc.,USD,187.48,1.17,160.2393,128.4483,119.2799,20.9226,1.5195,125.8051,150.2845,174.7639,顯著高估,80.7063,46.0865,126.8532,1.83,,167.767,106.37,207.52,80.1878,0.4788,32.0,2026-10-30,ok,21.0995,27
2026-09-29,QQQ,"Invesco QQQ Trust, Series 1",USD,736.53,24.5347,30.0199,29.2334,29.2247,0.6725,1.1697,700.7322,717.2314,733.7307,顯著高估,,2.0586,,,0.42,,555.6,748.65,93.7218,0.2073,32.0,2026-10-30,ok,39.5124,27
2026-09-29,RKLB,Rocket Lab Corporation,USD,72.19,-0.27,,,,,,,,,無法判讀,1584.504,12.3655,,,,-279.559,37.57,151.0,30.521,0.7014,32.0,2026-10-30,ok,21.024,28
2026-09-29,SNDK,Sandisk Corporation,USD,1712.89,73.78,23.2162,22.3104,21.9808,3.5252,0.257,1385.97,1646.0586,1906.1472,高估~均值,6.5009,16.2189,21.4891,,,20.27,103.348,2354.39,71.5021,0.7127,32.0,2026-10-30,ok,4.2138,27
2026-09-29,SOXX,iShares PHLX SOX Semiconductor ,USD,560.79,13.6039,41.2228,40.4795,40.3205,2.836,0.2621,512.0991,550.6791,589.2591,高估~均值,,1.3223,,,0.29,,260.44,655.95,75.9399,0.4332,32.0,2026-10-30,ok,20.0201,27
2026-09-29,SPCX,Space Exploration Technologies ,USD,145.47,-1.1,,,,,,,,,無法判讀,83.4524,15.0652,111.2536,,,654.474,104.83,225.64,33.6396,0.4718,32.0,2026-10-30,ok,2.0033,27
2026-09-29,SPOT,Spotify Technology S.A.,USD,497.51,18.11,27.4716,27.6819,27.4763,1.5883,-0.1324,472.5551,501.3187,530.0822,均值~低估,28.3521,10.7094,30.6557,1.44,,36.65,405.0,740.0,27.6149,0.564,32.0,2026-10-30,ok,82.8938,27
2026-09-29,SPY,State Street SPDR S&P 500 ETF T,USD,765.61,30.9505,24.7366,24.3892,24.388,0.4231,0.8211,741.7602,754.8566,767.9529,高估~均值,,1.7837,,,0.98,,629.28,779.37,90.8322,0.1479,32.0,2026-10-30,ok,24.1483,27
2026-09-29,TRV,"The Travelers Companies, Inc.",USD,363.16,37.21,9.7597,9.3421,9.7654,0.8438,0.4949,316.2232,347.6201,379.017,高估~均值,11.9953,2.2872,6.8698,2.36,1.38,6.945,252.26,398.7,75.7307,0.3082,18.0,2026-10-16,ok,81.1618,27
2026-09-29,TSLA,"Tesla, Inc.",USD,357.45,1.08,330.9722,346.0576,347.4167,33.0207,-0.4568,338.0799,373.7422,409.4045,均值~低估,165.2566,16.2514,75.5561,4.45,,134.159,297.38,498.83,29.8188,0.4637,32.0,2026-10-30,ok,32.2083,27
2026-09-29,TSM,Taiwan Semiconductor Manufactur,USD,452.88,13.43,33.7215,31.6781,31.5212,1.2716,1.6069,408.3593,425.4372,442.5151,顯著高估,20.6558,92.9998,0.8915,0.86,0.9,5.143,266.82,479.0,87.6897,0.3682,32.0,2026-10-30,ok,21.8914,27
2026-09-29,UBER,"Uber Technologies, Inc.",USD,68.16,4.56,14.9474,15.9648,15.8311,0.6563,-1.5504,69.8071,72.7997,75.7922,顯著低估,15.4436,5.0904,13.3558,5.94,,20.421,65.41,101.295,7.6634,0.5049,32.0,2026-10-30,ok,70.2905,27
2026-09-29,VRT,"Vertiv Holdings, LLC",USD,244.04,4.43,55.088,64.7051,65.4537,6.8098,-1.4122,256.4762,286.6436,316.8109,顯著低估,26.7518,19.7459,28.0104,0.85,0.1,36.486,141.4,379.935,43.0293,0.6574,32.0,2026-10-30,ok,42.4361,27
2026-09-29,XLI,State Street Industrial Select ,USD,168.78,6.1593,27.4024,28.8746,29.0194,0.8695,-1.6931,172.4919,177.8477,183.2035,顯著低估,,1.7156,,,1.18,,147.14,188.19,52.7162,0.2744,32.0,2026-10-30,ok,61.6646,27
2026-09-29,XLV,State Street Health Care Select,USD,171.26,5.5971,30.5979,28.9551,29.0435,1.4496,1.1332,153.9515,162.0652,170.1789,顯著高估,,1.3458,,,1.49,,134.74,176.6,87.2432,0.3298,32.0,2026-10-30,ok,100.0,26
2026-09-30,000660.KS,SK hynix,KRW,1765000.0,,,,,,,,,,無法判讀,3.7388,,9.8711,0.19,0.08,8.277,0.0,2987000.0,59.0894,,,,no_market,,0
2026-09-30,2330.TW,TAIWAN SEMICONDUCTOR MANUFACTUR,TWD,2475.0,85.39,28.9847,27.9873,28.1063,0.7697,1.2959,2324.1115,2389.8333,2455.5551,顯著高估,17.3129,9.9778,24.3607,0.74,1.13,19.503,1305.0,2535.0,95.122,,,,no_market,,0
2026-09-30,AAPL,Apple Inc.,USD,329.4,8.73,37.732,36.0264,35.8058,1.7474,0.976,299.2554,314.5107,329.7659,高估~均值,34.3649,44.7554,32.7644,2.71,0.32,29.535,243.42,345.34,84.3603,0.2811,31.0,2026-10-30,ok,71.1313,29
2026-09-30,ADBE,Adobe Inc.,USD,233.17,17.9,13.0263,13.591,13.7679,1.4175,-0.3984,217.9058,243.2782,268.6507,均值~低估,8.4258,7.7499,8.5772,0.56,,9.182,190.12,363.7,24.8012,0.4213,31.0,2026-10-30,ok,47.5126,28
2026-09-30,AMD,"Advanced Micro Devices, Inc.",USD,607.57,3.77,161.1592,135.9136,134.9363,11.5104,2.1933,469.0,512.3943,555.7886,顯著高估,39.0011,14.7501,98.3971,0.62,,102.855,159.33,639.0,93.4476,0.5199,31.0,2026-10-30,ok,8.6002,28
2026-09-30,AMZN,"Amazon.com, Inc.",USD,246.67,12.43,19.8447,20.3063,20.1613,1.0343,-0.4463,239.5513,252.4071,265.2629,均值~低估,23.5484,4.8219,16.4846,1.46,,16.48,196.0,287.2,55.5592,0.4185,31.0,2026-10-30,ok,68.3636,28
2026-09-30,APP,Applovin Corporation,USD,305.66,13.01,23.4942,31.8749,31.7145,7.4639,-1.1228,317.5875,414.6923,511.7972,顯著低估,14.5686,32.3998,20.5531,0.67,,19.135,297.5,738.01,1.8524,0.5723,31.0,2026-10-30,ok,16.0859,28
2026-09-30,ASML,ASML Holding N.V. - New York Re,USD,1834.39,28.87,63.5397,60.336,60.4477,3.091,1.0365,1652.6627,1741.8993,1831.1359,顯著高估,31.1721,1576.3615,61.3385,1.09,0.51,2801.987,935.41,1999.96,84.4469,0.522,31.0,2026-10-30,ok,40.4868,28
2026-09-30,AVGO,Broadcom Inc.,USD,355.1,7.85,45.2357,49.0662,48.4752,3.6165,-1.0592,356.7805,385.1698,413.559,顯著低估,18.3217,17.0051,41.6972,0.35,0.74,32.609,289.96,495.0,31.7694,0.3757,31.0,2026-10-30,ok,8.7513,29
2026-09-30,BE,Bloom Energy Corporation,USD,291.25,0.78,373.3974,321.9483,325.5513,49.3979,1.0415,212.5893,251.1197,289.6501,顯著高估,59.0925,53.0027,116.2686,0.59,,185.312,70.89,351.28,78.5905,0.8607,31.0,2026-10-30,ok,10.4516,28
2026-09-30,COHR,Coherent Corp.,USD,292.21,4.12,70.9248,79.2578,76.9745,11.6754,-0.7137,278.4395,326.542,374.6445,均值~低估,20.939,5.2461,719.6738,0.92,,40.192,105.02,440.0,55.8809,0.7059,31.0,2026-10-30,ok,7.0221,28
2026-09-30,CRM,"Salesforce, Inc.",USD,225.31,10.93,20.6139,17.8931,17.1615,3.0881,0.8811,161.8182,195.5713,229.3244,高估~均值,14.0759,4.8317,11.7733,0.76,0.77,16.902,146.32,269.11,64.3293,0.4418,31.0,2026-10-30,ok,54.5266,28
2026-09-30,CRWD,"CrowdStrike Holdings, Inc.",USD,262.74,0.03,8757.9997,6665.0889,6476.6665,884.5218,2.3661,173.417,199.9527,226.4883,顯著高估,163.6082,52.7273,133.406,8.3,,2445.225,85.68,263.87,99.3658,0.5502,31.0,2026-10-30,ok,57.0757,28
2026-09-30,CRWV,"CoreWeave, Inc.",USD,85.93,-3.55,,,,,,,,,無法判讀,-47.1539,9.4242,5.7055,,,24.543,60.55,153.2,27.3934,0.7163,31.0,2026-10-30,ok,6.5547,28
2026-09-30,DELL,Dell Technologies Inc.,USD,539.59,17.17,31.4263,25.9339,25.3276,3.8221,1.437,379.6604,445.2856,510.9107,顯著高估,18.5317,-241.9686,14.0063,0.64,0.46,20.83,110.22,595.51,88.477,0.6003,31.0,2026-10-30,ok,3.784,28
2026-09-30,GOOG,Alphabet Inc.,USD,337.32,19.94,16.9168,17.563,17.3598,0.7493,-0.8626,335.2665,350.2071,365.1477,均值~低估,22.3813,6.6276,10.041,1.21,0.26,23.355,236.685,404.47,59.9785,0.3694,31.0,2026-10-30,ok,60.993,28
2026-09-30,IGV,iShares Expanded Tech-Software ,USD,105.22,3.2158,32.7195,30.4957,30.605,2.1156,1.0511,91.2653,98.0687,104.872,顯著高估,,0.2637,,,0.02,,73.93,117.76,71.3895,0.3536,31.0,2026-10-30,ok,57.6985,28
2026-09-30,INTC,Intel Corporation,USD,115.93,-2.09,,,,,,,,,無法判讀,56.2199,6.6784,41.0296,1.36,,36.916,32.89,142.35,75.8633,0.7266,31.0,2026-10-30,ok,35.4774,28
2026-09-30,ISRG,"Intuitive Surgical, Inc.",USD,412.18,8.92,46.2085,43.8555,44.62,2.855,0.8242,365.725,391.1912,416.6574,高估~均值,34.0882,8.0288,39.8433,1.93,,33.833,328.57,603.88,30.3694,0.4987,31.0,2026-10-30,ok,84.5196,28
2026-09-30,LITE,Lumentum Holdings Inc.,USD,973.49,-92.96,,,,,,,,,無法判讀,28.0427,18.5731,116.2125,0.63,,101.88,147.81,1085.68,88.0378,0.7012,31.0,2026-10-30,ok,5.7229,28
2026-09-30,META,"Meta Platforms, Inc.",USD,738.79,26.55,27.8264,23.0647,22.4637,1.9795,2.4055,559.8123,612.368,664.9237,顯著高估,21.1285,7.2063,12.5028,0.95,0.29,16.826,520.26,779.82,84.1925,0.4773,31.0,2026-10-30,ok,76.0058,28
2026-09-30,MRVL,"Marvell Technology, Inc.",USD,263.27,3.02,87.1755,78.0925,76.2268,11.5069,0.7894,201.0884,235.8392,270.59,高估~均值,38.8927,12.4566,104.9259,1.34,0.1,77.972,70.69,329.88,74.3007,0.6541,31.0,2026-10-30,ok,16.9296,28
2026-09-30,MSFT,Microsoft Corporation,USD,508.96,17.96,28.3385,24.6979,24.8204,2.934,1.2409,390.8797,443.574,496.2683,顯著高估,21.497,8.5446,20.6593,1.65,0.77,19.735,349.2,553.72,78.1146,0.371,31.0,2026-10-30,ok,54.0463,28
2026-09-30,MU,"Micron Technology, Inc.",USD,1065.08,44.27,24.0587,21.8349,21.6649,2.0814,1.0684,874.4885,966.6311,1058.7737,顯著高估,6.5952,11.9384,23.388,0.15,0.05,17.16,163.96,1255.0,82.5928,0.6239,31.0,2026-10-30,ok,8.4684,28
2026-09-30,NBIS,Nebius Group N.V.,USD,237.355,-0.07,,,,,,,,,無法判讀,-67.9203,6.2922,9.9495,0.54,,254.699,73.52,299.86,72.3845,0.8031,31.0,2026-10-30,ok,5.351,28
2026-09-30,NFLX,"Netflix, Inc.",USD,70.3,3.18,22.1069,24.1433,23.9072,1.5965,-1.2755,71.6988,76.7757,81.8525,顯著低估,18.4392,9.7086,24.4532,1.18,,20.085,65.08,124.86,8.732,0.4587,31.0,2026-10-30,ok,63.4275,28
2026-09-30,NOW,"ServiceNow, Inc.",USD,129.94,1.6,81.2125,73.4665,72.8063,9.8637,0.7853,101.7644,117.5463,133.3283,高估~均值,25.9594,10.7335,25.309,0.95,,48.219,81.24,192.966,43.5888,0.6019,31.0,2026-10-30,ok,62.9348,28
2026-09-30,NVDA,NVIDIA Corporation,USD,227.21,7.92,28.6881,26.8235,26.8277,1.2978,1.4368,202.1641,212.4423,222.7205,顯著高估,14.488,23.9597,40.8339,0.48,0.44,27.287,164.27,236.54,87.0901,0.3334,31.0,2026-10-30,ok,8.6636,29
2026-09-30,ORCL,Oracle Corporation,USD,137.79,6.38,21.5972,24.538,23.0149,4.6749,-0.6291,126.7265,156.5523,186.3782,均值~低估,12.5296,10.5667,8.8988,0.74,1.51,15.636,114.5,322.54,11.195,0.538,31.0,2026-10-30,ok,29.1531,28
2026-09-30,PANW,"Palo Alto Networks, Inc.",USD,388.41,0.39,995.9231,854.1695,867.6923,103.8491,1.365,292.625,333.1261,373.6273,顯著高估,79.6074,11.5142,69.7824,2.0,,205.273,139.57,398.88,95.9624,0.5124,31.0,2026-10-30,ok,49.4427,28
2026-09-30,PLTR,Palantir Technologies Inc.,USD,186.97,1.17,159.8034,128.9214,121.3248,21.1461,1.4604,126.0971,150.8381,175.579,顯著高估,80.4868,45.9612,126.5081,1.8,,165.79,106.37,207.52,79.6836,0.4689,31.0,2026-10-30,ok,18.1965,28
2026-09-30,QQQ,"Invesco QQQ Trust, Series 1",USD,737.93,24.5347,30.077,29.2446,29.2325,0.6781,1.2276,700.8703,717.5068,734.1433,顯著高估,,2.0626,,,0.42,,555.6,748.65,94.447,0.2107,31.0,2026-10-30,ok,41.7417,28
2026-09-30,RKLB,Rocket Lab Corporation,USD,69.7,-0.27,,,,,,,,,無法判讀,1529.8507,11.939,,,,-272.563,37.57,151.0,28.3258,0.6858,31.0,2026-10-30,ok,18.3118,29
2026-09-30,SNDK,Sandisk Corporation,USD,1729.76,73.83,23.429,22.346,22.0719,3.5056,0.3089,1390.9838,1649.8053,1908.6268,高估~均值,6.5649,16.3786,21.7008,,,19.516,112.0,2354.39,72.1445,0.7088,31.0,2026-10-30,ok,3.8183,28
2026-09-30,SOXX,iShares PHLX SOX Semiconductor ,USD,567.44,13.6039,41.7116,40.518,40.4723,2.8288,0.4219,512.7199,551.2028,589.6857,高估~均值,,1.338,,,0.29,,260.44,655.95,77.6213,0.4378,31.0,2026-10-30,ok,21.4961,28
2026-09-30,SPCX,Space Exploration Technologies ,USD,149.24,-1.1,,,,,,,,,無法判讀,85.6151,15.4557,114.1369,,,640.123,104.83,225.64,36.7602,0.4675,31.0,2026-10-30,ok,1.3879,28
2026-09-30,SPOT,Spotify Technology S.A.,USD,493.66,18.11,27.259,27.7189,27.4763,1.5378,-0.2991,474.1397,501.9891,529.8386,均值~低估,28.1327,10.6266,30.4185,1.41,,35.692,405.0,721.67,27.9976,0.5261,31.0,2026-10-30,ok,70.4012,28
2026-09-30,SPY,State Street SPDR S&P 500 ETF T,USD,764.2,30.9505,24.6911,24.3974,24.3903,0.4217,0.6963,742.0598,755.1116,768.1633,高估~均值,,1.7804,,,0.98,,629.28,779.37,89.8927,0.1545,31.0,2026-10-30,ok,28.3579,28
2026-09-30,TRV,"The Travelers Companies, Inc.",USD,363.21,37.22,9.7585,9.3564,9.7634,0.8366,0.4806,317.1079,348.2451,379.3823,高估~均值,11.9969,2.2875,6.8707,2.36,1.38,6.947,252.26,398.7,75.7648,0.322,17.0,2026-10-16,ok,89.5739,28
2026-09-30,TSLA,"Tesla, Inc.",USD,352.84,1.07,329.757,348.6228,350.0607,33.1073,-0.5698,337.6017,373.0264,408.4512,均值~低估,163.1253,16.0418,74.5817,4.27,,128.776,297.38,498.83,27.5304,0.4586,31.0,2026-10-30,ok,30.3263,28
2026-09-30,TSM,Taiwan Semiconductor Manufactur,USD,456.94,13.45,33.9732,31.6767,31.5442,1.2793,1.7952,408.8458,426.0519,443.258,顯著高估,20.841,93.8336,0.8995,0.86,0.9,5.172,266.82,479.0,89.6032,0.3606,31.0,2026-10-30,ok,18.8286,28
2026-09-30,UBER,"Uber Technologies, Inc.",USD,69.36,4.56,15.2105,15.9521,15.8257,0.6597,-1.1241,69.7334,72.7414,75.7495,顯著低估,15.6781,5.18,13.5909,5.81,,20.022,65.41,101.295,11.0074,0.3877,31.0,2026-10-30,ok,34.3659,28
2026-09-30,VRT,"Vertiv Holdings, LLC",USD,248.34,4.43,56.0587,64.5362,65.3589,6.8339,-1.2405,255.6213,285.8954,316.1695,顯著低估,27.2232,20.0939,28.504,0.82,0.1,35.158,144.0,379.935,44.224,0.6744,31.0,2026-10-30,ok,47.5057,28
2026-09-30,XLI,State Street Industrial Select ,USD,169.13,6.1593,27.4592,28.8717,29.0194,0.8738,-1.6164,172.4476,177.8299,183.2122,顯著低估,,1.7191,,,1.18,,147.14,188.19,53.5688,0.2496,31.0,2026-10-30,ok,52.1631,28
2026-09-30,XLV,State Street Health Care Select,USD,170.73,5.5971,30.5032,29.0019,29.1194,1.4304,1.0495,154.3212,162.3274,170.3337,顯著高估,,1.3416,,,1.49,,135.67,176.6,85.6584,0.2842,31.0,2026-10-30,ok,78.6355,27
2026-10-01,000660.KS,SK hynix,KRW,1776000.0,,,,,,,,,,無法判讀,3.7766,,9.9326,0.19,0.08,8.331,0.0,2987000.0,59.4576,,,,no_market,,0
2026-10-01,2330.TW,TAIWAN SEMICONDUCTOR MANUFACTUR,TWD,2480.0,85.56,28.9855,27.9609,28.0505,0.7575,1.3527,2327.5251,2392.3333,2457.1416,顯著高估,17.3479,9.998,24.4099,0.74,1.13,19.544,1325.0,2535.0,95.4545,,,,no_market,,0
2026-10-01,AAPL,Apple Inc.,USD,333.02,8.73,38.1466,36.0621,35.8528,1.7577,1.186,299.4776,314.8221,330.1667,顯著高估,34.7426,45.2473,33.1245,2.64,0.33,28.753,243.42,345.34,87.9121,0.29,30.0,2026-10-30,ok,77.0093,30
2026-10-01,ADBE,Adobe Inc.,USD,239.94,17.91,13.397,13.5808,13.7602,1.4168,-0.1297,217.8573,243.232,268.6067,均值~低估,8.6705,7.9749,8.8262,0.56,,9.266,190.12,363.7,28.7015,0.4332,30.0,2026-10-30,ok,50.6516,29
2026-10-01,AMD,"Advanced Micro Devices, Inc.",USD,611.76,3.95,154.876,130.1763,129.3291,11.1691,2.2114,470.0782,514.1962,558.3143,顯著高估,39.27,14.8518,99.0757,0.62,,102.804,160.49,639.0,94.3073,0.5223,30.0,2026-10-30,ok,9.1666,29
2026-10-01,AMZN,"Amazon.com, Inc.",USD,249.15,12.43,20.0442,20.289,20.113,1.0254,-0.2387,239.447,252.1926,264.9381,均值~低估,23.7836,4.8704,16.6503,1.46,,16.513,196.0,287.2,58.2785,0.4214,30.0,2026-10-30,ok,69.4639,29
2026-10-01,APP,Applovin Corporation,USD,290.43,13.02,22.3065,31.6836,31.4378,7.5022,-1.2499,314.8419,412.5206,510.1993,顯著低估,13.8427,30.7855,19.6117,0.66,,18.976,290.4,738.01,0.0067,0.593,30.0,2026-10-30,ok,19.6956,29
2026-10-01,ASML,ASML Holding N.V. - New York Re,USD,1811.67,28.98,62.5145,60.1912,60.2643,3.0396,0.7644,1656.2528,1744.3401,1832.4274,高估~均值,30.7999,1557.8232,60.5788,1.12,0.49,2901.623,935.41,1999.96,82.3127,0.519,30.0,2026-10-30,ok,39.3262,29
2026-10-01,AVGO,Broadcom Inc.,USD,351.19,7.76,45.2564,49.5445,48.9787,3.6647,-1.1701,356.0277,384.4656,412.9034,顯著低估,18.1176,16.8178,41.2381,0.35,0.73,33.114,289.96,495.0,29.8625,0.3792,30.0,2026-10-30,ok,9.9278,30
2026-10-01,BE,Bloom Energy Corporation,USD,276.98,0.76,364.4474,329.9689,334.1184,50.2036,0.6868,212.6216,250.7763,288.9311,高估~均值,56.1973,50.4058,110.5719,0.66,,205.286,75.7,351.28,73.0387,0.8317,30.0,2026-10-30,ok,7.7874,29
2026-10-01,COHR,Coherent Corp.,USD,287.81,4.12,69.8568,79.0145,76.5995,11.6402,-0.7867,277.5823,325.5399,373.4975,均值~低估,20.4912,5.1671,708.8372,0.92,,41.535,105.02,440.0,54.5674,0.7002,30.0,2026-10-30,ok,5.8314,29
2026-10-01,CRM,"Salesforce, Inc.",USD,229.57,10.81,21.2368,18.1464,17.4436,3.134,0.9861,162.2848,196.1631,230.0414,高估~均值,14.3421,4.923,11.9959,0.75,0.78,16.777,146.32,269.11,67.7987,0.4181,30.0,2026-10-30,ok,48.1253,29
2026-10-01,CRWD,"CrowdStrike Holdings, Inc.",USD,264.75,0.03,8825.0,6703.1231,6502.7082,902.9983,2.3498,174.0037,201.0937,228.1836,顯著高估,164.8598,53.1306,134.4266,8.41,,2478.666,85.68,268.95,97.7083,0.5322,30.0,2026-10-30,ok,52.7971,29
2026-10-01,CRWV,"CoreWeave, Inc.",USD,87.12,-3.55,,,,,,,,,無法判讀,-48.0723,9.5547,5.7845,,,24.668,60.55,153.2,28.6778,0.7264,30.0,2026-10-30,ok,8.3786,29
2026-10-01,DELL,Dell Technologies Inc.,USD,537.95,17.21,31.258,26.0578,25.2841,3.6642,1.4192,385.3929,448.4539,511.5149,顯著高估,18.4754,-241.2332,13.9637,0.63,0.47,20.692,110.22,595.51,88.1391,0.6046,30.0,2026-10-30,ok,5.0255,29
2026-10-01,GOOG,Alphabet Inc.,USD,340.74,19.94,17.0883,17.5392,17.3571,0.7295,-0.6182,335.1869,349.7323,364.2777,均值~低估,22.6082,6.6948,10.1428,1.21,0.26,23.225,236.685,404.47,62.0169,0.4027,30.0,2026-10-30,ok,78.2083,29
2026-10-01,IGV,iShares Expanded Tech-Software ,USD,106.48,3.2158,33.1114,30.5441,31.0155,2.1252,1.208,91.3901,98.2242,105.0584,顯著高估,,0.2669,,,0.02,,73.93,117.76,74.2642,0.369,30.0,2026-10-30,ok,63.1818,29
2026-10-01,INTC,Intel Corporation,USD,120.23,-2.09,,,,,,,,,無法判讀,58.3052,6.9261,42.5514,1.36,,36.886,32.89,142.35,79.7917,0.7522,30.0,2026-10-30,ok,40.6962,29
2026-10-01,ISRG,"Intuitive Surgical, Inc.",USD,406.63,8.74,46.5252,44.7166,45.5389,2.8593,0.6325,365.8322,390.8227,415.8131,高估~均值,33.6292,7.9206,39.3068,1.92,,33.613,328.57,603.88,28.3535,0.549,30.0,2026-10-30,ok,100.0,29
2026-10-01,LITE,Lumentum Holdings Inc.,USD,971.26,-92.97,,,,,,,,,無法判讀,27.9686,18.5305,115.9463,0.63,,107.724,147.81,1085.68,87.8,0.7103,30.0,2026-10-30,ok,7.5251,29
2026-10-01,META,"Meta Platforms, Inc.",USD,725.18,26.52,27.3446,23.1402,22.4891,2.0317,2.0695,559.7966,613.6769,667.5572,顯著高估,20.8172,7.0735,12.2725,0.98,0.28,17.365,520.26,779.82,78.949,0.4845,30.0,2026-10-30,ok,78.2711,29
2026-10-01,MRVL,"Marvell Technology, Inc.",USD,264.21,3.03,87.198,78.1043,76.3053,11.3997,0.7977,202.1151,236.6561,271.1971,高估~均值,39.0316,12.7,105.3005,1.4,0.09,81.47,70.69,329.88,74.6634,0.6516,30.0,2026-10-30,ok,16.4911,29
2026-10-01,MSFT,Microsoft Corporation,USD,512.9,17.97,28.542,24.7421,25.079,2.9566,1.2852,391.4858,444.6163,497.7469,顯著高估,21.6927,8.6108,20.8192,1.65,0.77,19.725,349.2,553.72,80.0411,0.3723,30.0,2026-10-30,ok,54.6406,29
2026-10-01,MU,"Micron Technology, Inc.",USD,1065.11,44.2,24.0975,21.9457,21.7903,2.0384,1.0556,879.8994,969.9979,1060.0963,顯著高估,6.5954,11.9387,23.3887,0.16,0.05,17.344,165.5,1255.0,82.5709,0.6145,30.0,2026-10-30,ok,6.578,29
2026-10-01,NBIS,Nebius Group N.V.,USD,235.88,-0.07,,,,,,,,,無法判讀,-67.5767,6.2531,10.6949,0.56,,260.515,73.52,299.86,71.7328,0.7993,30.0,2026-10-30,ok,4.9624,29
2026-10-01,NFLX,"Netflix, Inc.",USD,69.58,3.18,21.8805,24.0744,23.9057,1.558,-1.4082,71.6022,76.5566,81.5109,顯著低估,18.2503,9.6092,24.2027,1.2,,20.388,65.08,124.86,7.5276,0.4695,30.0,2026-10-30,ok,68.2685,29
2026-10-01,NOW,"ServiceNow, Inc.",USD,134.01,1.6,83.7562,73.7048,73.3031,9.8501,1.0204,102.1674,117.9277,133.6879,顯著高估,26.7725,11.0697,26.1017,0.94,,47.68,81.24,192.966,47.2316,0.5973,30.0,2026-10-30,ok,62.0108,29
2026-10-01,NVDA,NVIDIA Corporation,USD,228.38,7.91,28.8723,26.8699,26.8616,1.3134,1.5247,202.1522,212.5409,222.9295,顯著高估,14.5626,24.0831,41.0441,0.47,0.44,27.089,164.27,236.54,88.709,0.3279,30.0,2026-10-30,ok,6.3657,30
2026-10-01,ORCL,Oracle Corporation,USD,137.3,6.38,21.5204,24.4466,22.9781,4.6523,-0.629,126.2876,155.9693,185.6511,均值~低估,12.485,6.7166,8.8672,0.77,1.45,16.092,114.5,322.54,10.9594,0.5115,30.0,2026-10-30,ok,23.2523,29
2026-10-01,PANW,"Palo Alto Networks, Inc.",USD,397.31,0.39,1018.7436,858.2832,868.9743,102.9399,1.5588,294.5839,334.7304,374.877,顯著高估,81.4315,11.7781,71.3814,1.98,,203.343,139.57,404.6879,97.2171,0.5189,30.0,2026-10-30,ok,50.6426,29
2026-10-01,PLTR,Palantir Technologies Inc.,USD,187.05,1.18,158.517,128.2962,120.9915,21.1783,1.427,126.3992,151.3896,176.3799,顯著高估,80.5212,45.9808,126.5622,1.8,,165.33,106.37,207.52,79.7627,0.463,30.0,2026-10-30,ok,16.4583,29
2026-10-01,QQQ,"Invesco QQQ Trust, Series 1",USD,739.77,24.5347,30.152,29.256,29.2404,0.6847,1.3087,700.9897,717.7874,734.5851,顯著高估,,2.0677,,,0.42,,555.6,748.65,95.4002,0.214,30.0,2026-10-30,ok,43.9302,29
2026-10-01,RKLB,Rocket Lab Corporation,USD,69.68,-0.27,,,,,,,,,無法判讀,1529.4119,11.9356,,,,-262.665,37.57,151.0,28.3082,0.7539,30.0,2026-10-30,ok,30.1352,30
2026-10-01,SNDK,Sandisk Corporation,USD,1739.89,73.69,23.6109,22.4183,22.2178,3.5112,0.3397,1393.2643,1652.0014,1910.7384,高估~均值,6.6034,16.4745,21.8279,,,19.712,112.0,2354.39,72.5962,0.7646,30.0,2026-10-30,ok,9.4478,29
2026-10-01,SOXX,iShares PHLX SOX Semiconductor ,USD,568.64,13.6039,41.7998,40.5539,40.5024,2.8243,0.4411,513.2693,551.6909,590.1125,高估~均值,,1.3408,,,0.29,,260.44,655.95,77.9247,0.4064,30.0,2026-10-30,ok,11.4279,29
2026-10-01,SPCX,Space Exploration Technologies ,USD,150.86,-1.1,,,,,,,,,無法判讀,86.5445,15.6234,117.2791,,,656.978,104.83,225.64,38.1012,0.4441,30.0,2026-10-30,ok,0.0,29
2026-10-01,SPOT,Spotify Technology S.A.,USD,487.38,18.12,26.8974,27.702,27.4611,1.5377,-0.5233,474.0976,501.9608,529.8239,均值~低估,27.8024,10.4914,30.0263,1.4,,35.397,405.0,721.67,26.0145,0.54,30.0,2026-10-30,ok,74.9879,29
2026-10-01,SPY,State Street SPDR S&P 500 ETF T,USD,762.63,30.9505,24.6403,24.4046,24.4169,0.4203,0.561,742.3247,755.3328,768.3408,高估~均值,,1.7768,,,0.98,,629.28,779.37,88.8467,0.1573,30.0,2026-10-30,ok,30.1304,29
2026-10-01,TRV,"The Travelers Companies, Inc.",USD,356.51,37.19,9.5862,9.3787,9.7713,0.8292,0.2502,317.9529,348.7927,379.6324,高估~均值,11.7756,2.2453,6.744,2.36,1.38,6.948,252.26,398.7,71.1896,0.352,16.0,2026-10-16,ok,100.0,29
2026-10-01,TSLA,"Tesla, Inc.",USD,354.81,1.09,325.5138,341.5835,342.2569,32.2483,-0.4983,337.1753,372.326,407.4767,均值~低估,164.0361,16.1314,74.9981,4.22,,127.083,297.38,498.83,28.5083,0.4704,30.0,2026-10-30,ok,34.665,29
2026-10-01,TSM,Taiwan Semiconductor Manufactur,USD,456.19,13.43,33.968,31.7645,31.6258,1.2939,1.7031,409.2203,426.5968,443.9732,顯著高估,20.8067,93.6795,0.898,0.87,0.89,5.226,266.82,479.0,89.2497,0.3815,30.0,2026-10-30,ok,27.2206,29
2026-10-01,UBER,"Uber Technologies, Inc.",USD,68.51,4.56,15.0241,15.9396,15.8158,0.6665,-1.3735,69.6454,72.6848,75.7242,顯著低估,15.486,5.1165,13.4244,5.91,,20.35,65.41,101.295,8.6387,0.3753,30.0,2026-10-30,ok,30.5489,29
2026-10-01,VRT,"Vertiv Holdings, LLC",USD,241.31,4.43,54.4718,64.3303,65.2235,6.8551,-1.4381,254.6154,284.9833,315.3513,顯著低估,26.3397,19.525,27.6971,0.84,0.1,35.776,147.35,379.935,40.3981,0.6815,30.0,2026-10-30,ok,49.606,29
2026-10-01,XLI,State Street Industrial Select ,USD,166.98,6.1593,27.1101,28.8653,29.0194,0.8847,-1.9839,172.3415,177.7904,183.2394,顯著低估,,1.6973,,,1.18,,147.14,188.19,48.3313,0.3283,30.0,2026-10-30,ok,82.3059,29
2026-10-01,XLV,State Street Health Care Select,USD,168.42,5.5971,30.0905,29.0422,29.2043,1.4091,0.7439,154.6655,162.5527,170.4398,高估~均值,,,,,1.49,,139.6,176.6,77.8919,0.3001,30.0,2026-10-30,ok,86.0969,28
2026-10-02,000660.KS,SK hynix,KRW,1833000.0,,,,,,,,,,無法判讀,3.8978,,10.2514,0.19,0.08,8.613,0.0,2987000.0,61.3659,,,,no_market,,0
2026-10-02,2330.TW,TAIWAN SEMICONDUCTOR MANUFACTUR,TWD,2510.0,86.6,28.9838,27.6508,27.7136,0.755,1.7658,2329.1757,2394.5556,2459.9354,顯著高估,17.5577,10.1189,24.7052,0.74,1.13,19.79,1355.0,2535.0,97.8814,,,,no_market,,0
2026-10-02,AAPL,Apple Inc.,USD,330.32,8.73,37.8373,36.0895,35.8946,1.766,0.9897,299.6438,315.061,330.4782,高估~均值,34.4699,44.8804,32.8559,2.64,0.32,29.067,243.42,345.34,85.263,0.2805,29.0,2026-10-30,ok,70.6885,31
2026-10-02,ADBE,Adobe Inc.,USD,241.28,17.9,13.4793,13.5862,13.7679,1.4176,-0.0754,217.8183,243.1933,268.5684,均值~低估,8.7189,8.0194,8.8755,0.56,,9.532,190.12,363.7,29.4734,0.4672,29.0,2026-10-30,ok,59.5561,30
2026-10-02,AMD,"Advanced Micro Devices, Inc.",USD,615.73,3.92,157.074,131.5926,130.6186,11.5079,2.2142,470.7321,515.8431,560.9541,顯著高估,39.5122,14.9482,99.7186,0.62,,103.519,163.14,639.0,95.1099,0.5099,29.0,2026-10-30,ok,6.2554,30
2026-10-02,AMZN,"Amazon.com, Inc.",USD,248.23,12.43,19.9702,20.2729,20.1078,1.0187,-0.2971,239.3289,251.9916,264.6542,均值~低估,23.6958,4.8524,16.5888,1.46,,16.672,196.0,287.2,57.2697,0.4131,29.0,2026-10-30,ok,66.2799,30
2026-10-02,APP,Applovin Corporation,USD,281.31,13.01,21.6226,31.5368,31.1311,7.5608,-1.3113,311.9285,410.2942,508.6599,顯著低估,13.408,29.8187,18.9959,0.66,,18.034,275.13,738.01,1.3351,0.5297,29.0,2026-10-30,ok,8.6208,30
2026-10-02,ASML,ASML Holding N.V. - New York Re,USD,1808.49,28.81,62.773,60.6141,60.6536,3.0383,0.7106,1658.757,1746.2911,1833.8252,高估~均值,30.7458,1555.0887,60.4725,1.12,0.5,2865.679,935.41,1999.96,82.014,0.4843,29.0,2026-10-30,ok,26.1949,30
2026-10-02,AVGO,Broadcom Inc.,USD,343.64,7.83,43.8876,49.0016,48.4617,3.6503,-1.401,355.1004,383.6822,412.2641,顯著低估,17.7281,16.4563,40.3515,0.35,0.74,32.757,289.96,495.0,26.1803,0.3727,29.0,2026-10-30,ok,7.7296,31
2026-10-02,BE,Bloom Energy Corporation,USD,277.58,0.76,365.2368,329.6047,334.1184,49.8219,0.7152,212.6349,250.4996,288.3642,高估~均值,56.319,50.515,110.8114,0.66,,195.242,75.7,351.28,73.2564,0.8043,29.0,2026-10-30,ok,5.2716,30
2026-10-02,COHR,Coherent Corp.,USD,319.19,4.12,77.4733,78.8571,76.5995,11.563,-0.1197,277.2515,324.8912,372.531,均值~低估,22.7253,5.7305,786.1219,0.92,,40.93,108.19,440.0,63.5906,0.7098,29.0,2026-10-30,ok,7.8544,30
2026-10-02,CRM,"Salesforce, Inc.",USD,236.69,11.13,21.2659,17.6812,17.0422,3.0639,1.17,162.6912,196.7922,230.8933,顯著高估,14.7869,5.0757,12.368,0.75,0.77,17.049,146.32,269.11,73.5972,0.4111,29.0,2026-10-30,ok,46.2493,30
2026-10-02,CRWD,"CrowdStrike Holdings, Inc.",USD,266.09,0.03,8869.6665,6740.2435,6565.7082,922.6371,2.308,174.5282,202.2073,229.8864,顯著高估,165.6942,53.3996,135.107,8.41,,2497.926,85.68,269.3,98.2518,0.5281,29.0,2026-10-30,ok,51.8076,30
2026-10-02,CRWV,"CoreWeave, Inc.",USD,88.57,-3.55,,,,,,,,,無法判讀,-48.9759,9.7138,5.8808,,,24.841,60.55,153.2,30.2428,0.709,29.0,2026-10-30,ok,5.2362,30
2026-10-02,DELL,Dell Technologies Inc.,USD,541.74,17.21,31.4782,26.2169,25.3576,3.5833,1.4683,389.5253,451.1933,512.8614,顯著高估,18.6055,-242.9327,14.0621,0.63,0.47,20.634,110.22,595.51,88.92,0.5773,29.0,2026-10-30,ok,0.0,30
2026-10-02,GOOG,Alphabet Inc.,USD,334.93,19.93,16.8053,17.5233,17.3555,0.7165,-1.002,334.9588,349.2384,363.5181,顯著低估,22.2227,6.5807,9.9699,1.21,0.26,23.467,236.685,404.47,58.5541,0.3743,29.0,2026-10-30,ok,63.5651,30
2026-10-02,IGV,iShares Expanded Tech-Software ,USD,108.23,3.2158,33.6555,30.5932,31.1367,2.1455,1.4273,91.4825,98.3822,105.2819,顯著高估,,0.2713,,,0.02,,73.93,117.76,78.2569,0.3628,29.0,2026-10-30,ok,60.9623,30
2026-10-02,INTC,Intel Corporation,USD,120.0,-2.09,,,,,,,,,無法判讀,58.1937,6.9128,42.47,1.36,,38.174,32.89,142.35,79.5816,0.728,29.0,2026-10-30,ok,35.7757,30
2026-10-02,ISRG,"Intuitive Surgical, Inc.",USD,401.24,8.7,46.1195,44.8751,45.7483,2.8166,0.4418,365.9089,390.4131,414.9173,高估~均值,33.1845,7.8157,38.7857,1.92,,33.144,328.57,603.88,26.3957,0.5084,29.0,2026-10-30,ok,86.7945,30
2026-10-02,LITE,Lumentum Holdings Inc.,USD,1045.78,-92.95,,,,,,,,,無法判讀,30.1145,19.9523,124.8422,0.63,,107.474,147.81,1085.68,95.7457,0.7147,29.0,2026-10-30,ok,8.3961,30
2026-10-02,META,"Meta Platforms, Inc.",USD,725.93,26.54,27.3523,23.1711,22.4721,2.0785,2.0117,559.7999,614.9621,670.1243,顯著高估,20.7968,7.0809,12.2852,0.98,0.29,17.049,520.26,779.82,79.2379,0.4647,29.0,2026-10-30,ok,72.069,30
2026-10-02,MRVL,"Marvell Technology, Inc.",USD,268.08,3.01,89.0631,78.8882,77.4153,11.4378,0.8896,203.0257,237.4533,271.881,高估~均值,39.6033,12.886,106.8429,1.4,0.09,81.759,70.69,329.88,76.1565,0.6483,29.0,2026-10-30,ok,15.9029,30
2026-10-02,MSFT,Microsoft Corporation,USD,512.8,17.95,28.5682,24.828,25.3933,2.9826,1.254,392.1249,445.6633,499.2018,顯著高估,21.6853,8.6091,20.8152,1.65,0.76,19.875,349.2,553.72,79.9922,0.3588,29.0,2026-10-30,ok,48.4013,30
2026-10-02,MU,"Micron Technology, Inc.",USD,1097.39,74.34,14.7618,13.0999,13.032,1.1839,1.4037,885.8341,973.8467,1061.8593,顯著高估,5.3906,12.3005,24.0975,0.16,0.05,17.345,179.61,1255.0,85.3439,0.5435,29.0,2026-10-30,ok,0.0,30
2026-10-02,NBIS,Nebius Group N.V.,USD,232.28,-0.07,,,,,,,,,無法判讀,-66.5454,6.1577,10.5317,0.56,,258.948,73.52,299.86,70.1423,0.7614,29.0,2026-10-30,ok,1.0697,30
2026-10-02,NFLX,"Netflix, Inc.",USD,67.85,3.18,21.3365,24.0019,23.9041,1.5313,-1.7406,71.4564,76.326,81.1956,顯著低估,17.7944,9.3703,23.601,1.19,,20.184,65.08,124.86,4.6337,0.4668,29.0,2026-10-30,ok,67.0582,30
2026-10-02,NOW,"ServiceNow, Inc.",USD,137.76,1.65,83.4909,71.7112,71.2273,9.5796,1.2297,102.5172,118.3236,134.1299,顯著高估,27.5217,11.3795,26.8321,0.94,,49.132,81.24,192.966,50.588,0.5917,29.0,2026-10-30,ok,60.8922,30
2026-10-02,NVDA,NVIDIA Corporation,USD,230.86,7.9,29.2228,26.9258,26.8956,1.3371,1.7179,202.1504,212.7134,223.2765,顯著高估,14.7091,24.3446,41.4899,0.48,0.44,27.229,164.27,236.54,92.1406,0.3269,29.0,2026-10-30,ok,5.9268,31
2026-10-02,ORCL,Oracle Corporation,USD,138.07,6.38,21.6411,24.3525,22.964,4.6221,-0.5866,125.8804,155.3692,184.858,均值~低估,12.555,6.7542,8.9169,0.77,1.46,16.049,114.5,322.54,11.3296,0.5192,29.0,2026-10-30,ok,24.9654,30
2026-10-02,PANW,"Palo Alto Networks, Inc.",USD,396.25,0.4,990.625,840.5947,849.0125,99.6931,1.5049,296.3606,336.2379,376.1151,顯著高估,81.2143,11.7467,71.191,1.98,,208.01,139.57,404.69,96.8165,0.5418,29.0,2026-10-30,ok,54.9043,30
2026-10-02,PLTR,Palantir Technologies Inc.,USD,190.04,1.18,161.0508,128.7968,125.2161,21.4154,1.5061,126.71,151.9802,177.2504,顯著高估,81.6793,46.7158,128.5853,1.8,,165.402,106.37,207.52,82.7187,0.4549,29.0,2026-10-30,ok,14.0929,30
2026-10-02,QQQ,"Invesco QQQ Trust, Series 1",USD,742.03,24.5347,30.2441,29.2671,29.2404,0.6925,1.4108,701.0687,718.0596,735.0504,顯著高估,,2.074,,,0.42,,555.6,748.65,96.5708,0.2171,29.0,2026-10-30,ok,46.0373,30
2026-10-02,RKLB,Rocket Lab Corporation,USD,70.46,-0.27,,,,,,,,,無法判讀,1546.5321,12.0692,,,,-262.585,37.57,151.0,28.9959,0.7192,29.0,2026-10-30,ok,24.1175,31
2026-10-02,SNDK,Sandisk Corporation,USD,1787.69,73.77,24.2333,22.4405,22.2499,3.5036,0.5117,1396.9733,1655.4347,1913.8962,高估~均值,6.7848,16.9271,22.4275,,,19.83,115.68,2354.39,74.6863,0.7124,29.0,2026-10-30,ok,4.183,30
2026-10-02,SOXX,iShares PHLX SOX Semiconductor ,USD,576.33,13.6039,42.3651,40.5858,40.5373,2.8284,0.6291,513.6465,552.1242,590.6019,高估~均值,,1.359,,,0.29,,260.44,655.95,79.869,0.4668,29.0,2026-10-30,ok,30.7823,30
2026-10-02,SPCX,Space Exploration Technologies ,USD,148.07,-1.1,,,,,,,,,無法判讀,84.9439,15.3345,115.1101,,,664.22,104.83,225.64,35.7917,0.4323,29.0,2026-10-30,ok,0.0,30
2026-10-02,SPOT,Spotify Technology S.A.,USD,491.4,18.08,27.1792,27.7458,27.5017,1.5387,-0.3683,473.8254,501.6446,529.4638,均值~低估,28.1264,10.5779,30.2739,1.4,,34.916,405.0,716.86,27.7047,0.5555,29.0,2026-10-30,ok,80.0875,30
2026-10-02,SPY,State Street SPDR S&P 500 ETF T,USD,763.99,30.9505,24.6843,24.4112,24.4515,0.42,0.6503,742.5385,755.5367,768.5349,高估~均值,,1.7799,,,0.98,,629.28,779.37,89.7528,0.1577,29.0,2026-10-30,ok,30.3905,30
2026-10-02,TRV,"The Travelers Companies, Inc.",USD,361.64,36.51,9.9052,9.5701,9.9533,0.8364,0.4007,318.8701,349.4058,379.9415,高估~均值,11.9249,2.2776,6.841,2.36,1.4,6.826,252.26,398.7,74.6927,0.3405,15.0,2026-10-16,ok,93.499,30
2026-10-02,TSLA,"Tesla, Inc.",USD,354.11,1.06,334.066,350.4973,349.8491,32.7655,-0.5015,336.7957,371.5271,406.2585,均值~低估,163.7124,16.0996,74.8501,4.24,,127.806,297.38,498.83,28.1608,0.4686,29.0,2026-10-30,ok,34.0226,30
2026-10-02,TSM,Taiwan Semiconductor Manufactur,USD,459.2,13.46,34.1159,31.7388,31.6007,1.3039,1.823,409.6534,427.2043,444.7553,顯著高估,20.944,94.4269,0.904,0.87,0.89,5.216,266.82,479.0,90.6683,0.3406,29.0,2026-10-30,ok,10.792,30
2026-10-02,UBER,"Uber Technologies, Inc.",USD,67.88,4.56,14.886,15.93,15.8158,0.6755,-1.5457,69.5609,72.641,75.7211,顯著低估,15.3436,5.0695,13.3009,5.91,,20.118,65.41,101.295,6.8831,0.3745,29.0,2026-10-30,ok,30.3243,30
2026-10-02,VRT,"Vertiv Holdings, LLC",USD,246.12,4.43,55.5576,64.1263,65.0068,6.8397,-1.2528,253.7797,284.0796,314.3794,顯著低估,26.8647,19.9142,28.2491,0.81,0.1,34.765,147.82,379.935,42.3497,0.6743,29.0,2026-10-30,ok,47.4695,30
2026-10-02,XLI,State Street Industrial Select ,USD,168.64,6.1593,27.3796,28.8596,29.0194,0.8926,-1.6581,172.2581,177.7557,183.2533,顯著低估,,1.7141,,,1.18,,147.14,188.19,52.3752,0.2267,29.0,2026-10-30,ok,43.3636,30
2026-10-02,XLV,State Street Health Care Select,USD,166.2,5.5971,29.6938,29.0746,29.2347,1.3899,0.4455,154.9543,162.7339,170.5135,高估~均值,,,,,1.49,,141.05,176.6,70.7454,0.3066,29.0,2026-10-30,ok,89.1558,29
2026-10-03,000660.KS,SK hynix,KRW,1841000.0,,,,,,,,,,無法判讀,3.9148,,10.2961,0.2,0.08,8.653,395500.0,2987000.0,55.7785,,,,no_market,,0
2026-10-03,2330.TW,TAIWAN SEMICONDUCTOR MANUFACTUR,TWD,2500.0,85.25,29.3255,28.1186,28.1818,0.7619,1.5841,2332.1609,2397.1111,2462.0613,顯著高估,17.4593,10.0786,24.6068,0.75,1.12,19.708,1365.0,2535.0,97.0085,,,,no_market,,0
2026-10-03,AAPL,Apple Inc.,USD,333.69,8.72,38.2672,36.1632,35.9427,1.7803,1.1818,299.8186,315.3428,330.867,顯著高估,34.8216,45.3383,33.1911,2.64,0.33,28.833,243.42,345.34,88.5695,0.2684,28.0,2026-10-30,ok,62.7572,32
2026-10-03,ADBE,Adobe Inc.,USD,237.69,17.9,13.2788,13.5845,13.7679,1.4179,-0.2156,217.7821,243.1622,268.5423,均值~低估,8.5892,7.9001,8.7435,0.58,,9.585,190.12,363.7,27.4052,0.4066,28.0,2026-10-30,ok,43.6689,31
2026-10-03,AMD,"Advanced Micro Devices, Inc.",USD,633.91,3.95,160.4835,130.9589,129.7443,11.8418,2.4933,470.5127,517.2878,564.0629,顯著高估,40.6919,15.3895,102.6629,0.62,,104.197,163.14,645.4599,97.6053,0.488,28.0,2026-10-30,ok,1.1071,31
2026-10-03,AMZN,"Amazon.com, Inc.",USD,251.52,12.44,20.2186,20.2443,20.0916,1.0115,-0.0253,239.2555,251.8386,264.4216,均值~低估,24.0098,4.9167,16.8087,1.47,,16.613,196.0,287.2,60.8772,0.3982,28.0,2026-10-30,ok,60.5675,31
2026-10-03,APP,Applovin Corporation,USD,268.22,13.0,20.6323,31.3508,30.8973,7.6048,-1.4094,308.6989,407.5607,506.4225,顯著低估,12.7841,28.4312,18.0356,0.61,,17.471,266.84,738.01,0.2929,0.5316,28.0,2026-10-30,ok,8.9625,31
2026-10-03,ASML,ASML Holding N.V. - New York Re,USD,1867.31,28.75,64.9499,60.8315,60.791,3.0468,1.3517,1661.3086,1748.9053,1836.502,顯著高估,31.868,1623.1832,62.4393,1.11,0.5,2860.648,935.41,1999.96,87.5393,0.4756,28.0,2026-10-30,ok,22.8722,31
2026-10-03,AVGO,Broadcom Inc.,USD,355.14,7.85,45.2408,48.7821,48.221,3.6233,-0.9774,354.4961,382.9392,411.3824,均值~低估,18.3238,17.007,41.7019,0.34,0.76,32.068,289.96,495.0,31.7889,0.3665,28.0,2026-10-30,ok,5.6552,32
2026-10-03,BE,Bloom Energy Corporation,USD,289.15,0.78,370.7051,320.9645,325.5513,48.3153,1.0295,212.6664,250.3523,288.0383,顯著高估,58.6665,52.6206,115.4302,0.63,,195.665,75.7,351.28,77.4548,0.7853,28.0,2026-10-30,ok,3.529,31
2026-10-03,COHR,Coherent Corp.,USD,337.04,4.12,81.8058,78.7376,76.5995,11.4751,0.2674,277.1216,324.3989,371.6762,高估~均值,23.9962,6.051,830.084,0.92,,45.247,108.19,440.0,68.9702,0.7109,28.0,2026-10-30,ok,8.072,31
2026-10-03,CRM,"Salesforce, Inc.",USD,234.69,10.93,21.4721,18.0613,17.4556,3.1363,1.0875,163.1303,197.4101,231.69,顯著高估,14.6619,5.0328,12.2635,0.85,0.74,17.503,146.32,269.11,71.9684,0.398,28.0,2026-10-30,ok,42.6949,31
2026-10-03,CRWD,"CrowdStrike Holdings, Inc.",USD,270.04,0.03,9001.3336,6778.0778,6614.8333,944.7493,2.3533,174.9999,203.3423,231.6848,顯著高估,168.1539,54.1923,137.1126,6.87,,2510.766,85.68,273.5351,98.1395,0.5201,28.0,2026-10-30,ok,49.9157,31
2026-10-03,CRWV,"CoreWeave, Inc.",USD,89.62,-3.55,,,,,,,,,無法判讀,-49.5565,9.8289,5.9505,,,25.052,60.55,153.2,31.3761,0.6956,28.0,2026-10-30,ok,2.819,31
2026-10-03,DELL,Dell Technologies Inc.,USD,562.52,17.17,32.7618,26.4446,25.4819,3.5398,1.7846,393.2751,454.0538,514.8325,顯著高估,19.3192,-252.2511,14.6015,0.55,0.47,20.769,110.22,595.51,93.202,0.5673,28.0,2026-10-30,ok,0.0,31
2026-10-03,GOOG,Alphabet Inc.,USD,340.35,19.93,17.0773,17.4985,17.3294,0.6922,-0.6085,334.9489,348.7441,362.5393,均值~低估,22.5823,6.6872,10.1312,1.2,0.26,23.056,236.685,404.47,61.7844,0.3641,28.0,2026-10-30,ok,58.2948,31
2026-10-03,IGV,iShares Expanded Tech-Software ,USD,108.43,3.2158,33.7177,30.6429,31.314,2.1657,1.4198,91.5776,98.542,105.5064,顯著高估,,0.2718,,,0.02,,73.93,117.76,78.7132,0.3438,28.0,2026-10-30,ok,54.1735,31
2026-10-03,INTC,Intel Corporation,USD,119.33,-2.09,,,,,,,,,無法判讀,57.8688,6.8742,42.2329,1.36,,38.105,32.89,142.35,78.9695,0.6976,28.0,2026-10-30,ok,29.5877,31
2026-10-03,ISRG,"Intuitive Surgical, Inc.",USD,391.95,8.74,44.8455,44.6129,45.5034,2.7465,0.0847,365.9119,389.9166,413.9212,高估~均值,32.4151,7.6347,37.8877,1.87,,32.688,328.57,603.88,23.0213,0.517,28.0,2026-10-30,ok,89.6013,31
2026-10-03,LITE,Lumentum Holdings Inc.,USD,1085.42,-92.97,,,,,,,,,無法判讀,31.2559,20.7086,129.5744,0.63,,115.823,147.81,1091.61,99.3441,0.6877,28.0,2026-10-30,ok,3.0527,31
2026-10-03,META,"Meta Platforms, Inc.",USD,728.08,26.57,27.4023,23.1934,22.4467,2.124,1.9816,559.8133,616.2481,672.6829,顯著高估,20.8583,7.1018,12.3215,0.96,0.29,17.066,520.26,779.82,80.0663,0.4382,28.0,2026-10-30,ok,63.7404,31
2026-10-03,MRVL,"Marvell Technology, Inc.",USD,272.29,3.04,89.5691,78.3437,77.1941,11.3418,0.9897,203.6857,238.1648,272.6439,高估~均值,40.2253,12.8834,108.5208,0.89,0.09,82.95,70.69,329.88,77.7808,0.6168,28.0,2026-10-30,ok,10.3845,31
2026-10-03,MSFT,Microsoft Corporation,USD,517.53,17.95,28.8318,24.8909,25.7727,3.0069,1.3106,392.8166,446.7911,500.7656,顯著高估,21.8885,8.6885,21.0071,1.67,0.76,19.872,349.2,553.72,82.3049,0.3337,28.0,2026-10-30,ok,36.7575,31
2026-10-03,MU,"Micron Technology, Inc.",USD,1074.89,74.29,14.4688,13.1355,13.0692,1.188,1.1224,887.5824,975.8357,1064.0889,顯著高估,5.2488,12.0483,13.5375,0.16,0.05,11.042,179.61,1255.0,83.2517,0.5034,28.0,2026-10-30,ok,0.0,31
2026-10-03,NBIS,Nebius Group N.V.,USD,242.81,-0.07,,,,,,,,,無法判讀,-69.5621,6.4368,10.1782,0.53,,255.124,73.52,299.86,74.7946,0.7323,28.0,2026-10-30,ok,0.0,31
2026-10-03,NFLX,"Netflix, Inc.",USD,67.06,3.18,21.088,23.9298,23.8365,1.5139,-1.8771,71.2827,76.0969,80.9111,顯著低估,17.5799,9.2612,23.3262,1.16,,19.695,65.08,124.86,3.3121,0.4673,28.0,2026-10-30,ok,67.2783,31
2026-10-03,NOW,"ServiceNow, Inc.",USD,134.38,1.6,83.9875,74.1915,73.625,9.8581,0.9937,102.9335,118.7064,134.4794,高估~均值,26.8464,11.1003,26.1738,0.99,,50.471,81.24,192.966,47.5628,0.5828,28.0,2026-10-30,ok,59.1171,31
2026-10-03,NVDA,NVIDIA Corporation,USD,233.95,7.92,29.5391,26.8845,26.8277,1.3631,1.9475,202.1298,212.9256,223.7213,顯著高估,14.9059,24.6705,42.0452,0.28,0.43,27.526,164.27,237.87,94.6739,0.304,28.0,2026-10-30,ok,0.0,32
2026-10-03,ORCL,Oracle Corporation,USD,142.3,6.38,22.3041,24.2641,22.9013,4.5837,-0.4276,125.561,154.8052,184.0495,均值~低估,12.9397,10.9126,9.1901,0.77,1.45,16.116,114.5,322.54,13.3628,0.5133,28.0,2026-10-30,ok,23.6602,31
2026-10-03,PANW,"Palo Alto Networks, Inc.",USD,403.24,0.4,1008.1,844.6639,851.15,98.9623,1.6515,298.2806,337.8656,377.4505,顯著高估,82.6469,11.9539,72.4468,2.02,,207.454,139.57,409.5,97.6809,0.5511,28.0,2026-10-30,ok,56.6192,31
2026-10-03,PLTR,Palantir Technologies Inc.,USD,188.75,1.17,161.3248,130.3929,131.6624,21.8037,1.4187,127.0493,152.5597,178.07,顯著高估,81.253,46.3987,127.7125,1.83,,168.101,106.37,207.52,81.4434,0.4281,28.0,2026-10-30,ok,6.2262,31
2026-10-03,QQQ,"Invesco QQQ Trust, Series 1",USD,749.58,24.5347,30.5518,29.2758,29.2404,0.7038,1.8131,701.0076,718.274,735.5404,顯著高估,,2.0951,,,0.42,,555.6,754.53,97.5117,0.2001,28.0,2026-10-30,ok,34.6671,31
2026-10-03,RKLB,Rocket Lab Corporation,USD,73.92,-0.27,,,,,,,,,無法判讀,1622.4758,12.6619,,,,-265.686,37.57,151.0,32.0462,0.6792,28.0,2026-10-30,ok,17.1676,32
2026-10-03,SNDK,Sandisk Corporation,USD,1719.99,73.83,23.2966,22.4419,22.2378,3.5007,0.2442,1398.4305,1656.8841,1915.3376,高估~均值,6.5278,16.2861,21.5782,,,20.384,115.68,2354.39,71.6623,0.6591,28.0,2026-10-30,ok,0.0,31
2026-10-03,SOXX,iShares PHLX SOX Semiconductor ,USD,588.9,13.6039,43.2891,40.6011,40.5373,2.8394,0.9467,513.706,552.3332,590.9604,高估~均值,,1.3886,,,0.29,,260.44,655.95,83.0472,0.4188,28.0,2026-10-30,ok,15.4063,31
2026-10-03,SPCX,Space Exploration Technologies ,USD,158.96,-1.1,,,,,,,,,無法判讀,91.1912,16.4623,121.5706,,,651.747,104.83,225.64,44.8059,0.4636,28.0,2026-10-30,ok,4.3524,31
2026-10-03,SPOT,Spotify Technology S.A.,USD,472.89,18.03,26.228,27.7878,27.5422,1.543,-1.0109,473.1934,501.0132,528.8331,顯著低估,27.2898,10.1795,29.1386,1.39,,35.224,405.0,708.55,22.3653,0.5257,28.0,2026-10-30,ok,70.2604,31
2026-10-03,SPY,State Street SPDR S&P 500 ETF T,USD,769.64,30.9505,24.8668,24.418,24.4662,0.4223,1.0627,742.6767,755.7483,768.82,顯著高估,,1.7931,,,0.98,,629.28,779.37,93.5172,0.1408,28.0,2026-10-30,ok,19.6882,31
2026-10-03,TRV,"The Travelers Companies, Inc.",USD,360.38,37.21,9.685,9.4067,9.7661,0.8112,0.3431,319.8388,350.0229,380.207,高估~均值,11.8834,2.2697,6.8172,2.36,1.38,6.92,252.26,398.7,73.8323,0.323,14.0,2026-10-16,ok,83.6647,31
2026-10-03,TSLA,"Tesla, Inc.",USD,370.59,1.06,349.6132,349.8369,349.1321,32.1656,-0.007,336.7315,370.8271,404.9227,均值~低估,171.3941,16.8488,78.3336,4.23,,127.549,297.38,498.83,36.3415,0.4482,28.0,2026-10-30,ok,26.4947,31
2026-10-03,TSM,Taiwan Semiconductor Manufactur,USD,472.78,13.41,35.2558,31.9072,31.774,1.3514,2.4778,409.7535,427.8761,445.9987,顯著高估,21.5634,97.2194,0.9307,0.87,0.89,5.255,266.82,479.0,97.0685,0.3414,28.0,2026-10-30,ok,11.1227,31
2026-10-03,UBER,"Uber Technologies, Inc.",USD,68.11,4.56,14.9364,15.9251,15.8158,0.6811,-1.4517,69.5129,72.6187,75.7244,顯著低估,15.3956,5.0866,13.346,5.79,,19.945,65.41,101.295,7.524,0.3418,28.0,2026-10-30,ok,20.2954,31
2026-10-03,VRT,"Vertiv Holdings, LLC",USD,252.18,4.43,56.9255,63.9464,64.8612,6.8134,-1.0304,253.099,283.2826,313.4661,顯著低估,27.6442,20.4046,28.9447,0.83,0.1,35.457,147.82,379.935,44.9605,0.6602,28.0,2026-10-30,ok,43.269,31
2026-10-03,XLI,State Street Industrial Select ,USD,169.95,6.1593,27.5923,28.8518,29.0194,0.9006,-1.3984,172.1601,177.7073,183.2546,顯著低估,,1.7274,,,1.18,,147.14,188.19,55.5664,0.3022,28.0,2026-10-30,ok,72.3129,31
2026-10-03,XLV,State Street Health Care Select,USD,166.18,5.5971,29.6902,29.1096,29.2918,1.3647,0.4255,155.292,162.9302,170.5685,高估~均值,,1.3059,,,1.49,,141.05,176.6,70.6892,0.2482,28.0,2026-10-30,ok,61.7688,30
2026-10-04,000660.KS,SK hynix,KRW,1841000.0,,,,,,,,,,無法判讀,3.9148,,10.2961,0.2,0.08,8.653,395500.0,2987000.0,55.7785,,,,no_market,,0
2026-10-04,2330.TW,TAIWAN SEMICONDUCTOR MANUFACTUR,TWD,2500.0,85.5,29.2398,28.0364,28.0994,0.7597,1.5841,2332.1609,2397.1111,2462.0613,顯著高估,17.4593,10.0786,24.6068,0.75,1.12,19.708,1375.0,2535.0,96.9828,,,,no_market,,0
2026-10-04,AAPL,Apple Inc.,USD,333.69,8.71,38.3111,36.2047,35.9839,1.7823,1.1818,299.8186,315.3428,330.867,顯著高估,34.8216,45.3383,33.1911,2.67,0.32,29.125,243.42,345.34,88.5695,0.2732,27.0,2026-10-30,ok,65.8975,33
2026-10-04,ADBE,Adobe Inc.,USD,237.69,17.92,13.264,13.5693,13.7525,1.4163,-0.2156,217.7821,243.1622,268.5423,均值~低估,8.5892,7.9001,8.7435,0.57,,9.444,190.12,363.7,27.4052,0.4138,27.0,2026-10-30,ok,45.5587,32
2026-10-04,AMD,"Advanced Micro Devices, Inc.",USD,633.91,4.06,156.1355,127.4108,126.2291,11.521,2.4933,470.5127,517.2878,564.0629,顯著高估,40.6788,15.3895,102.6629,0.64,,107.3,188.22,645.46,97.474,0.4966,27.0,2026-10-30,ok,3.1363,32
2026-10-04,AMZN,"Amazon.com, Inc.",USD,251.52,12.43,20.2349,20.2605,20.1078,1.0123,-0.0253,239.2555,251.8386,264.4216,均值~低估,24.0098,4.9167,16.8087,1.49,,16.823,196.0,287.2,60.8772,0.4053,27.0,2026-10-30,ok,63.2832,32
2026-10-04,APP,Applovin Corporation,USD,268.22,13.01,20.6164,31.3267,30.8736,7.5989,-1.4094,308.6989,407.5607,506.4225,顯著低估,12.7841,28.4312,18.0356,0.58,,16.662,266.84,738.01,0.2929,0.5411,27.0,2026-10-30,ok,10.6179,32
2026-10-04,ASML,ASML Holding N.V. - New York Re,USD,1867.31,28.76,64.9273,60.8103,60.7698,3.0458,1.3517,1661.3086,1748.9053,1836.502,顯著高估,32.0921,1623.1832,62.4393,1.15,0.49,2953.703,935.41,1999.96,87.5393,0.484,27.0,2026-10-30,ok,26.0675,32
2026-10-04,AVGO,Broadcom Inc.,USD,355.14,7.85,45.2408,48.7821,48.221,3.6233,-0.9774,354.4961,382.9392,411.3824,均值~低估,18.312,17.007,41.7019,0.35,0.73,33.118,289.96,495.0,31.7889,0.373,27.0,2026-10-30,ok,7.8534,33
2026-10-04,BE,Bloom Energy Corporation,USD,289.15,0.78,370.7051,320.9645,325.5513,48.3153,1.0295,212.6664,250.3523,288.0383,顯著高估,58.6665,52.6206,115.4302,0.65,,203.808,75.7,351.28,77.4548,0.7993,27.0,2026-10-30,ok,4.8065,32
2026-10-04,COHR,Coherent Corp.,USD,337.04,4.11,82.0049,78.9292,76.7859,11.503,0.2674,277.1216,324.3989,371.6762,高估~均值,23.9962,6.051,830.084,0.92,,47.703,108.19,440.0,68.9702,0.7235,27.0,2026-10-30,ok,10.7096,32
2026-10-04,CRM,"Salesforce, Inc.",USD,234.69,10.91,21.5115,18.0944,17.4876,3.1421,1.0875,163.1303,197.4101,231.69,顯著高估,14.6619,5.0328,12.2635,0.84,0.75,17.375,146.32,269.11,71.9684,0.405,27.0,2026-10-30,ok,44.5873,32
2026-10-04,CRWD,"CrowdStrike Holdings, Inc.",USD,270.04,0.03,9001.3336,6778.0778,6614.8333,944.7493,2.3533,174.9999,203.3423,231.6848,顯著高估,168.1539,54.1923,137.1126,6.97,,2548.615,85.68,273.5351,98.1395,0.5293,27.0,2026-10-30,ok,52.0986,32
2026-10-04,CRWV,"CoreWeave, Inc.",USD,89.62,-3.55,,,,,,,,,無法判讀,-49.5565,9.8289,5.9505,,,25.205,60.55,153.2,31.3761,0.7412,33.0,2026-11-06,ok,11.0375,32
2026-10-04,DELL,Dell Technologies Inc.,USD,562.52,17.21,32.6856,26.3831,25.4227,3.5316,1.7846,393.2751,454.0538,514.8325,顯著高估,19.3192,-252.2511,14.6015,0.57,0.45,21.515,110.22,595.51,93.202,0.5773,27.0,2026-10-30,ok,2.7299,32
2026-10-04,GOOG,Alphabet Inc.,USD,340.35,19.94,17.0687,17.4897,17.3207,0.6918,-0.6085,334.9489,348.7441,362.5393,均值~低估,22.5823,6.6872,10.1312,1.22,0.26,23.439,236.685,404.47,61.7844,0.3706,27.0,2026-10-30,ok,61.6084,32
2026-10-04,IGV,iShares Expanded Tech-Software ,USD,108.43,3.2158,33.7177,30.6429,31.314,2.1657,1.4198,91.5776,98.542,105.5064,顯著高估,,0.2718,,,0.02,,73.93,117.76,78.7132,0.4277,33.0,2026-11-06,ok,84.1141,32
2026-10-04,INTC,Intel Corporation,USD,119.33,-2.09,,,,,,,,,無法判讀,57.8688,6.8742,42.2329,1.36,,37.904,32.89,142.35,78.9695,0.71,27.0,2026-10-30,ok,32.0977,32
2026-10-04,ISRG,"Intuitive Surgical, Inc.",USD,391.95,8.51,46.0576,45.8186,46.7333,2.8208,0.0847,365.9119,389.9166,413.9212,高估~均值,32.4161,7.6347,37.8877,1.82,,31.903,328.57,603.88,23.0213,0.488,33.0,2026-11-06,ok,80.1694,32
2026-10-04,LITE,Lumentum Holdings Inc.,USD,1085.42,-92.91,,,,,,,,,無法判讀,31.1645,20.7086,129.5744,0.63,,120.263,147.81,1091.61,99.3441,0.6998,27.0,2026-10-30,ok,5.4577,32
2026-10-04,META,"Meta Platforms, Inc.",USD,728.08,26.65,27.3201,23.1238,22.3794,2.1176,1.9816,559.8133,616.2481,672.6829,顯著高估,20.8583,7.1018,12.3215,0.96,0.29,17.116,520.26,779.82,80.0663,0.4459,27.0,2026-10-30,ok,66.1734,32
2026-10-04,MRVL,"Marvell Technology, Inc.",USD,272.29,3.02,90.1623,78.8625,77.7053,11.4169,0.9897,203.6857,238.1648,272.6439,高估~均值,40.3431,12.8834,108.5208,0.91,0.09,84.245,70.69,329.88,77.7808,0.6277,27.0,2026-10-30,ok,12.2988,32
2026-10-04,MSFT,Microsoft Corporation,USD,517.53,18.11,28.577,24.671,25.545,2.9804,1.3106,392.8166,446.7911,500.7656,顯著高估,21.8854,8.6885,21.0071,1.68,0.76,20.052,349.2,553.72,82.3049,0.3396,27.0,2026-10-30,ok,39.488,32
2026-10-04,MU,"Micron Technology, Inc.",USD,1074.89,74.38,14.4513,13.1196,13.0534,1.1865,1.1224,887.5824,975.8357,1064.0889,顯著高估,5.2191,12.0483,13.5375,0.16,0.06,10.808,179.61,1255.0,83.2517,0.5033,27.0,2026-10-30,ok,0.0,32
2026-10-04,NBIS,Nebius Group N.V.,USD,242.81,-0.07,,,,,,,,,無法判讀,-69.5621,6.4368,10.1782,0.55,,266.311,73.52,299.86,74.7946,0.7453,27.0,2026-10-30,ok,1.3102,32
2026-10-04,NFLX,"Netflix, Inc.",USD,67.06,3.18,21.088,23.9298,23.8365,1.5139,-1.8771,71.2827,76.0969,80.9111,顯著低估,17.5799,9.2612,23.3262,1.15,,19.472,65.08,124.86,3.3121,0.499,33.0,2026-11-06,ok,81.5811,32
2026-10-04,NOW,"ServiceNow, Inc.",USD,134.38,1.6,83.9875,74.1915,73.625,9.8581,0.9937,102.9335,118.7064,134.4794,高估~均值,26.8464,11.1003,26.1738,0.97,,49.265,81.24,192.966,47.5628,0.593,27.0,2026-10-30,ok,61.1597,32
2026-10-04,NVDA,NVIDIA Corporation,USD,233.95,7.91,29.5765,26.9185,26.8616,1.3648,1.9475,202.1298,212.9256,223.7213,顯著高估,14.9059,24.6705,42.0452,0.29,0.43,27.896,164.27,237.88,94.6611,0.3094,27.0,2026-10-30,ok,2.199,33
2026-10-04,ORCL,Oracle Corporation,USD,142.3,6.38,22.3041,24.2641,22.9013,4.5837,-0.4276,125.561,154.8052,184.0495,均值~低估,12.9397,10.9126,9.1901,0.79,1.41,16.488,114.5,322.54,13.3628,0.5225,27.0,2026-10-30,ok,25.6996,32
2026-10-04,PANW,"Palo Alto Networks, Inc.",USD,403.24,0.4,1008.1,844.6639,851.15,98.9623,1.6515,298.2806,337.8656,377.4505,顯著高估,82.6469,11.9539,72.4468,2.06,,211.119,139.57,409.5,97.6809,0.5019,27.0,2026-10-30,ok,47.4957,32
2026-10-04,PLTR,Palantir Technologies Inc.,USD,188.75,1.17,161.3248,130.3929,131.6624,21.8037,1.4187,127.0493,152.5597,178.07,顯著高估,81.253,46.3987,127.7125,1.63,,166.937,106.37,207.52,81.4434,0.4357,27.0,2026-10-30,ok,8.4482,32
2026-10-04,QQQ,"Invesco QQQ Trust, Series 1",USD,749.58,24.5347,30.5518,29.2758,29.2404,0.7038,1.8131,701.0076,718.274,735.5404,顯著高估,,2.0951,,,0.42,,555.6,754.54,97.5068,0.2151,33.0,2026-11-06,ok,44.714,32
2026-10-04,RKLB,Rocket Lab Corporation,USD,73.92,-0.27,,,,,,,,,無法判讀,1622.4758,12.6619,,,,-279.44,37.57,151.0,32.0462,0.6912,27.0,2026-10-30,ok,19.2441,33
2026-10-04,SNDK,Sandisk Corporation,USD,1719.99,73.79,23.3093,22.454,22.2499,3.5026,0.2442,1398.4305,1656.8841,1915.3376,高估~均值,6.5278,16.2861,21.5782,,,19.599,115.68,2354.39,71.6623,0.6708,27.0,2026-10-30,ok,1.1641,32
2026-10-04,SOXX,iShares PHLX SOX Semiconductor ,USD,588.9,13.6039,43.2891,40.6011,40.5373,2.8394,0.9467,513.706,552.3332,590.9604,高估~均值,,1.3886,,,0.29,,260.44,655.95,83.0472,0.4525,33.0,2026-11-06,ok,26.188,32
2026-10-04,SPCX,Space Exploration Technologies ,USD,158.96,-1.1,,,,,,,,,無法判讀,82.5539,16.4623,121.5706,,,700.433,104.83,225.64,44.8059,0.5057,33.0,2026-11-06,ok,10.2031,32
2026-10-04,SPOT,Spotify Technology S.A.,USD,472.89,18.02,26.2425,27.8032,27.5574,1.5438,-1.0109,473.1934,501.0132,528.8331,顯著低估,27.2597,10.1795,29.1386,1.34,,33.805,405.0,700.12,23.0042,0.5159,33.0,2026-11-06,ok,67.0518,32
2026-10-04,SPY,State Street SPDR S&P 500 ETF T,USD,769.64,30.9505,24.8668,24.418,24.4662,0.4223,1.0627,742.6767,755.7483,768.82,顯著高估,,1.7931,,,0.98,,629.28,779.37,93.5172,0.1533,33.0,2026-11-06,ok,27.568,32
2026-10-04,TRV,"The Travelers Companies, Inc.",USD,360.38,37.23,9.6798,9.4016,9.7608,0.8107,0.3431,319.8388,350.0229,380.207,高估~均值,11.8834,2.2697,6.8172,2.36,1.39,6.897,252.26,398.7,73.8323,0.2923,47.0,2026-11-20,ok,66.3515,32
2026-10-04,TSLA,"Tesla, Inc.",USD,370.59,1.07,346.3458,346.5674,345.8692,31.865,-0.007,336.7315,370.8271,404.9227,均值~低估,171.6497,16.8488,78.3336,4.43,,133.601,297.38,498.83,36.3415,0.4529,33.0,2026-11-06,ok,28.1964,32
2026-10-04,TSM,Taiwan Semiconductor Manufactur,USD,472.78,13.38,35.3348,31.9788,31.8453,1.3545,2.4778,409.7535,427.8761,445.9987,顯著高估,21.5634,97.2194,0.9307,0.9,0.86,5.433,266.82,479.0,97.0685,0.3474,27.0,2026-10-30,ok,13.5484,32
2026-10-04,UBER,"Uber Technologies, Inc.",USD,68.11,4.58,14.8712,15.8556,15.7467,0.6781,-1.4517,69.5129,72.6187,75.7244,顯著低估,15.4053,5.0866,13.346,5.81,,20.008,65.41,101.295,7.524,0.4168,33.0,2026-11-06,ok,43.2722,32
2026-10-04,VRT,"Vertiv Holdings, LLC",USD,252.18,4.43,56.9255,63.9464,64.8612,6.8134,-1.0304,253.099,283.2826,313.4661,顯著低估,27.4876,20.4046,28.9447,0.83,0.1,36.327,147.82,379.935,44.9605,0.6719,27.0,2026-10-30,ok,46.7453,32
2026-10-04,XLI,State Street Industrial Select ,USD,169.95,6.1593,27.5923,28.8518,29.0194,0.9006,-1.3984,172.1601,177.7073,183.2546,顯著低估,,1.7274,,,1.18,,147.14,188.19,55.5664,0.3186,33.0,2026-11-06,ok,78.6083,32
2026-10-04,XLV,State Street Health Care Select,USD,166.18,5.5971,29.6902,29.1096,29.2918,1.3647,0.4255,155.292,162.9302,170.5685,高估~均值,,1.3059,,,1.49,,141.05,176.6,70.6892,0.3279,33.0,2026-11-06,ok,99.1043,31
2026-10-05,000660.KS,SK hynix,KRW,1841000.0,,,,,,,,,,無法判讀,3.9148,,10.3138,0.2,0.08,8.653,395500.0,2987000.0,55.7785,,,,no_market,,0
2026-10-05,2330.TW,TAIWAN SEMICONDUCTOR MANUFACTUR,TWD,2500.0,85.48,29.2466,28.0429,28.106,0.7598,1.5841,2332.1609,2397.1111,2462.0613,顯著高估,17.4593,10.0786,24.6068,0.75,1.12,19.708,1375.0,2535.0,96.9828,,,,no_market,,0
2026-10-05,AAPL,Apple Inc.,USD,333.69,8.72,38.2672,36.1632,35.9427,1.7803,1.1818,299.8186,315.3428,330.867,顯著高估,34.8216,45.3383,33.1911,2.67,0.32,29.125,243.42,345.34,88.5695,0.2841,32.0,2026-11-06,ok,73.1041,34
2026-10-05,ADBE,Adobe Inc.,USD,237.69,17.92,13.264,13.5693,13.7525,1.4163,-0.2156,217.7821,243.1622,268.5423,均值~低估,8.5892,7.9001,8.5609,0.57,,9.444,190.12,363.7,27.4052,0.4356,32.0,2026-11-06,ok,51.2602,33
2026-10-05,AMD,"Advanced Micro Devices, Inc.",USD,633.91,3.92,161.7117,131.9612,130.7372,11.9324,2.4933,470.5127,517.2878,564.0629,顯著高估,40.6788,15.3895,102.6629,0.64,,107.3,188.22,645.46,97.474,0.5794,32.0,2026-11-06,ok,22.5789,33
2026-10-05,AMZN,"Amazon.com, Inc.",USD,251.52,12.43,20.2349,20.2605,20.1078,1.0123,-0.0253,239.2555,251.8386,264.4216,均值~低估,24.0098,4.9167,16.8087,1.49,,16.823,196.0,287.2,60.8772,0.4166,32.0,2026-11-06,ok,67.6378,33
2026-10-05,APP,Applovin Corporation,USD,268.22,13.01,20.6164,31.3267,30.8736,7.5989,-1.4094,308.6989,407.5607,506.4225,顯著低估,12.7841,28.4312,18.1119,0.58,,16.662,266.84,738.01,0.2929,0.7787,32.0,2026-11-06,ok,52.194,33
2026-10-05,ASML,ASML Holding N.V. - New York Re,USD,1867.31,30.81,60.6073,56.7642,56.7264,2.8431,1.3517,1661.3086,1748.9053,1836.502,顯著高估,32.0568,1621.3958,62.4393,1.15,0.49,2953.703,935.41,1999.96,87.5393,0.5063,32.0,2026-11-06,ok,34.5304,33
2026-10-05,AVGO,Broadcom Inc.,USD,355.14,7.83,45.3563,48.9067,48.3442,3.6326,-0.9774,354.4961,382.9392,411.3824,均值~低估,18.312,17.007,41.7019,0.35,0.73,33.118,289.96,495.0,31.7889,0.3906,32.0,2026-11-06,ok,13.8083,34
2026-10-05,BE,Bloom Energy Corporation,USD,289.15,0.76,380.4605,329.411,334.1184,49.5868,1.0295,212.6664,250.3523,288.0383,顯著高估,58.5075,52.6206,115.4302,0.65,,203.808,75.7,351.28,77.4548,0.8609,32.0,2026-11-06,ok,10.4656,33
2026-10-05,COHR,Coherent Corp.,USD,337.04,4.12,81.8058,78.7376,76.5995,11.4751,0.2674,277.1216,324.3989,371.6762,高估~均值,23.9962,6.051,830.084,0.92,,47.703,108.19,440.0,68.9702,0.8,32.0,2026-11-06,ok,26.7652,33
2026-10-05,CRM,"Salesforce, Inc.",USD,234.69,10.93,21.4721,18.0613,17.4556,3.1363,1.0875,163.1303,197.4101,231.69,顯著高估,14.6492,5.0328,12.2635,0.84,0.75,17.375,146.32,269.11,71.9684,0.4353,32.0,2026-11-06,ok,52.7658,33
2026-10-05,CRWD,"CrowdStrike Holdings, Inc.",USD,270.04,0.06,4500.6668,3389.0389,3307.4167,472.3746,2.3533,174.9999,203.3423,231.6848,顯著高估,168.1539,54.1923,137.1126,6.97,,2548.615,85.68,273.5351,98.1395,0.5425,32.0,2026-11-06,ok,55.2566,33
2026-10-05,CRWV,"CoreWeave, Inc.",USD,89.62,-3.55,,,,,,,,,無法判讀,-49.5565,9.8289,5.9505,,,25.205,60.55,153.2,31.3761,0.7524,32.0,2026-11-06,ok,13.0592,33
2026-10-05,DELL,Dell Technologies Inc.,USD,562.52,17.2,32.7047,26.3985,25.4375,3.5336,1.7846,393.2751,454.0538,514.8325,顯著高估,19.3192,-252.2511,14.6015,0.57,0.45,21.515,110.22,595.51,93.202,0.6138,32.0,2026-11-06,ok,12.6887,33
2026-10-05,GOOG,Alphabet Inc.,USD,340.35,19.93,17.0773,17.4985,17.3294,0.6922,-0.6085,334.9489,348.7441,362.5393,均值~低估,22.5823,6.6872,10.1312,1.22,0.26,23.439,236.685,404.47,61.7844,0.3769,32.0,2026-11-06,ok,64.9063,33
2026-10-05,IGV,iShares Expanded Tech-Software ,USD,108.43,3.2158,33.7177,30.6429,31.314,2.1657,1.4198,91.5776,98.542,105.5064,顯著高估,,0.2718,,,0.02,,73.93,117.76,78.7132,0.4342,32.0,2026-11-06,ok,86.4206,33
2026-10-05,INTC,Intel Corporation,USD,119.33,-2.12,,,,,,,,,無法判讀,57.8688,6.8742,42.2329,1.36,,37.904,32.89,142.35,78.9695,0.7225,32.0,2026-11-06,ok,34.6574,33
2026-10-05,ISRG,"Intuitive Surgical, Inc.",USD,391.95,8.72,44.9484,44.7152,45.6078,2.7528,0.0847,365.9119,389.9166,413.9212,高估~均值,32.4161,7.6347,37.359,1.82,,31.903,328.57,603.88,23.0213,0.5189,32.0,2026-11-06,ok,90.2063,33
2026-10-05,LITE,Lumentum Holdings Inc.,USD,1085.42,-92.96,,,,,,,,,無法判讀,31.1645,20.7086,129.5744,0.63,,120.263,147.81,1091.61,99.3441,0.793,32.0,2026-11-06,ok,23.8566,33
2026-10-05,META,"Meta Platforms, Inc.",USD,728.08,26.54,27.4333,23.2196,22.4721,2.1264,1.9816,559.8133,616.2481,672.6829,顯著高估,20.8583,7.1018,12.3215,0.96,0.29,17.116,520.26,779.82,80.0663,0.4549,32.0,2026-11-06,ok,68.9799,33
2026-10-05,MRVL,"Marvell Technology, Inc.",USD,272.29,3.04,89.5691,78.3437,77.1941,11.3418,0.9897,203.6857,238.1648,272.6439,高估~均值,40.3431,13.0883,108.5208,0.91,0.09,84.245,70.69,329.88,77.7808,0.647,32.0,2026-11-06,ok,15.6783,33
2026-10-05,MSFT,Microsoft Corporation,USD,517.53,17.95,28.8318,24.8909,25.7727,3.0069,1.3106,392.8166,446.7911,500.7656,顯著高估,21.8854,8.6885,21.0071,1.68,0.76,20.052,349.2,553.72,82.3049,0.3644,32.0,2026-11-06,ok,50.9762,33
2026-10-05,MU,"Micron Technology, Inc.",USD,1074.89,74.33,14.4611,13.1284,13.0622,1.1873,1.1224,887.5824,975.8357,1064.0889,顯著高估,5.2191,12.0483,13.5375,0.16,0.06,10.808,179.61,1255.0,83.2517,0.5211,32.0,2026-11-06,ok,3.0932,33
2026-10-05,NBIS,Nebius Group N.V.,USD,242.81,1.28,189.6953,175.5224,173.0234,21.8627,0.6483,196.6844,224.6686,252.6528,高估~均值,-69.5621,6.4368,11.0091,0.55,,266.311,73.52,299.86,74.7946,0.807,32.0,2026-11-06,ok,7.5281,33
2026-10-05,NFLX,"Netflix, Inc.",USD,67.06,3.18,21.088,23.9298,23.8365,1.5139,-1.8771,71.2827,76.0969,80.9111,顯著低估,17.5799,9.2612,23.3262,1.15,,19.472,65.08,124.86,3.3121,0.5066,32.0,2026-11-06,ok,84.9918,33
2026-10-05,NOW,"ServiceNow, Inc.",USD,134.38,1.6,83.9875,74.1915,73.625,9.8581,0.9937,102.9335,118.7064,134.4794,高估~均值,26.8464,11.1003,26.1738,0.97,,49.265,81.24,192.966,47.5628,0.6071,32.0,2026-11-06,ok,63.9561,33
2026-10-05,NVDA,NVIDIA Corporation,USD,233.95,7.91,29.5765,26.9185,26.8616,1.3648,1.9475,202.1298,212.9256,223.7213,顯著高估,14.9059,24.6705,42.0452,0.29,0.43,27.896,164.27,237.88,94.6611,0.3259,32.0,2026-11-06,ok,8.9419,34
2026-10-05,ORCL,Oracle Corporation,USD,142.3,6.38,22.3041,24.2641,22.9013,4.5837,-0.4276,125.561,154.8052,184.0495,均值~低估,12.9397,6.9612,9.1901,0.79,1.41,16.488,114.5,322.54,13.3628,0.543,32.0,2026-11-06,ok,30.2681,33
2026-10-05,PANW,"Palo Alto Networks, Inc.",USD,403.24,0.4,1008.1,844.6639,851.15,98.9623,1.6515,298.2806,337.8656,377.4505,顯著高估,82.6469,11.9539,72.4468,2.06,,211.119,139.57,409.5,97.6809,0.5264,32.0,2026-11-06,ok,52.0462,33
2026-10-05,PLTR,Palantir Technologies Inc.,USD,188.75,1.17,161.3248,130.3929,131.6624,21.8037,1.4187,127.0493,152.5597,178.07,顯著高估,80.5192,46.3987,127.7125,1.63,,166.937,106.37,207.52,81.4434,0.5913,32.0,2026-11-06,ok,54.1435,33
2026-10-05,QQQ,"Invesco QQQ Trust, Series 1",USD,749.58,24.5347,30.5518,29.2758,29.2404,0.7038,1.8131,701.0076,718.274,735.5404,顯著高估,,2.0951,,,0.42,,555.6,754.54,97.5068,0.2184,32.0,2026-11-06,ok,46.872,33
2026-10-05,RKLB,Rocket Lab Corporation,USD,73.92,-0.27,,,,,,,,,無法判讀,1369.1425,12.6619,,,,-279.44,37.57,151.0,32.0462,0.7585,32.0,2026-11-06,ok,30.9403,34
2026-10-05,SNDK,Sandisk Corporation,USD,1719.99,73.76,23.3187,22.4632,22.2589,3.504,0.2442,1398.4305,1656.8841,1915.3376,高估~均值,6.5278,16.2861,21.5782,,,19.599,115.68,2354.39,71.6623,0.6917,32.0,2026-11-06,ok,3.2446,33
2026-10-05,SOXX,iShares PHLX SOX Semiconductor ,USD,588.9,13.6039,43.2891,40.6011,40.5373,2.8394,0.9467,513.706,552.3332,590.9604,高估~均值,,1.3886,,,0.29,,260.44,655.95,83.0472,0.4592,32.0,2026-11-06,ok,28.3483,33
2026-10-05,SPCX,Space Exploration Technologies ,USD,158.96,-1.1,,,,,,,,,無法判讀,82.5539,16.4623,123.576,,,700.433,104.83,225.64,44.8059,0.5042,32.0,2026-11-06,ok,9.9827,33
2026-10-05,SPOT,Spotify Technology S.A.,USD,472.89,18.02,26.2425,27.8032,27.5574,1.5438,-1.0109,473.1934,501.0132,528.8331,顯著低估,27.2694,10.1795,29.1336,1.34,,33.805,405.0,700.12,23.0042,0.5096,32.0,2026-11-06,ok,64.9495,33
2026-10-05,SPY,State Street SPDR S&P 500 ETF T,USD,769.64,30.9505,24.8668,24.418,24.4662,0.4223,1.0627,742.6767,755.7483,768.82,顯著高估,,1.7931,,,0.98,,629.28,779.37,93.5172,0.1556,32.0,2026-11-06,ok,29.0322,33
2026-10-05,TRV,"The Travelers Companies, Inc.",USD,360.38,37.23,9.6798,9.4016,9.7608,0.8107,0.3431,319.8388,350.0229,380.207,高估~均值,11.8834,2.2697,6.8172,2.36,1.39,6.897,252.26,398.7,73.8323,0.299,46.0,2026-11-20,ok,70.1167,33
2026-10-05,TSLA,"Tesla, Inc.",USD,370.59,1.08,343.1389,343.3584,342.6667,31.57,-0.007,336.7315,370.8271,404.9227,均值~低估,171.6497,16.8488,78.3336,4.43,,133.601,297.38,498.83,36.3415,0.4597,32.0,2026-11-06,ok,30.7094,33
2026-10-05,TSM,Taiwan Semiconductor Manufactur,USD,472.78,13.76,34.359,31.0956,30.9658,1.317,2.4778,409.7535,427.8761,445.9987,顯著高估,21.5634,97.3342,0.9307,0.9,0.8,5.433,266.82,479.0,97.0685,0.3615,32.0,2026-11-06,ok,19.1839,33
2026-10-05,UBER,"Uber Technologies, Inc.",USD,68.11,4.56,14.9364,15.9251,15.8158,0.6811,-1.4517,69.5129,72.6187,75.7244,顯著低估,15.4053,5.0866,13.346,5.81,,20.008,65.41,101.295,7.524,0.4529,32.0,2026-11-06,ok,54.349,33
2026-10-05,VRT,"Vertiv Holdings, LLC",USD,252.18,4.42,57.0543,64.0911,65.0079,6.8289,-1.0304,253.099,283.2826,313.4661,顯著低估,27.5262,20.4046,28.9447,0.85,0.1,36.327,147.82,379.935,44.9605,0.6556,32.0,2026-11-06,ok,41.9291,33
2026-10-05,XLI,State Street Industrial Select ,USD,169.95,6.1593,27.5923,28.8518,29.0194,0.9006,-1.3984,172.1601,177.7073,183.2546,顯著低估,,1.7274,,,1.18,,147.14,188.19,55.5664,0.2563,32.0,2026-11-06,ok,54.714,33
2026-10-05,XLV,State Street Health Care Select,USD,166.18,5.5971,29.6902,29.1096,29.2918,1.3647,0.4255,155.292,162.9302,170.5685,高估~均值,,,,,1.49,,141.05,176.6,70.6892,0.2678,32.0,2026-11-06,ok,70.9455,32
2026-10-06,000660.KS,SK hynix,KRW,1793000.0,,,,,,,,,,無法判讀,3.8127,,10.0449,0.2,0.08,8.653,395500.0,2987000.0,53.9263,,,,no_market,,0
2026-10-06,2330.TW,TAIWAN SEMICONDUCTOR MANUFACTUR,TWD,2580.0,88.04,29.3049,27.2982,27.3171,0.7777,2.5803,2334.867,2403.3333,2471.7997,顯著高估,18.018,10.4011,25.3942,0.77,1.12,20.322,1375.0,2590.0,99.177,,,,no_market,,0
2026-10-06,AAPL,Apple Inc.,USD,332.89,8.72,38.1755,36.1912,36.0109,1.792,1.1073,299.9616,315.5877,331.2137,顯著高估,34.7381,45.2296,33.1115,2.67,0.32,29.056,243.42,345.34,87.7845,0.2821,31.0,2026-11-06,ok,71.7352,35
2026-10-06,ADBE,Adobe Inc.,USD,238.785,17.91,13.3328,13.5772,13.7602,1.417,-0.1725,217.7894,243.1683,268.5473,均值~低估,8.6287,7.9365,8.6003,0.57,,9.487,190.12,363.7,28.0361,0.4423,31.0,2026-11-06,ok,53.0219,34
2026-10-06,AMD,"Advanced Micro Devices, Inc.",USD,631.75,3.92,161.1607,132.3473,130.9809,12.3072,2.3412,470.5572,518.8012,567.0453,顯著高估,40.1828,15.3371,102.3131,0.64,,106.932,188.22,645.46,97.0016,0.5581,31.0,2026-11-06,ok,17.5703,34
2026-10-06,AMZN,"Amazon.com, Inc.",USD,251.4,12.43,20.2253,20.2423,20.1078,0.9977,-0.017,239.2103,251.6113,264.0123,均值~低估,23.9984,4.9144,16.8007,1.49,,16.815,196.0,287.2,60.7456,0.4135,31.0,2026-11-06,ok,66.4204,34
2026-10-06,APP,Applovin Corporation,USD,281.97,13.01,21.6733,31.0826,30.681,7.5515,-1.246,306.1395,404.3844,502.6294,顯著低估,13.4394,29.8887,19.0404,0.58,,17.512,266.84,738.01,3.2112,0.7215,31.0,2026-11-06,ok,42.1871,34
2026-10-06,ASML,ASML Holding N.V. - New York Re,USD,1859.86,30.81,60.3655,56.8587,56.7501,2.8196,1.2437,1664.945,1751.8163,1838.6876,顯著高估,31.9402,1615.5007,62.1902,1.15,0.49,2941.917,935.41,1999.96,86.8395,0.4882,31.0,2026-11-06,ok,27.6507,34
2026-10-06,AVGO,Broadcom Inc.,USD,362.51,7.83,46.2976,48.8224,48.2701,3.6038,-0.7006,354.062,382.2798,410.4975,均值~低估,18.692,17.3599,42.5673,0.35,0.73,33.791,289.96,495.0,35.3833,0.395,31.0,2026-11-06,ok,15.2944,35
2026-10-06,BE,Bloom Energy Corporation,USD,286.65,0.76,377.171,329.3064,334.1184,49.4747,0.9675,212.6721,250.2729,287.8736,高估~均值,58.0017,52.1656,114.4322,0.65,,202.048,75.7,351.28,76.5476,0.8394,31.0,2026-11-06,ok,8.4878,34
2026-10-06,COHR,Coherent Corp.,USD,333.64,4.12,80.9806,78.6121,76.5995,11.3868,0.208,276.9683,323.8818,370.7952,高估~均值,23.7541,5.9899,821.7103,0.92,,47.235,108.19,440.0,67.9455,0.7938,31.0,2026-11-06,ok,25.4593,34
2026-10-06,CRM,"Salesforce, Inc.",USD,229.79,10.93,21.0238,18.1145,17.473,3.1456,0.9249,163.6093,197.991,232.3727,高估~均值,14.3433,4.9277,12.0074,0.84,0.75,17.063,146.32,269.11,67.9778,0.4221,31.0,2026-11-06,ok,49.1949,34
2026-10-06,CRWD,"CrowdStrike Holdings, Inc.",USD,272.67,0.06,4544.5002,3409.6556,3315.5834,481.8742,2.3551,175.6669,204.5793,233.4918,顯著高估,169.7916,54.7201,138.448,6.97,,2573.815,85.68,274.23,99.1726,0.5102,31.0,2026-11-06,ok,47.5436,34
2026-10-06,CRWV,"CoreWeave, Inc.",USD,87.39,-3.69,,,,,,,,,無法判讀,-48.3234,9.5843,5.8025,,,24.881,60.55,153.2,28.9692,0.7103,31.0,2026-11-06,ok,5.478,34
2026-10-06,DELL,Dell Technologies Inc.,USD,552.29,17.2,32.1099,26.558,25.4419,3.4623,1.6035,397.247,456.7979,516.3488,顯著高估,18.9679,-247.6637,14.336,0.57,0.45,21.148,110.22,595.51,91.094,0.565,31.0,2026-11-06,ok,0.0,34
2026-10-06,GOOG,Alphabet Inc.,USD,343.83,19.93,17.2519,17.4756,17.3013,0.6652,-0.3363,335.032,348.2886,361.5452,均值~低估,22.8132,6.7555,10.2348,1.22,0.26,23.685,236.685,404.47,63.8585,0.3708,31.0,2026-11-06,ok,61.7189,34
2026-10-06,IGV,iShares Expanded Tech-Software ,USD,109.72,3.3389,32.8613,29.569,30.326,2.1079,1.5619,91.6892,98.7272,105.7652,顯著高估,,0.275,,,0.02,,73.93,117.76,81.6564,0.3576,31.0,2026-11-06,ok,59.091,34
2026-10-06,INTC,Intel Corporation,USD,116.19,-2.12,,,,,,,,,無法判讀,56.3299,6.6934,41.1216,1.36,,36.964,32.89,142.35,76.1009,0.6759,31.0,2026-11-06,ok,25.1642,34
2026-10-06,ISRG,"Intuitive Surgical, Inc.",USD,406.48,8.72,46.6147,44.6998,45.6078,2.7381,0.6993,365.9062,389.7824,413.6587,高估~均值,33.6178,7.9177,38.7439,1.82,,33.131,328.57,603.88,28.299,0.5172,31.0,2026-11-06,ok,89.6806,34
2026-10-06,LITE,Lumentum Holdings Inc.,USD,1091.67,-92.96,,,,,,,,,無法判讀,30.6943,20.8278,130.3205,0.63,,120.964,147.81,1124.4,96.6485,0.804,31.0,2026-11-06,ok,26.0386,34
2026-10-06,META,"Meta Platforms, Inc.",USD,741.9,26.54,27.954,23.2642,22.4721,2.183,2.1483,559.4951,617.433,675.3709,顯著高估,21.2543,7.2366,12.5554,0.96,0.29,17.437,520.26,779.82,85.3907,0.4573,31.0,2026-11-06,ok,69.727,34
2026-10-06,MRVL,"Marvell Technology, Inc.",USD,271.25,3.04,89.227,78.6088,77.4375,11.3138,0.9385,204.5768,238.9709,273.365,高估~均值,40.189,13.0384,108.1063,0.91,0.09,83.925,70.69,329.88,77.3795,0.6208,31.0,2026-11-06,ok,11.0903,34
2026-10-06,MSFT,Microsoft Corporation,USD,525.18,17.95,29.2579,24.9605,26.3251,3.0349,1.416,393.5653,448.0412,502.5171,顯著高估,22.181,8.8169,21.3177,1.68,0.76,20.345,349.2,553.72,86.0454,0.359,31.0,2026-11-06,ok,48.5003,34
2026-10-06,MU,"Micron Technology, Inc.",USD,1063.96,74.33,14.314,13.1487,13.0678,1.1919,0.9777,888.751,977.3418,1065.9326,高估~均值,5.1479,11.9258,13.3998,0.16,0.06,10.694,179.61,1255.0,82.2353,0.506,31.0,2026-11-06,ok,0.4666,34
2026-10-06,NBIS,Nebius Group N.V.,USD,232.57,1.28,181.6953,175.7324,173.5195,21.8298,0.2732,196.9954,224.9375,252.8796,高估~均值,-66.6285,6.1654,10.5448,0.55,,255.432,73.52,299.86,70.2704,0.7399,31.0,2026-11-06,ok,0.7629,34
2026-10-06,NFLX,"Netflix, Inc.",USD,67.5,3.18,21.2264,23.8605,23.7516,1.4928,-1.7645,71.1292,75.8763,80.6234,顯著低估,17.7147,9.3219,23.4792,1.15,,19.596,65.08,124.86,4.0482,0.5098,31.0,2026-11-06,ok,86.422,34
2026-10-06,NOW,"ServiceNow, Inc.",USD,136.08,1.6,85.05,74.4274,73.7625,9.8612,1.0772,103.3059,119.0838,134.8616,顯著高估,27.186,11.2407,26.5049,0.97,,49.871,81.24,192.966,49.0844,0.6003,31.0,2026-11-06,ok,62.6187,34
2026-10-06,NVDA,NVIDIA Corporation,USD,238.9,7.91,30.2023,26.9555,26.8616,1.408,2.306,202.0804,213.2178,224.3551,顯著高估,15.121,25.1924,42.9348,0.29,0.43,28.489,164.27,240.0983,98.4197,0.3126,31.0,2026-11-06,ok,3.4928,35
2026-10-06,ORCL,Oracle Corporation,USD,142.48,6.38,22.3323,24.1797,22.844,4.548,-0.4062,125.2501,154.2666,183.283,均值~低估,12.956,6.97,9.2017,0.79,1.41,16.504,114.5,322.54,13.4493,0.5247,31.0,2026-11-06,ok,26.1891,34
2026-10-06,PANW,"Palo Alto Networks, Inc.",USD,406.76,0.4,1016.9,849.0608,853.9625,97.7041,1.7178,300.5427,339.6243,378.706,顯著高估,83.3684,12.0582,73.0792,2.06,,212.965,139.57,409.5,98.9849,0.5535,31.0,2026-11-06,ok,57.072,34
2026-10-06,PLTR,Palantir Technologies Inc.,USD,189.4,1.16,163.2759,132.0619,134.681,22.1655,1.4082,127.4798,153.1918,178.9038,顯著高估,80.7965,46.5585,128.1523,1.63,,167.523,106.37,207.52,82.086,0.5841,31.0,2026-11-06,ok,52.029,34
2026-10-06,QQQ,"Invesco QQQ Trust, Series 1",USD,756.2,26.116,28.9555,27.5146,27.47,0.6772,2.1276,700.8851,718.5712,736.2573,顯著高估,,2.1136,,,0.42,,555.6,756.915,99.6448,0.2096,31.0,2026-11-06,ok,41.0291,34
2026-10-06,RKLB,Rocket Lab Corporation,USD,73.02,-0.27,,,,,,,,,無法判讀,1352.4727,12.5077,,,,-275.862,37.57,151.0,31.2528,0.6609,31.0,2026-11-06,ok,13.9892,35
2026-10-06,SNDK,Sandisk Corporation,USD,1704.16,73.76,23.1041,22.4804,22.2697,3.5033,0.178,1399.7516,1658.1532,1916.5547,高估~均值,6.4678,16.1362,21.3796,,,19.415,115.68,2354.39,70.9551,0.6395,31.0,2026-11-06,ok,0.0,34
2026-10-06,SOXX,iShares PHLX SOX Semiconductor ,USD,589.51,17.0103,34.656,32.4871,32.4194,2.2814,0.9507,513.8099,552.6169,591.4239,高估~均值,,1.3901,,,0.22,,260.44,655.95,83.2014,0.4186,31.0,2026-11-06,ok,15.3379,34
2026-10-06,SPCX,Space Exploration Technologies ,USD,171.09,-1.1,,,,,,,,,無法判讀,88.8535,17.7185,133.0059,,,754.662,104.83,225.64,54.8465,0.524,31.0,2026-11-06,ok,12.7385,34
2026-10-06,SPOT,Spotify Technology S.A.,USD,483.05,17.4,27.7615,28.7748,28.4753,1.6009,-0.633,472.8275,500.6823,528.5371,均值~低估,27.884,10.3982,29.7595,1.34,,34.584,405.0,700.12,26.4469,0.5193,31.0,2026-11-06,ok,68.1682,34
2026-10-06,SPY,State Street SPDR S&P 500 ETF T,USD,774.83,31.4971,24.6,24.0028,24.0507,0.4195,1.4237,742.8066,756.0191,769.2316,顯著高估,,1.8052,,,0.99,,629.28,779.37,96.9751,0.147,31.0,2026-11-06,ok,23.5896,34
2026-10-06,TRV,"The Travelers Companies, Inc.",USD,360.7,37.23,9.6884,9.4198,9.7608,0.7985,0.3365,320.9706,350.698,380.4254,高估~均值,11.8858,2.2717,6.8232,2.36,1.39,6.902,252.26,398.7,74.0508,0.2753,45.0,2026-11-20,ok,56.7923,34
2026-10-06,TSLA,"Tesla, Inc.",USD,378.73,1.08,350.6759,342.7244,342.6667,30.8267,0.2579,336.8495,370.1423,403.4352,高估~均值,176.5855,17.2189,80.0542,4.43,,136.59,297.38,498.83,40.3822,0.4875,31.0,2026-11-06,ok,40.987,34
2026-10-06,TSM,Taiwan Semiconductor Manufactur,USD,485.8,13.76,35.3052,31.1466,31.0011,1.3891,2.9938,409.4632,428.5769,447.6906,顯著高估,22.1573,100.0147,0.9563,0.9,0.8,5.604,266.82,487.44,99.2566,0.3506,31.0,2026-11-06,ok,14.8225,34
2026-10-06,UBER,"Uber Technologies, Inc.",USD,69.48,4.56,15.2368,15.9221,15.8158,0.6836,-1.0025,69.4877,72.6048,75.7219,顯著低估,15.7152,5.1889,13.6145,5.81,,20.383,65.41,100.69,11.5363,0.4656,31.0,2026-11-06,ok,58.2408,34
2026-10-06,VRT,"Vertiv Holdings, LLC",USD,253.62,4.42,57.3801,63.9248,64.3529,6.8077,-0.9614,252.4572,282.5474,312.6377,均值~低估,27.6319,20.5211,29.11,0.85,0.1,36.534,147.82,379.935,45.5809,0.6562,31.0,2026-11-06,ok,42.0921,34
2026-10-06,XLI,State Street Industrial Select ,USD,170.1,6.0865,27.9472,29.1894,29.3667,0.919,-1.3516,172.067,177.6607,183.2543,顯著低估,,1.729,,,1.13,,147.14,188.19,55.9318,0.2589,31.0,2026-11-06,ok,55.7203,34
2026-10-06,XLV,State Street Health Care Select,USD,167.37,5.6081,29.8442,29.0893,29.2968,1.3376,0.5643,155.635,163.1367,170.6383,高估~均值,,,,,1.52,,141.05,176.6,74.0366,0.3121,31.0,2026-11-06,ok,91.7286,33
2026-10-07,000660.KS,SK hynix,KRW,1774000.0,,,,,,,,,,無法判讀,3.7729,,9.9385,0.2,0.08,8.316,395500.0,2987000.0,53.1931,,,,no_market,,0
2026-10-07,2330.TW,TAIWAN SEMICONDUCTOR MANUFACTUR,TWD,2585.0,85.81,30.1247,28.0083,28.027,0.7996,2.6469,2334.7757,2403.3889,2472.0021,顯著高估,18.0529,10.4213,25.4434,0.77,1.09,20.404,1375.0,2590.0,99.5885,,,,no_market,,0
2026-10-07,AAPL,Apple Inc.,USD,333.63,8.72,38.2603,36.2182,36.0917,1.8048,1.1315,300.0848,315.8223,331.5598,顯著高估,34.8153,45.3302,33.1851,2.67,0.32,29.056,243.42,345.34,88.5106,0.281,30.0,2026-11-06,ok,71.0508,36
2026-10-07,ADBE,Adobe Inc.,USD,238.12,17.86,13.3326,13.6132,13.7987,1.4213,-0.1974,217.7475,243.1314,268.5154,均值~低估,8.6047,7.9144,8.5764,0.57,,9.487,190.12,363.7,27.653,0.4308,30.0,2026-11-06,ok,50.011,35
2026-10-07,AMD,"Advanced Micro Devices, Inc.",USD,649.42,3.92,165.6684,132.7195,130.9809,12.7985,2.5744,470.0904,520.2604,570.4305,顯著高估,41.3067,15.7661,105.1748,0.64,,106.932,188.22,658.52,98.0651,0.5588,30.0,2026-11-06,ok,17.7353,35
2026-10-07,AMZN,"Amazon.com, Inc.",USD,256.29,12.43,20.6187,20.2264,20.1078,0.9799,0.4003,239.2343,251.4146,263.5948,高估~均值,24.4869,5.01,17.1275,1.49,,16.815,196.0,287.2,66.1075,0.4189,30.0,2026-11-06,ok,68.5041,35
2026-10-07,APP,Applovin Corporation,USD,278.78,12.86,21.9261,31.4451,31.0389,7.6396,-1.246,306.1395,404.3844,502.6294,顯著低估,13.2874,29.5506,18.7457,0.58,,17.512,266.84,738.01,2.5341,0.7234,30.0,2026-11-06,ok,42.5182,35
2026-10-07,ASML,ASML Holding N.V. - New York Re,USD,1834.1,30.81,59.5294,56.941,56.7892,2.7876,0.9285,1668.4666,1754.3533,1840.2401,高估~均值,31.4978,1593.4225,61.3288,1.15,0.49,2941.917,935.41,1999.96,84.4197,0.4849,30.0,2026-11-06,ok,26.409,35
2026-10-07,AVGO,Broadcom Inc.,USD,375.81,7.83,47.9962,48.7504,48.1775,3.5539,-0.2122,353.8887,381.7157,409.5426,均值~低估,19.3778,17.9968,44.129,0.35,0.72,33.791,289.96,495.0,41.8699,0.3952,30.0,2026-11-06,ok,15.3563,36
2026-10-07,BE,Bloom Energy Corporation,USD,295.78,0.76,377.171,329.3064,334.1184,49.4747,0.9675,212.6721,250.2729,287.8736,高估~均值,59.8491,53.8271,118.077,0.65,,202.048,75.7,351.28,79.8607,0.8497,30.0,2026-11-06,ok,9.4403,35
2026-10-07,COHR,Coherent Corp.,USD,338.36,4.18,80.9474,77.3811,75.5,11.1479,0.3199,276.8548,323.453,370.0512,高估~均值,24.0902,6.0747,833.335,0.92,,47.235,108.19,440.0,69.368,0.7371,30.0,2026-11-06,ok,13.5776,35
2026-10-07,CRM,"Salesforce, Inc.",USD,224.99,10.93,20.5846,18.1641,17.479,3.149,0.7687,164.1148,198.5334,232.9521,高估~均值,14.0437,4.8248,11.7566,0.84,0.77,17.063,146.32,269.11,64.0687,0.4094,30.0,2026-11-06,ok,45.7886,35
2026-10-07,CRWD,"CrowdStrike Holdings, Inc.",USD,278.86,0.06,4544.5002,3409.6556,3315.5834,481.8742,2.3551,175.6669,204.5793,233.4918,顯著高估,173.6461,55.9623,141.591,6.97,,2573.815,85.68,286.9899,95.9615,0.5018,30.0,2026-11-06,ok,45.5353,35
2026-10-07,CRWV,"CoreWeave, Inc.",USD,91.72,-3.87,,,,,,,,,無法判讀,-50.7177,10.0592,6.09,,,24.881,60.55,153.2,33.6427,0.7283,30.0,2026-11-06,ok,8.7082,35
2026-10-07,DELL,Dell Technologies Inc.,USD,574.0,17.2,32.1099,26.558,25.4419,3.4623,1.6035,397.247,456.7979,516.3488,顯著高估,19.7135,-257.3991,14.8995,0.57,0.46,21.148,110.22,595.51,95.5676,0.5732,30.0,2026-11-06,ok,2.236,35
2026-10-07,GOOG,Alphabet Inc.,USD,344.59,19.93,17.2519,17.4756,17.3013,0.6652,-0.3363,335.032,348.2886,361.5452,均值~低估,22.8636,6.7705,10.2574,1.22,0.26,23.685,236.685,404.47,64.3115,0.3819,30.0,2026-11-06,ok,67.4941,35
2026-10-07,IGV,iShares Expanded Tech-Software ,USD,111.16,3.2158,34.5667,30.754,31.5363,2.2237,1.7146,91.7483,98.8992,106.0502,顯著高估,,0.2786,,,0.02,,73.93,117.76,84.9418,0.3514,30.0,2026-11-06,ok,56.9151,35
2026-10-07,INTC,Intel Corporation,USD,112.5,-2.12,,,,,,,,,無法判讀,54.0172,6.4808,39.8157,1.36,,36.964,32.89,142.35,72.7298,0.6752,30.0,2026-11-06,ok,25.0151,35
2026-10-07,ISRG,"Intuitive Surgical, Inc.",USD,404.76,8.72,46.4174,44.6758,45.6078,2.713,0.642,365.9152,389.5728,413.2303,高估~均值,33.4612,7.8842,38.58,1.82,,33.131,328.57,603.88,27.6743,0.5596,30.0,2026-11-06,ok,100.0,35
2026-10-07,LITE,Lumentum Holdings Inc.,USD,1133.4,-92.96,,,,,,,,,無法判讀,31.8676,21.624,135.3021,0.63,,120.964,147.81,1137.205,99.6154,0.7843,30.0,2026-11-06,ok,22.1328,35
2026-10-07,META,"Meta Platforms, Inc.",USD,738.88,26.54,27.954,23.2642,22.4721,2.183,2.1483,559.4951,617.433,675.3709,顯著高估,21.1678,7.2072,12.5043,0.96,0.28,17.437,520.26,779.82,84.2272,0.4511,30.0,2026-11-06,ok,67.8017,35
2026-10-07,MRVL,"Marvell Technology, Inc.",USD,287.01,3.04,94.4112,78.9092,77.6168,11.371,1.3633,205.3161,239.884,274.4519,顯著高估,42.524,13.5798,114.3874,0.91,0.09,83.925,70.69,329.88,83.46,0.6076,30.0,2026-11-06,ok,8.7803,35
2026-10-07,MSFT,Microsoft Corporation,USD,529.3,17.95,29.4875,25.0238,26.7827,3.0694,1.4542,394.0824,449.178,504.2736,顯著高估,22.355,8.8861,21.4849,1.71,0.75,20.345,349.2,553.72,88.0598,0.3452,30.0,2026-11-06,ok,42.0771,35
2026-10-07,MU,"Micron Technology, Inc.",USD,1045.56,73.04,14.3149,13.3995,13.3214,1.2143,0.7539,890.0061,978.6978,1067.3894,高估~均值,5.0674,11.7196,13.1681,0.16,0.06,10.694,179.61,1255.0,80.5243,0.4926,30.0,2026-11-06,ok,0.0,35
2026-10-07,NBIS,Nebius Group N.V.,USD,249.87,1.28,181.6953,175.7324,173.5195,21.8298,0.2732,196.9954,224.9375,252.8796,高估~均值,-71.5847,6.624,10.4741,0.53,,255.432,73.52,299.86,77.9138,0.7712,30.0,2026-11-06,ok,3.9241,35
2026-10-07,NFLX,"Netflix, Inc.",USD,68.69,3.18,21.6006,23.7987,23.7075,1.4696,-1.4957,71.0065,75.68,80.3535,顯著低估,18.0381,9.4863,23.8932,1.15,,19.596,65.08,124.86,6.0388,0.532,30.0,2026-11-06,ok,96.434,35
2026-10-07,NOW,"ServiceNow, Inc.",USD,137.97,1.6,85.05,74.4274,73.7625,9.8612,1.0772,103.3059,119.0838,134.8616,顯著高估,27.5636,11.3968,26.873,0.97,,49.871,81.24,192.966,50.776,0.6126,30.0,2026-11-06,ok,65.0503,35
2026-10-07,NVDA,NVIDIA Corporation,USD,239.24,7.91,30.2453,26.9906,26.8616,1.4501,2.2445,202.0255,213.4954,224.9654,顯著高估,15.1425,25.2283,42.9959,0.29,0.42,28.489,164.27,243.37,94.7788,0.3043,30.0,2026-11-06,ok,0.1089,36
2026-10-07,ORCL,Oracle Corporation,USD,144.77,6.48,22.3411,23.7055,22.4707,4.4058,-0.3097,125.0623,153.6118,182.1613,均值~低估,13.1643,11.102,9.3496,0.8,1.4,16.504,114.5,322.54,14.5501,0.5253,30.0,2026-11-06,ok,26.3251,35
2026-10-07,PANW,"Palo Alto Networks, Inc.",USD,419.91,0.4,1016.9,849.0608,853.9625,97.7041,1.7178,300.5427,339.6243,378.706,顯著高估,86.0635,12.448,75.4418,2.06,,212.965,139.57,432.325,95.7593,0.5103,30.0,2026-11-06,ok,49.0578,35
2026-10-07,PLTR,Palantir Technologies Inc.,USD,192.07,1.16,163.2759,132.0619,134.681,22.1655,1.4082,127.4798,153.1918,178.9038,顯著高估,81.9355,47.2148,129.9589,1.63,,167.523,106.37,207.52,84.7257,0.5828,30.0,2026-11-06,ok,51.6347,35
2026-10-07,QQQ,"Invesco QQQ Trust, Series 1",USD,759.66,24.5347,30.9627,29.2989,29.2404,0.7387,2.2525,700.7157,718.8386,736.9614,顯著高估,,2.1233,,,0.42,,555.6,762.86,98.456,0.2065,30.0,2026-11-06,ok,38.9322,35
2026-10-07,RKLB,Rocket Lab Corporation,USD,75.06,-0.27,,,,,,,,,無法判讀,1390.2574,12.8571,,,,-275.862,37.57,151.0,33.0512,0.6884,30.0,2026-11-06,ok,18.7567,36
2026-10-07,SNDK,Sandisk Corporation,USD,1660.46,73.76,23.1041,22.4804,22.2697,3.5033,0.178,1399.7516,1658.1532,1916.5547,高估~均值,6.2602,15.7224,20.8314,,,19.415,115.68,2354.39,69.0031,0.6398,30.0,2026-11-06,ok,0.0268,35
2026-10-07,SOXX,iShares PHLX SOX Semiconductor ,USD,589.45,13.6039,43.3295,40.6383,40.5373,2.864,0.9397,513.8775,552.8389,591.8002,高估~均值,,1.3899,,,0.22,,260.44,655.95,83.1863,0.4126,30.0,2026-11-06,ok,13.422,35
2026-10-07,SPCX,Space Exploration Technologies ,USD,171.92,-1.1,,,,,,,,,無法判讀,89.2845,17.8045,131.4823,,,754.662,104.83,225.64,55.5335,0.5055,30.0,2026-11-06,ok,10.1692,35
2026-10-07,SPOT,Spotify Technology S.A.,USD,488.13,17.59,27.4616,28.464,28.1677,1.5836,-0.633,472.8275,500.6823,528.5371,均值~低估,28.277,10.6701,30.0777,1.37,,34.584,405.0,700.12,28.1682,0.5171,30.0,2026-11-06,ok,67.434,35
2026-10-07,SPY,State Street SPDR S&P 500 ETF T,USD,779.09,30.9505,25.1722,24.4355,24.4827,0.434,1.6972,742.8579,756.2912,769.7245,顯著高估,,1.8151,,,0.99,,629.28,781.62,98.3392,0.147,30.0,2026-11-06,ok,23.5992,35
2026-10-07,TRV,"The Travelers Companies, Inc.",USD,360.64,37.23,9.6868,9.4396,9.7608,0.7824,0.316,322.3051,351.435,380.5649,高估~均值,11.8919,2.2713,6.8221,2.36,1.39,6.902,252.26,398.7,74.0098,0.279,44.0,2026-11-20,ok,58.8726,35
2026-10-07,TSLA,"Tesla, Inc.",USD,380.68,1.08,352.4815,342.0925,342.6667,30.0179,0.3461,337.0406,369.4599,401.8792,高估~均值,177.5717,17.3076,80.4663,4.53,,136.59,297.38,498.83,41.3502,0.4493,30.0,2026-11-06,ok,65.6273,35
2026-10-07,TSM,Taiwan Semiconductor Manufactur,USD,482.3,13.66,35.3075,31.4213,31.2628,1.459,2.6636,409.2854,429.2151,449.1448,顯著高估,21.9976,99.2942,0.9494,0.92,0.78,5.604,266.82,487.47,97.6569,0.3438,30.0,2026-11-06,ok,12.0906,35
2026-10-07,UBER,"Uber Technologies, Inc.",USD,69.08,4.56,15.2368,15.9221,15.8158,0.6836,-1.0025,69.4877,72.6048,75.7219,顯著低估,15.6079,5.1591,13.5361,5.81,,20.383,65.41,100.69,10.4025,0.4312,30.0,2026-11-06,ok,47.6879,35
2026-10-07,VRT,"Vertiv Holdings, LLC",USD,253.14,4.42,57.3801,63.9248,64.3529,6.8077,-0.9614,252.4572,282.5474,312.6377,均值~低估,27.5796,20.4822,29.0549,0.85,0.1,36.534,147.82,379.935,45.3741,0.6362,30.0,2026-11-06,ok,36.1534,35
2026-10-07,XLI,State Street Industrial Select ,USD,171.58,6.1593,27.857,28.8402,29.0194,0.9117,-1.0784,172.0203,177.636,183.2517,顯著低估,,1.744,,,1.13,,147.14,188.19,59.5371,0.2362,30.0,2026-11-06,ok,47.0145,35
2026-10-07,XLV,State Street Health Care Select,USD,167.09,5.5971,29.8528,29.1787,29.3803,1.3217,0.51,155.9188,163.3168,170.7147,高估~均值,,1.313,,,1.52,,141.05,176.6,73.2489,0.3145,30.0,2026-11-06,ok,92.815,34
2026-10-08,000660.KS,SK hynix,KRW,1730000.0,,,,,,,,,,無法判讀,3.6794,,9.692,0.19,0.08,8.069,395500.0,2987000.0,51.4953,,,,no_market,,0
2026-10-08,2330.TW,TAIWAN SEMICONDUCTOR MANUFACTUR,TWD,2585.0,85.48,30.241,28.1463,28.1645,0.831,2.5208,2334.9131,2405.9444,2476.9757,顯著高估,17.8904,10.4213,25.4434,0.77,1.08,20.404,1375.0,2590.0,99.5885,,,,no_market,,0
2026-10-08,AAPL,Apple Inc.,USD,336.67,8.72,38.2603,36.2182,36.0917,1.8048,1.1315,300.0848,315.8223,331.5598,顯著高估,35.1326,45.7432,33.4875,2.67,0.32,29.384,243.42,345.34,91.4933,0.3007,29.0,2026-11-06,ok,84.0146,37
2026-10-08,ADBE,Adobe Inc.,USD,232.77,17.91,13.2954,13.5752,13.7602,1.4173,-0.1974,217.7475,243.1314,268.5154,均值~低估,8.4114,7.7366,8.3837,0.58,,9.251,190.12,363.7,24.5708,0.4482,29.0,2026-11-06,ok,54.5754,36
2026-10-08,AMD,"Advanced Micro Devices, Inc.",USD,645.86,3.92,165.6684,132.7195,130.9809,12.7985,2.5744,470.0904,520.2604,570.4305,顯著高估,41.0803,15.6796,104.5982,0.66,,109.341,188.22,658.52,97.3081,0.5736,29.0,2026-11-06,ok,21.2057,36
2026-10-08,AMZN,"Amazon.com, Inc.",USD,259.92,12.43,20.6187,20.2264,20.1078,0.9799,0.4003,239.2343,251.4146,263.5948,高估~均值,24.8337,5.0809,17.3701,1.52,,17.359,196.0,287.2,70.0877,0.427,29.0,2026-11-06,ok,71.6178,36
2026-10-08,APP,Applovin Corporation,USD,281.29,13.01,21.4281,30.8083,30.5442,7.4471,-1.2596,303.9301,400.8166,497.7031,顯著低估,13.407,29.8166,18.9945,0.6,,17.47,266.84,738.01,3.0668,0.7052,29.0,2026-11-06,ok,39.3356,36
2026-10-08,ASML,ASML Holding N.V. - New York Re,USD,1804.96,30.81,59.5294,56.941,56.7892,2.7876,0.9285,1668.4666,1754.3533,1840.2401,高估~均值,30.9974,1567.8137,60.3544,1.14,0.49,2855.064,935.41,1999.96,81.6824,0.4713,29.0,2026-11-06,ok,21.2283,36
2026-10-08,AVGO,Broadcom Inc.,USD,376.51,8.12,46.282,47.0093,46.4569,3.427,-0.2122,353.8887,381.7157,409.5426,均值~低估,19.4139,18.0304,44.2112,0.37,0.69,35.07,289.96,495.0,42.2113,0.3989,29.0,2026-11-06,ok,16.5948,37
2026-10-08,BE,Bloom Energy Corporation,USD,291.29,0.76,389.1842,329.3908,334.1184,49.5712,1.2062,212.6629,250.337,288.0111,顯著高估,58.9405,53.01,116.2845,0.67,,205.314,75.7,351.28,78.2314,0.8239,29.0,2026-11-06,ok,7.0702,36
2026-10-08,COHR,Coherent Corp.,USD,334.56,4.12,82.1262,78.508,76.5995,11.3103,0.3199,276.8548,323.453,370.0512,高估~均值,23.8196,6.0065,823.9761,0.92,,47.361,108.19,440.0,68.2228,0.7659,29.0,2026-11-06,ok,19.6208,36
2026-10-08,CRM,"Salesforce, Inc.",USD,224.56,10.93,20.5846,18.1641,17.479,3.149,0.7687,164.1148,198.5334,232.9521,高估~均值,14.0169,4.8156,11.7342,0.8,0.78,16.729,146.32,269.11,63.7185,0.4132,29.0,2026-11-06,ok,46.8088,36
2026-10-08,CRWD,"CrowdStrike Holdings, Inc.",USD,265.44,0.05,5577.1997,4116.2778,4010.1001,593.6814,2.4608,176.1298,205.8139,235.498,顯著高估,165.2895,53.2691,134.777,7.2,,2504.538,85.68,286.99,89.2951,0.5223,29.0,2026-11-06,ok,50.425,36
2026-10-08,CRWV,"CoreWeave, Inc.",USD,88.45,-3.69,,,,,,,,,無法判讀,-48.7984,9.7006,5.8728,,,25.035,60.55,153.2,30.1133,0.707,29.0,2026-11-06,ok,4.8846,36
2026-10-08,DELL,Dell Technologies Inc.,USD,578.96,17.2,33.3721,26.724,25.4939,3.4263,1.9403,400.7209,459.6529,518.5848,顯著高估,19.8838,-259.6233,15.0282,0.58,0.44,22.104,110.22,595.51,96.5897,0.5784,29.0,2026-11-06,ok,3.6345,36
2026-10-08,GOOG,Alphabet Inc.,USD,347.37,19.93,17.29,17.4524,17.29,0.6339,-0.2562,335.194,347.8271,360.4602,均值~低估,23.0481,6.8251,10.3402,1.23,0.26,23.935,236.685,404.47,65.9684,0.3977,29.0,2026-11-06,ok,75.6205,36
2026-10-08,IGV,iShares Expanded Tech-Software ,USD,109.84,3.3389,33.2926,29.6205,30.3739,2.1417,1.7146,91.7483,98.8992,106.0502,顯著高估,,0.2753,,,0.02,,73.93,117.76,81.9302,0.3366,29.0,2026-11-06,ok,51.6059,36
2026-10-08,INTC,Intel Corporation,USD,113.12,-2.12,,,,,,,,,無法判讀,54.3149,6.5165,40.0351,1.36,,36.044,32.89,142.35,73.2962,0.6904,29.0,2026-11-06,ok,28.1215,36
2026-10-08,ISRG,"Intuitive Surgical, Inc.",USD,414.52,8.72,46.4174,44.6758,45.6078,2.713,0.642,365.9152,389.5728,413.2303,高估~均值,34.2257,8.0743,39.5103,1.88,,33.81,328.57,603.88,31.2194,0.5262,29.0,2026-11-06,ok,89.5032,36
2026-10-08,LITE,Lumentum Holdings Inc.,USD,1111.07,-92.96,,,,,,,,,無法判讀,31.2397,21.198,132.6364,0.63,,123.137,147.81,1137.205,97.3585,0.799,29.0,2026-11-06,ok,25.038,36
2026-10-08,META,"Meta Platforms, Inc.",USD,721.31,26.54,27.8402,23.3076,22.4721,2.2347,2.0283,559.2746,618.584,677.8934,顯著高估,20.6644,7.0358,12.207,0.98,0.28,16.959,520.26,779.82,77.458,0.4637,29.0,2026-11-06,ok,71.7385,36
2026-10-08,MRVL,"Marvell Technology, Inc.",USD,284.68,3.04,94.4112,78.9092,77.6168,11.371,1.3633,205.3161,239.884,274.4519,顯著高估,39.0895,13.6839,113.4588,0.96,0.08,88.057,70.69,329.88,82.5611,0.6096,29.0,2026-11-06,ok,9.1225,36
2026-10-08,MSFT,Microsoft Corporation,USD,529.76,17.95,29.4875,25.0238,26.7827,3.0694,1.4542,394.0824,449.178,504.2736,顯著高估,22.3742,8.8938,21.5036,1.72,0.74,20.52,349.2,553.72,88.2848,0.3568,29.0,2026-11-06,ok,47.4958,36
2026-10-08,MU,"Micron Technology, Inc.",USD,1088.0,74.33,14.0665,13.1669,13.0902,1.1932,0.7539,890.0061,978.6978,1067.3894,高估~均值,5.273,12.1953,13.7026,0.16,0.06,10.944,179.61,1255.0,84.4708,0.4917,29.0,2026-11-06,ok,0.0,36
2026-10-08,NBIS,Nebius Group N.V.,USD,237.15,1.28,195.2109,175.9367,173.5195,21.9259,0.8791,197.1338,225.1989,253.2641,高估~均值,-67.9406,6.2868,10.7525,0.58,,260.297,73.52,299.86,72.2939,0.7395,29.0,2026-11-06,ok,0.726,36
2026-10-08,NFLX,"Netflix, Inc.",USD,69.7,3.18,21.6006,23.7987,23.7075,1.4696,-1.4957,71.0065,75.68,80.3535,顯著低估,18.3079,9.6257,24.2445,1.17,,20.218,65.08,124.86,7.7283,0.4695,29.0,2026-11-06,ok,68.2685,36
2026-10-08,NOW,"ServiceNow, Inc.",USD,137.87,1.6,86.2313,74.6304,74.2188,9.9144,1.1701,103.5456,119.4087,135.2718,顯著高估,27.5436,11.3886,26.8535,0.99,,50.51,81.24,192.966,50.6865,0.6118,29.0,2026-11-06,ok,64.9044,36
2026-10-08,NVDA,NVIDIA Corporation,USD,237.47,7.91,30.2453,26.9906,26.8616,1.4501,2.2445,202.0255,213.4954,224.9654,顯著高估,14.9215,25.0417,42.6778,0.29,0.42,28.305,164.27,243.37,92.5411,0.3224,29.0,2026-11-06,ok,7.4988,37
2026-10-08,ORCL,Oracle Corporation,USD,143.56,6.38,22.6912,24.0771,22.8229,4.4748,-0.3097,125.0623,153.6118,182.1613,均值~低估,13.0542,7.0228,9.2715,0.81,1.38,16.598,114.5,322.54,13.9685,0.5352,29.0,2026-11-06,ok,28.5277,36
2026-10-08,PANW,"Palo Alto Networks, Inc.",USD,405.57,0.4,1049.775,853.5647,861.6,97.5075,2.0123,302.4229,341.4259,380.4289,顯著高估,83.1244,12.0229,72.8654,2.14,,212.341,139.57,432.33,90.8594,0.5228,29.0,2026-11-06,ok,51.3783,36
2026-10-08,PLTR,Palantir Technologies Inc.,USD,194.12,1.16,165.5776,132.5286,135.7629,22.4254,1.4737,127.7197,153.7332,179.7467,顯著高估,82.81,47.7188,131.346,1.66,,171.783,106.37,207.52,86.7523,0.5819,29.0,2026-11-06,ok,51.3838,36
2026-10-08,QQQ,"Invesco QQQ Trust, Series 1",USD,757.73,26.116,29.0879,27.5249,27.47,0.6939,2.2525,700.7157,718.8386,736.9614,顯著高估,,2.1179,,,0.42,,555.6,762.86,97.5248,0.2027,29.0,2026-11-06,ok,36.4485,36
2026-10-08,RKLB,Rocket Lab Corporation,USD,71.92,-0.27,,,,,,,,,無法判讀,1332.0985,12.3193,,,,-271.49,37.57,151.0,30.283,0.6497,29.0,2026-11-06,ok,12.0399,37
2026-10-08,SNDK,Sandisk Corporation,USD,1692.42,73.76,22.5117,22.4832,22.3005,3.5032,0.0081,1399.9666,1658.3623,1916.758,高估~均值,6.4232,16.025,21.2323,,,19.279,116.17,2354.39,70.4243,0.6691,29.0,2026-11-06,ok,2.8961,36
2026-10-08,SOXX,iShares PHLX SOX Semiconductor ,USD,582.82,17.0103,34.6525,32.5002,32.4194,2.2905,0.9397,513.8775,552.8389,591.8002,高估~均值,,1.3743,,,0.22,,260.44,655.95,81.5099,0.4101,29.0,2026-11-06,ok,12.6302,36
2026-10-08,SPCX,Space Exploration Technologies ,USD,167.6,-1.1,,,,,,,,,無法判讀,86.7033,17.3571,130.2928,,,739.059,104.83,225.64,51.9576,0.5171,29.0,2026-11-06,ok,11.7803,36
2026-10-08,SPOT,Spotify Technology S.A.,USD,512.92,17.4,28.0534,28.7566,28.4101,1.5996,-0.4396,472.5318,500.3648,528.1977,均值~低估,29.6164,11.0412,31.5997,1.38,,36.873,405.0,700.12,36.5682,0.5403,29.0,2026-11-06,ok,75.0784,36
2026-10-08,SPY,State Street SPDR S&P 500 ETF T,USD,777.22,31.4972,24.7353,24.0114,24.0577,0.4265,1.6972,742.8579,756.2912,769.7245,顯著高估,,1.8108,,,0.99,,629.28,781.62,97.1117,0.145,29.0,2026-11-06,ok,22.3469,36
2026-10-08,TRV,"The Travelers Companies, Inc.",USD,360.61,37.23,9.6868,9.4396,9.7608,0.7824,0.316,322.3051,351.435,380.5649,高估~均值,11.8533,2.2712,6.8215,2.36,1.39,6.901,252.26,398.7,73.9893,0.2985,43.0,2026-11-20,ok,69.8588,36
2026-10-08,TSLA,"Tesla, Inc.",USD,377.81,1.08,352.4815,342.0925,342.6667,30.0179,0.3461,337.0406,369.4599,401.8792,高估~均值,176.1565,17.1771,79.8597,4.55,,136.252,297.38,498.83,39.9255,0.4601,29.0,2026-11-06,ok,75.3049,36
2026-10-08,TSM,Taiwan Semiconductor Manufactur,USD,472.2,13.76,35.0509,31.193,31.0356,1.4484,2.6636,409.2854,429.2151,449.1448,顯著高估,21.537,97.2148,0.9295,0.92,0.78,5.425,266.82,487.47,93.0795,0.3552,29.0,2026-11-06,ok,16.6479,36
2026-10-08,UBER,"Uber Technologies, Inc.",USD,68.45,4.56,15.1491,15.9176,15.8158,0.6873,-1.1181,69.4501,72.5843,75.7186,顯著低估,15.4822,5.112,13.4126,5.89,,20.101,65.41,100.35,8.7006,0.4771,29.0,2026-11-06,ok,61.7584,36
2026-10-08,VRT,"Vertiv Holdings, LLC",USD,246.49,4.42,57.2715,63.7713,63.664,6.8003,-0.9558,251.8121,281.8692,311.9263,均值~低估,26.8551,19.9442,28.2916,0.85,0.1,35.51,147.82,379.935,42.5091,0.6232,29.0,2026-11-06,ok,32.315,36
2026-10-08,XLI,State Street Industrial Select ,USD,167.84,6.0865,28.1903,29.1853,29.3667,0.9227,-1.0784,172.0203,177.636,183.2517,顯著低估,,1.706,,,1.13,,147.14,188.19,50.4263,0.3062,29.0,2026-11-06,ok,73.8341,36
2026-10-08,XLV,State Street Health Care Select,USD,168.81,5.6081,29.7943,29.1214,29.3226,1.3191,0.51,155.9188,163.3168,170.7147,高估~均值,,,,,1.52,,141.05,176.6,78.0872,0.3467,29.0,2026-11-06,ok,100.0,35
2026-10-09,000660.KS,SK hynix,KRW,1681000.0,,,,,,,,,,無法判讀,3.5752,,9.4175,0.19,0.09,8.069,395500.0,2987000.0,49.6045,,,,no_market,,0
2026-10-09,2330.TW,TAIWAN SEMICONDUCTOR MANUFACTUR,TWD,2550.0,84.32,30.2419,28.5513,28.5519,0.8614,1.9627,2334.8124,2407.4444,2480.0765,顯著高估,17.6481,10.2802,25.0989,0.77,1.08,20.404,1375.0,2590.0,96.7078,,,,no_market,,0
2026-10-09,AAPL,Apple Inc.,USD,340.42,8.72,38.6089,36.2495,36.1273,1.8216,1.2952,300.2113,316.0958,331.9803,顯著高估,35.5067,46.2527,33.8605,2.67,0.32,29.384,243.42,345.34,95.1727,0.2925,28.0,2026-11-06,ok,78.6198,38
2026-10-09,ADBE,Adobe Inc.,USD,241.05,17.91,12.9967,13.5588,13.5754,1.4153,-0.3972,217.4889,242.8377,268.1864,均值~低估,8.7106,8.0118,8.6819,0.58,,9.251,190.12,363.7,29.3409,0.439,28.0,2026-11-06,ok,52.173,37
2026-10-09,AMD,"Advanced Micro Devices, Inc.",USD,620.68,3.92,164.7602,133.0873,130.9809,13.2358,2.393,469.8179,521.7022,573.5866,顯著高估,39.4787,15.0683,100.5203,0.66,,109.341,188.22,658.52,91.9541,0.581,28.0,2026-11-06,ok,22.9481,37
2026-10-09,AMZN,"Amazon.com, Inc.",USD,254.06,12.43,20.9107,20.2168,20.1078,0.9688,0.7162,239.2537,251.2954,263.3372,高估~均值,24.2738,4.9664,16.9784,1.52,,17.359,196.0,287.2,63.6623,0.4269,28.0,2026-11-06,ok,71.5944,37
2026-10-09,APP,Applovin Corporation,USD,280.12,13.01,21.6211,30.525,30.2798,7.3031,-1.2192,302.1168,397.1299,492.1429,顯著低估,13.482,29.6926,18.8358,0.6,,17.47,266.84,738.01,2.8185,0.768,28.0,2026-11-06,ok,50.3251,37
2026-10-09,ASML,ASML Holding N.V. - New York Re,USD,1769.79,30.81,58.5836,57.0104,56.8328,2.7494,0.5722,1671.781,1756.4889,1841.1968,高估~均值,30.289,1537.6608,59.1784,1.14,0.49,2855.064,935.41,1999.96,78.3787,0.4969,28.0,2026-11-06,ok,30.9646,37
2026-10-09,AVGO,Broadcom Inc.,USD,360.14,7.83,48.0856,48.6507,48.0983,3.4423,-0.1642,353.9818,380.935,407.8882,均值~低估,18.5698,17.2464,42.289,0.37,0.69,35.07,289.96,495.0,34.2275,0.406,28.0,2026-11-06,ok,18.9891,38
2026-10-09,BE,Bloom Energy Corporation,USD,272.82,0.76,383.2763,329.4827,334.1184,49.6644,1.0831,212.662,250.4069,288.1518,顯著高估,55.2033,49.6488,108.9112,0.67,,205.314,75.7,351.28,71.5291,0.8224,28.0,2026-11-06,ok,6.9301,37
2026-10-09,COHR,Coherent Corp.,USD,302.35,4.12,81.2039,78.4354,76.5995,11.2713,0.2456,276.7164,323.154,369.5916,高估~均值,21.5264,5.4282,744.6472,0.92,,47.361,108.19,440.0,58.5154,0.7947,28.0,2026-11-06,ok,25.6513,37
2026-10-09,CRM,"Salesforce, Inc.",USD,227.8,10.93,20.5453,18.1981,17.554,3.1581,0.7432,164.3872,198.9052,233.4232,高估~均值,14.2191,4.8851,11.9035,0.8,0.78,16.729,146.32,269.11,66.3572,0.4184,28.0,2026-11-06,ok,48.2076,37
2026-10-09,CRWD,"CrowdStrike Holdings, Inc.",USD,263.01,0.05,5308.8,4134.6533,4041.7,604.7347,1.9416,176.4959,206.7327,236.9694,顯著高估,163.7763,52.7815,133.5431,7.2,,2504.538,85.68,286.99,88.088,0.5166,28.0,2026-11-06,ok,49.0716,37
2026-10-09,CRWV,"CoreWeave, Inc.",USD,81.58,-3.69,,,,,,,,,無法判讀,-45.0082,8.9471,5.4167,,,25.035,60.55,153.2,22.6983,0.7141,28.0,2026-11-06,ok,6.1592,37
2026-10-09,DELL,Dell Technologies Inc.,USD,574.55,17.2,33.6605,26.8261,25.5904,3.4946,1.9557,401.3014,461.409,521.5166,顯著高估,19.7324,-257.6457,14.9138,0.58,0.44,22.104,110.22,595.51,95.6809,0.5893,28.0,2026-11-06,ok,6.5968,37
2026-10-09,GOOG,Alphabet Inc.,USD,344.86,19.93,17.4295,17.4362,17.29,0.6151,-0.0109,335.2446,347.5042,359.7639,均值~低估,22.6686,6.7758,10.2655,1.23,0.25,23.935,236.685,404.47,64.4724,0.3939,28.0,2026-11-06,ok,73.6639,37
2026-10-09,IGV,iShares Expanded Tech-Software ,USD,109.59,3.2158,34.1562,30.7823,31.5363,2.2507,1.499,91.7522,98.9901,106.228,顯著高估,,0.2747,,,0.02,,73.93,117.76,81.3598,0.4053,28.0,2026-11-06,ok,76.1067,37
2026-10-09,INTC,Intel Corporation,USD,107.08,-2.12,,,,,,,,,無法判讀,51.4148,6.1686,37.8974,1.36,,36.044,32.89,142.35,67.7782,0.6893,28.0,2026-11-06,ok,27.8978,37
2026-10-09,ISRG,"Intuitive Surgical, Inc.",USD,415.41,8.72,47.5367,44.6629,45.6078,2.6964,1.0658,365.9477,389.4603,412.9729,顯著高估,34.3417,8.0917,39.5951,1.88,,33.81,328.57,603.88,31.5426,0.5551,28.0,2026-11-06,ok,98.5923,37
2026-10-09,LITE,Lumentum Holdings Inc.,USD,1048.6,-92.96,,,,,,,,,無法判讀,29.4519,20.0061,126.4109,0.63,,123.137,147.81,1137.205,91.0445,0.7735,28.0,2026-11-06,ok,20.0171,37
2026-10-09,META,"Meta Platforms, Inc.",USD,720.89,26.54,27.1782,23.3448,22.4721,2.2711,1.6879,559.2962,619.5707,679.8451,顯著高估,20.8679,7.0317,12.1999,0.98,0.28,16.959,520.26,779.82,77.2962,0.4663,28.0,2026-11-06,ok,72.5719,37
2026-10-09,MRVL,"Marvell Technology, Inc.",USD,274.66,3.04,93.6447,79.2004,77.8191,11.4094,1.266,206.0847,240.7693,275.454,顯著高估,37.7137,12.9955,109.4654,0.96,0.08,88.057,70.69,329.88,78.6952,0.6162,28.0,2026-11-06,ok,10.2775,37
2026-10-09,MSFT,Microsoft Corporation,USD,522.61,17.95,29.5131,25.0731,26.8184,3.1057,1.4297,394.3149,450.0616,505.8082,顯著高估,22.0722,8.7738,21.2134,1.72,0.74,20.52,349.2,553.72,84.7888,0.3519,28.0,2026-11-06,ok,45.218,37
2026-10-09,MU,"Micron Technology, Inc.",USD,1035.84,74.33,14.6374,13.1844,13.1144,1.2032,1.2076,890.5659,979.9978,1069.4297,顯著高估,5.0202,11.6106,13.0457,0.16,0.06,10.944,179.61,1255.0,79.6204,0.5018,28.0,2026-11-06,ok,1.7155,37
2026-10-09,NBIS,Nebius Group N.V.,USD,219.71,1.28,185.2734,175.9893,173.5195,21.9428,0.4231,197.1796,225.2663,253.353,高估~均值,-62.9442,5.8245,9.2099,0.58,,260.297,73.52,299.86,64.5887,0.7383,28.0,2026-11-06,ok,0.603,37
2026-10-09,NFLX,"Netflix, Inc.",USD,71.57,3.18,21.9182,23.7417,23.6006,1.4414,-1.2651,70.9151,75.4987,80.0822,顯著低估,18.8015,9.884,24.8949,1.17,,20.218,65.08,124.86,10.8565,0.5596,28.0,2026-11-06,ok,100.0,37
2026-10-09,NOW,"ServiceNow, Inc.",USD,139.75,1.6,86.1687,74.7242,74.2188,9.9837,1.1463,103.5847,119.5587,135.5326,顯著高估,27.9192,11.5439,27.2197,0.99,,50.51,81.24,192.966,52.3692,0.6333,28.0,2026-11-06,ok,69.1842,37
2026-10-09,NVDA,NVIDIA Corporation,USD,230.48,7.91,30.0215,27.0276,26.8995,1.4844,2.0169,202.0463,213.788,225.5297,顯著高估,14.4823,24.3045,41.4216,0.29,0.42,28.305,164.27,243.37,83.7042,0.3345,28.0,2026-11-06,ok,12.4253,38
2026-10-09,ORCL,Oracle Corporation,USD,135.69,6.38,22.5016,23.9339,22.7484,4.312,-0.3322,125.1874,152.6982,180.2091,均值~低估,12.3366,10.4057,8.7632,0.81,1.39,16.598,114.5,322.54,10.1855,0.5507,28.0,2026-11-06,ok,31.9812,37
2026-10-09,PANW,"Palo Alto Networks, Inc.",USD,398.5,0.4,1013.925,857.0058,868.9875,97.6427,1.6071,303.7453,342.8023,381.8594,顯著高估,81.6754,11.8134,71.5952,2.14,,212.341,139.57,432.33,88.4445,0.5527,28.0,2026-11-06,ok,56.9249,37
2026-10-09,PLTR,Palantir Technologies Inc.,USD,198.78,1.16,167.3448,132.8886,137.5345,22.7228,1.5164,127.7924,154.1508,180.5092,顯著高估,84.798,48.8643,134.499,1.66,,171.783,106.37,207.52,91.3594,0.5872,28.0,2026-11-06,ok,52.9249,37
2026-10-09,QQQ,"Invesco QQQ Trust, Series 1",USD,747.58,24.5347,30.884,29.3077,29.2404,0.7528,2.094,700.5848,719.0543,737.5239,顯著高估,,2.0895,,,0.42,,555.6,762.86,92.6276,0.2113,28.0,2026-11-06,ok,42.1692,37
2026-10-09,RKLB,Rocket Lab Corporation,USD,68.4,-0.27,,,,,,,,,無法判讀,1266.9014,11.7163,,,,-271.49,37.57,151.0,27.1798,0.7214,28.0,2026-11-06,ok,24.4989,38
2026-10-09,SNDK,Sandisk Corporation,USD,1609.46,73.76,22.945,22.4828,22.3005,3.5031,0.1319,1399.9421,1658.3338,1916.7256,高估~均值,6.0679,15.2395,19.9307,,,19.279,116.17,2354.39,66.7177,0.6752,28.0,2026-11-06,ok,3.489,37
2026-10-09,SOXX,iShares PHLX SOX Semiconductor ,USD,563.28,13.6039,42.8422,40.6495,40.5373,2.8707,0.7638,513.939,552.9916,592.0441,高估~均值,,1.3282,,,0.22,,260.44,655.95,76.5695,0.4222,28.0,2026-11-06,ok,16.4816,37
2026-10-09,SPCX,Space Exploration Technologies ,USD,160.57,-1.1,,,,,,,,,無法判讀,83.39,16.629,122.8019,,,739.059,104.83,225.64,46.1386,0.5018,28.0,2026-11-06,ok,9.652,37
2026-10-09,SPOT,Spotify Technology S.A.,USD,526.42,17.4,29.4782,28.7663,28.4101,1.6013,0.4445,472.6714,500.5341,528.3969,高估~均值,30.5381,11.507,32.4371,1.38,,36.873,405.0,700.12,41.1426,0.5496,28.0,2026-11-06,ok,78.1462,37
2026-10-09,SPY,State Street SPDR S&P 500 ETF T,USD,773.93,30.9505,25.1117,24.443,24.4967,0.4398,1.5205,742.9084,756.5217,770.1349,顯著高估,,1.8031,,,0.99,,629.28,781.62,94.9521,0.1472,28.0,2026-11-06,ok,23.7534,37
2026-10-09,TRV,"The Travelers Companies, Inc.",USD,370.27,37.23,9.686,9.4601,9.7608,0.764,0.2957,323.7544,352.1986,380.6427,高估~均值,12.2095,2.332,7.0043,2.36,1.39,6.901,252.26,398.7,80.5859,0.2894,42.0,2026-11-20,ok,64.7526,37
2026-10-09,TSLA,"Tesla, Inc.",USD,375.0,1.08,349.8241,341.496,342.6667,29.3087,0.2842,337.1622,368.8157,400.4691,高估~均值,174.7706,17.0493,79.2657,4.55,,136.252,297.38,498.83,38.5307,0.4532,28.0,2026-11-06,ok,69.0914,37
2026-10-09,TSM,Taiwan Semiconductor Manufactur,USD,457.99,13.76,34.3169,31.2364,31.0763,1.4828,2.0775,409.4091,429.8123,450.2156,顯著高估,20.8888,94.2893,0.9016,0.92,0.78,5.425,266.82,487.47,86.6395,0.3661,28.0,2026-11-06,ok,21.0216,37
2026-10-09,UBER,"Uber Technologies, Inc.",USD,70.24,4.56,15.011,15.9129,15.8158,0.6921,-1.303,69.4065,72.5627,75.7189,顯著低估,15.9093,5.2457,13.7634,5.89,,20.101,65.41,100.35,13.8237,0.4541,28.0,2026-11-06,ok,54.7232,37
2026-10-09,VRT,"Vertiv Holdings, LLC",USD,243.73,4.42,55.767,63.5973,63.5192,6.8025,-1.1511,251.033,281.1001,311.1672,顯著低估,26.5544,19.7208,27.9748,0.85,0.1,35.51,147.82,379.935,41.32,0.6826,28.0,2026-11-06,ok,49.9138,37
2026-10-09,XLI,State Street Industrial Select ,USD,168.4,6.1593,27.2498,28.8306,29.0194,0.9239,-1.7111,171.8866,177.5772,183.2678,顯著低估,,1.7117,,,1.13,,147.14,188.19,51.7905,0.3225,28.0,2026-11-06,ok,80.106,37
2026-10-09,XLV,State Street Health Care Select,USD,168.16,5.5971,30.1601,29.2171,29.4625,1.2991,0.7259,156.2607,163.5317,170.8027,高估~均值,,1.3214,,,1.52,,141.05,176.6,76.2588,0.3239,28.0,2026-11-06,ok,90.0865,36
